Annual_Los,Longitude,Latitude,LnArea,Area,LnPerimeter,Perimeter,ShaIndex,Roundness,AreaRatio,Elevation,Lithology,Landform,SoilType,ClimateType,GlaCovered,Continent,Basin,Endorheic,Slope,Curvature,TWI,EleDiff,Permeability,Porosity,Sand,Silt,Clay,LnCatArea,CatArea,LnRecharge,Recharge,CatSlope,R-factor,K-factor,SoilErosion,Temp,Pre,Eva,Wind,Aridity,NDVI,Bare,Cropland,Grass,Tree,Lmp,NTL,Pop,RivOrder,RivSlope,RivRunoff,RivSediment,Flood
0.035549236,-100.629335,30.564251,-4.103062453,0.016522,-0.536088732,0.585032,1.28394,0.606611,35.409518,656,6,5,51,9,0,5,75,0,3.144131,-0.033796,101.292453,14,-1052,0,139,410,451,0.933469135,2.543317,5.03653888,153.9363,1.944767,1353.394737,0.031183,0.611097,18.756484,1.801081,-8.31622,2.395683,2614.627907,0.252,0,0,0.84,0,0,10.326683,22.009541,1,0.009822,0.026316,0,0
0.142662,112.280409,27.617206,1.294880033,3.650558,4.423839706,83.415964,12.315856,0.006593,22.850194,63,3,7,99,9,0,1,43,0,10.385262,0.050267,79,111,-1472.788168,17.194842,259.733656,445.914044,294.263923,7.370460464,1588.365,6.075580486,435.102,5.915983,4521.895614,0.032468,5.478096,17.325295,5.598163,-5.341959,0.781915,11721.95338,0.445479,0,0.819883807,0.134791667,0.080099306,0,1.737846,508.118634,6,0.027392,2.281774,2766.91528,28
0.174125,21.961009,41.350495,2.123981616,8.364375,3.955529349,52.223331,5.093812,0.03854,6.243543,255,8,1,7,9,0,2,21,0,14.875709,0.110869,109.431472,134,-1180,6,347.489837,433.878049,218.703252,8.511220993,4970.228,6.387239356,594.2139,13.834679,491.986496,0.028584,2.221263,9.940333,2.203741,-5.955946,0.20636,5040.161166,0.396037,0.002617095,0.463645323,0.1153698,0.173015503,0,3.155316,47.515014,3,0.018791,0.546801,0,33
0.109091,115.536285,28.52087,0.154551171,1.167134,3.049409761,21.102885,5.510315,0.032934,18.080937,44,9,9,1,9,0,1,43,0,5.064124,0.039826,110.013333,35,-1410,1,277.925926,472.828704,249.384259,1.529766586,4.617099,1.375215466,3.955929,1.114379,5275.470213,0.028493,0.996759,18.097384,5.488123,-5.976241,1.130347,11792.32843,0.394,0,0.887712418,0.028181818,0,0.134247,2.201676,318.828451,1,0.002551,0.550464,0,0
0.748275862,20.011916,-33.667492,-1.345601655,0.260383,1.466534049,4.334187,2.396052,0.174184,16.645422,455,3,1,44,6,0,3,12,0,14.193765,0.102749,96.821826,126,-1520,19,712.333333,129.375,157.645833,4.691603813,109.0279,6.037205066,418.7211,16.269259,525.087976,0.014508,0.082027,14.435526,1.257818,-6.16681,0.174919,1873.539566,0.227419,0.002909091,0.000578247,0.6503125,0.038882187,0,0.00352,7.744327,1,0.021028,0.090618,0,0
0.496486,78.821046,11.779334,0.565379148,1.760115,2.067232944,7.902925,1.680399,0.35414,4.490005,181,9,7,44,4,0,1,45,0,5.30747,0.067305,111,63,-1410,1,364.867925,326.811321,308.320755,5.709442095,301.7027,5.144063015,171.4108,13.21626,5165.766888,0.02195,10.325617,25.503091,3.263572,-9.898852,0.323867,5196.551209,0.519869,0,0.255297002,0.129952153,0.134371448,0,1.474018,309.090851,1,0.002662,0.615148,0,32
0.191167,117.728978,40.234246,0.842937367,2.323181,3.149549412,23.325552,4.317034,0.053657,10.04035,136,8,7,44,26,0,1,43,0,13.217484,0.037733,75.796669,120,-1410,1,506.748571,343.131429,149.857143,5.1651322,175.0606,4.322194886,75.35384,17.071551,1952.26694,0.030902,2.496494,9.296558,2.863331,-5.636011,0.555341,4109.760323,0.34728,0,0.167529922,0.421547278,0.228691652,0.049941,1.567358,80.41126,1,0.036881,0.279398,0,40
0.234210526,27.144783,-31.821823,2.606503736,13.551588,3.655146104,38.673171,2.963533,0.113862,2.853774,934,3,3,106,6,0,3,12,0,6.43539,0.038301,81.284748,129,-1425.241935,19.223026,479.883041,267.163743,252.824561,7.068304871,1174.156,4.46180096,86.64341,10.577265,1522.622086,0.017708,1.919662,13.922785,2.790506,-7.938885,0.804217,3198.141758,0.273202,0.001578584,0.160864778,0.074061489,0.035231305,0,0.05612,34.504274,3,0.180257,0.070844,0,0
0.466129,-64.733658,-30.770796,2.44052137,11.479024,3.719535761,41.245242,3.434128,0.084794,3.593097,530,1,6,48,15,0,6,64,1,4.61233,0.044587,99.244526,56,-1254.078347,7.896805,475.679181,332.976109,191.286689,7.445610295,1712.33,5.005089277,149.1704,7.19632,1796.054933,0.019509,3.689358,14.951205,3.142826,-7.145687,1.012044,3820.669819,0.341556,0.033010599,0.037138865,0.196377091,0.069896389,0,0.39971,30.727189,2,0.006081,0.069111,0,39
0.07583,114.154102,22.586218,1.369927654,3.935066,3.431339121,30.918018,4.396739,0.05173,7.857051,27,5,7,34,15,0,1,43,0,9.248149,0.099402,103.935065,77,-1271.27002,4.85996,487.564356,281.217822,231.188119,4.018800637,55.63434,2.648873281,14.1381,6.230802,9953.882513,0.029059,7.603427,21.849883,6.013638,-7.00941,1.480995,14675.2516,0.616,0,0.233803961,0.100257937,0.205452344,1.328571,54.614364,7620.399669,2,0.01568,4.158298,0,27
1.66,24.264803,44.950019,2.136072434,8.466121,3.850159517,47.00056,4.556757,0.04816,5.551605,189,3,15,8,10,0,2,22,0,3.87166,0.023096,92.171656,61,-1520,19,310.578313,302.060241,387.345382,7.199708965,1339.041,5.063636263,158.1646,12.604669,968.854383,0.028493,0.678888,8.594133,3.196572,-4.253633,0.363569,7694.491128,0.478316,0.001364184,0.262844765,0.142727273,0.43451514,0,3.080234,64.475006,4,0.006463,0.779451,34.357275,56
0.416071,77.14262,10.119848,0.783737603,2.189641,3.324778182,27.792833,5.298359,0.035622,12.692871,1594,8,1,3,2,0,1,45,0,14.424304,0.193436,87.20372,124,-1410,1,324.341772,338.742616,337.029536,4.16182469,64.18854,3.37808705,29.31464,22.704372,7281.804278,0.021635,0.153041,18.90419,7.234752,-14.193873,0.352473,14109.29194,0.636993,0,0.046193047,0.150583658,0.476248354,0.117225,1.638779,101.417756,1,0.040494,4.962999,0,27
0.28280885,-97.268812,31.33149,-2.280579013,0.102225,0.490220386,1.632676,1.440512,0.48191,15.971417,180,6,5,99,9,0,5,75,0,5.456404,0.02155,102.688525,29,-1492.606635,17.952607,173.521739,385.173913,441.304348,2.557383113,12.90201,4.837963033,126.212,2.67311,2795.870561,0.030078,7.950702,19.419596,2.999156,-7.321414,1.283983,4708.662308,0.359149,0,0.073024446,0.627142857,0,0,7.505286,44.968561,1,0.001909,0.325154,0,0
0.067567568,-4.653043,34.124541,4.001300608,54.669207,4.960119375,142.610819,5.440968,0.033779,2.608613,202,9,7,12,12,0,3,15,0,9.688317,0.04037,112.610956,121,-1455.433139,7.723512,269.744059,407.605119,322.749543,8.154960259,3480.601,4.153659621,63.66657,11.734792,610.974695,0.028844,11.904206,16.172841,1.957865,-10.681948,0.400627,2817.284221,0.210026,0.0535514,0.688345114,0.114589504,0.027370938,0,1.845764,131.152896,2,0.018847,0.326311,0,41
2.576923077,25.425674,45.092437,-0.022057488,0.978184,2.492585508,12.092501,3.449062,0.084062,12.362197,411,6,5,8,10,0,2,22,0,2.93872,0.016553,74.554681,44,-1520,19,319.559524,338.119048,342.654762,5.944643081,381.7031,5.966700688,390.2161,18.398974,944.110094,0.027659,0.246331,6.952707,3.235328,-7.096991,0.529654,8055.715505,0.523571,0.001706503,0.103013762,0.1626875,0.428090171,0.064976,3.066242,63.562555,1,0.028665,1.169625,0,47
2.094805,-95.899112,39.907458,-0.735088551,0.479463,1.723137243,5.602076,2.282268,0.191985,11.684071,370,1,5,43,9,0,5,74,0,5.101924,0.003315,104.254586,27,-1358.688666,10.573888,90.916667,524.616667,384.466667,2.414556608,11.18481,3.149645782,23.3278,1.707892,2602.058978,0.038807,18.754246,11.700732,3.119813,-6.586157,0.656669,6020.957597,0.307911,0,0.718421673,0.317323944,0.00254417,0,0.636339,3.033247,1,0.011227,0.386909,0,0
0.029776675,-80.067279,36.813381,2.361629549,10.608224,5.093022083,162.88136,14.107339,0.005025,15.354253,297,3,5,4,9,0,5,73,0,15.276467,0.22484,91.28908,137,-1480.405673,8.33103,383.303867,420.110497,196.673244,6.199352319,492.43,3.837723076,46.41966,8.979371,2109.571685,0.024612,0.176298,12.631737,3.915489,-21.39842,0.875207,9481.03467,0.562425,0,0.023394652,0.10026658,0.845970439,0,2.300527,11.754076,3,0.02512,1.344345,0,40
0.278431,-98.013186,47.155683,3.055459081,21.23093,4.69589001,109.496218,6.703625,0.022253,5.157392,383,1,5,17,19,1,5,71,0,6.929043,0.135489,99.575,37,-1270.303914,6.419939,408.452778,360.738889,230.744444,8.106843774,3317.092,5.051384966,156.2387,0.897548,751.363087,0.027676,1.566817,4.448821,2.06255,-4.594588,0.714919,4398.12243,0.307075,7.78E-05,0.717425012,0.082756145,0.008988062,0,0.513945,0.807812,4,0.008662,0.088957,0,29
0.31,74.575318,16.121349,4.314776293,74.796889,5.175006543,176.797771,5.766736,0.03007,2.363705,647,2,7,98,4,0,1,45,0,4.911605,0.015309,118.025132,119,-1475.185962,17.340221,410.752187,275.527697,313.682216,7.055992509,1159.788,2.741216082,15.50583,4.539891,5001.476699,0.026326,10.915646,23.305676,6.010025,-8.256878,1.054821,13223.19726,0.435038,0,0.666741982,0.12473227,0.024269326,0.017632,3.498302,302.682851,3,0.013268,3.95522,371.77927,35
1.453385,115.530957,25.620312,0.636349819,1.889571,3.41834944,30.519,6.263019,0.025494,16.151284,172,3,3,4,9,0,1,43,0,10.471661,0.033704,79.926554,102,-1489.480652,19.904277,375.943894,318.465347,305.514851,5.978584454,394.881,5.342234725,208.9792,12.237991,5261.789331,0.026326,2.098456,18.565031,5.618928,-13.417391,0.15759,12545.79242,0.568993,0,0.334432767,0.185252101,0.36584232,0.005704,0.113002,121.888069,3,0.001419,2.515537,77.331423,38
0.038636,116.048089,31.538406,4.22535743,68.398947,6.124086191,456.727161,15.578556,0.00412,6.6774,116,1,7,34,9,0,1,43,0,16.941658,0.026351,78.053427,185,-1395.55378,1.722311,313.453627,430.159148,256.390473,6.382292892,591.2819,2.156935427,8.644605,13.579624,4326.222813,0.027252,26.016182,14.485068,4.844518,-4.797177,0.266927,10347.44661,0.520849,0,0.12207396,0.244790374,0.410176297,0.132712,0.236568,148.137755,3,0.038961,1.626919,0,38
0.392963,-102.520022,45.717079,-2.947666181,0.052462,0.379868287,1.462092,1.800728,0.308393,27.869636,794,3,5,82,6,0,5,74,0,2.848515,0.027286,95.815029,14,-1520,19,301.526316,417.473684,281,2.462013251,11.7284,5.409682966,223.5607,1.826687,643.337442,0.034394,0.229819,7.085326,1.664937,-5.310279,0.768037,2989.529652,0.218847,0,0.175976483,1,0,0,0,0,1,0.003079,0.042794,0,0
0.239056,105.193117,30.072644,1.284944404,3.614467,4.069462523,58.525498,8.683965,0.013261,16.192014,432,3,9,6,15,0,1,43,0,7.847361,0.042134,69.362716,59,-1520,19,164.171913,474.842615,361.077482,3.521355077,33.83024,2.236410675,9.359676,2.036028,4048.117376,0.032264,15.875383,17.132408,4.126213,-4.479737,0.895396,10968.30536,0.473947,0,0.715134007,0.270755467,0.00405536,0,0.830962,212.335912,1,0.00623,0.939452,0,34
0.439684211,24.519607,-32.211968,2.260834542,9.59109,3.360416879,28.801195,2.623443,0.145297,3.002912,777,2,11,109,7,0,3,12,0,3.156233,0.005287,63.474359,77,-1397.038517,19.227471,585.169725,223.178899,191.385321,7.942710791,2814.981,5.681876276,293.4996,9.631003,628.678963,0.015341,2.283856,14.625928,1.683182,-7.079403,0.68749,1931.693349,0.182854,0.0030634,0.008895867,0.519288418,0.004067051,0,0.132598,2.105542,4,0.065964,0.03664,0,0
0.64,24.318729,44.596485,3.166995074,23.736052,4.17004603,64.718431,3.747303,0.071214,2.726588,130,3,6,46,9,0,2,22,0,5.236794,0.038804,105.943712,70,-1520,19,248.773585,358.566038,392.720755,6.245421453,515.6465,3.078426386,21.72419,5.310531,843.887603,0.032471,0.203828,10.726218,2.654367,-4.559872,0.366301,5879.300486,0.399703,0,0.526125433,0.044082057,0.256982005,0,3.11522,75.655549,4,0.013186,0.192007,8.589319,42
1.911,68.794841,23.615465,0.820885828,2.272512,3.00854568,20.257917,3.790851,0.069587,8.914327,53,3,7,108,5,0,1,45,0,2.723606,-0.001441,74.513198,31,-1250,9,494.421622,290.702703,214.810811,5.019242149,151.2966,4.198356319,66.57681,1.671226,2272.552949,0.026699,3.174027,26.014614,1.05608,-8.446209,3.092776,1989.495579,0.166939,0,0.274520961,0.473263158,0.081816811,0,0.23698,28.037031,1,0.002386,0.18,0,0
0.751837,7.428604,44.340543,-1.254631213,0.285181,2.272968932,9.708181,5.128292,0.038024,34.042184,635,8,1,7,10,0,2,21,0,12.884918,0.110193,112.486206,86,-1122.349345,0.196507,374.010526,383.073684,242.505263,6.192022964,488.834,7.446654525,1714.119,36.127572,945.12702,0.027182,0.956313,3.313608,4.20258,-4.771153,0.401361,10767.70284,0.306574,0.087208264,0.015948398,0.359787234,0.18334833,0.013901,3.057267,9.514119,2,0.009882,2.591316,0,33
0.372222222,26.038778,-32.087881,2.15914523,8.663729,3.58262237,35.967738,3.447115,0.084157,4.151531,1012,3,7,109,6,0,3,12,0,5.496039,0.020836,73.350582,102,-1444.114142,20.034807,557.233333,217.838095,224.87619,8.059337239,3163.193,5.900192105,365.1076,8.074277,925.608782,0.016722,1.30963,14.918432,1.699834,-7.854455,0.589798,2811.054801,0.215433,0.000520911,0.011301638,0.29101425,0.009158302,0.011873,0.067459,2.439086,4,0.004004,0.044484,0,34
0.472424,80.074211,18.146904,2.608715641,13.581596,4.144554004,63.089478,4.829216,0.042879,4.645218,181,3,7,56,4,0,1,45,0,4.963742,-0.025184,98.890168,75,-1474.292219,20.354305,408.014164,324.949008,267.130312,5.606839028,272.2822,2.998122914,20.04787,3.561588,5018.287,0.02727,4.285757,27.149822,3.929549,-10.443746,0.863608,4341.023382,0.42163,0,0.291998861,0.135548272,0.107533799,0,0.742704,132.222921,2,0.003956,0.519185,0,37
1.423,-94.771829,34.918839,3.653058138,38.592507,5.584225118,266.193934,12.087646,0.006844,6.897555,144,3,7,1,9,0,5,74,0,4.244495,0.012704,104.813953,48,-1096.78407,3.186109,316.803539,496.027456,187.201342,7.360462051,1572.563,3.707403814,40.74788,6.459755,3200.984335,0.026911,2.096051,15.88018,3.630687,-24.194937,0.664674,8331.81987,0.565823,0.000428436,0.003014587,0.204749817,0.110581147,0,1.291647,8.705434,4,0.007997,1.158885,0,40
0.719063,73.655831,20.0298,3.084261881,21.851332,4.333644887,76.2216,4.599749,0.047264,3.48819,607,2,7,98,4,0,1,45,0,4.613685,0.014228,121.608696,84,-1250,9,265.788909,285.277281,448.923077,5.240819601,188.8248,2.156557779,8.641341,3.910019,4461.921078,0.026763,61.56525,23.370943,4.290526,-8.872056,0.997972,9299.272976,0.315191,0,0.700977569,0.097513772,4.10E-05,0,4.251531,900.863001,4,0.03307,2.738536,47.257828,29
0.509375,28.271181,-28.082678,-1.126879056,0.324043,1.36363251,3.910372,1.937812,0.266303,12.067441,1624,3,5,106,16,0,3,12,0,3.333785,0.03255,104.653274,25,-1436.227679,15.897321,550.122449,164.714286,285.306122,3.996970771,54.43301,5.123849092,167.9807,2.347433,1438.584581,0.023525,7.250006,14.344447,2.774377,-12.868489,0.222245,4148.353972,0.252945,0,0.775046612,0.166904762,0.051085293,0.023089,0.087538,4.373414,1,0.005121,0.12185,0,0
0.21486403,-97.870281,32.916227,-2.17055733,0.114114,0.847473416,2.333743,1.948849,0.263296,20.450932,346,1,5,56,9,0,5,75,0,4.111671,-0.00689,101.296296,21,-1090,28,389.107143,340.464286,270.535714,2.375153166,10.75266,4.545707826,94.2271,2.245979,2564.810976,0.033978,2.086511,18.338903,2.735561,-10.701067,1.258818,4401.335791,0.364517,0,0.026313673,0.830625,0.021132708,0,4.626708,9.421241,1,0.011397,0.253006,0,0
0.5073,17.780401,49.124315,-1.269888273,0.280863,1.371857144,3.942666,2.098638,0.227052,14.03767,274,3,5,7,10,0,2,22,0,10.735238,0.065558,76.418002,57,-1520,19,293.45,452.675,253.875,3.823843383,45.77982,5.093730569,162.9968,9.494295,673.835862,0.027436,0.12011,8.216686,2.655428,-4.285806,0.090661,8023.717458,0.51264,0,0.161727395,0.394705882,0.389175561,0.048474,7.966277,75.272575,1,0.005156,0.756577,0,0
0.236571,-41.727443,-9.725023,8.213213553,3689.379452,8.458653866,4715.70575,21.901058,0.002085,1.278184,385,11,16,57,5,0,6,63,0,2.205101,0.003723,110.728571,105,-1216.437301,7.897013,580.465302,192.829747,226.714354,12.85789562,383807.2,4.644682203,104.0303,3.003823,4217.350224,0.019489,4.417197,24.25663,3.243031,-10.781361,1.523821,3315.473218,0.331067,0,0,0,0,0,0.493816,18.715001,5,0.026113,0.615289,15527.77154,49
0.313636,-95.737659,32.680687,-1.554613609,0.211271,1.27946026,3.594699,2.206165,0.205458,17.014661,130,1,9,4,9,0,5,75,0,4.178629,0.041205,104.65,18,-1650,12,487.5,312.125,200.75,1.733287134,5.659226,3.287902136,26.78661,1.329502,3224.92645,0.028093,2.041633,18.53436,3.478331,-8.813407,0.919297,6423.217114,0.483807,0,0.081736909,0.5328125,0.018952746,0,15.103796,64.088776,1,0.003889,0.632856,0,0
0.267647,-99.781671,44.185757,5.507000082,246.410805,6.212327602,498.861051,8.964886,0.012443,2.02451,429,1,5,51,18,0,5,74,0,4.852761,0.040639,117.597766,69,-1286.613426,16.453825,183.764055,427.858177,388.414821,9.310078914,11048.82,3.803078742,44.83902,2.145905,792.3214,0.032492,1.52235,8.784378,1.863903,-5.74809,0.334579,3124.289468,0.2229,0.003097593,0.177015941,0.056266213,0.000521971,0.003363,0.773337,2.269499,8,0.04986,0.052962,1082.549622,41
0.404418355,-122.481218,40.630306,-1.456236254,0.233112,1.579299478,4.851556,2.834612,0.124455,20.81211,232,5,3,4,12,0,5,77,0,16.862055,0.205373,106.807149,75,-1410,1,570.566038,250.528302,178.811321,3.637837181,38.00954,5.094072848,163.0526,21.140826,2242.951913,0.023639,1.668384,14.503683,4.895891,-29.798782,0.386573,7256.593969,0.432351,0.003802281,0.011822854,0.781111111,0.047053281,0.015081,2.70632,0.53745,1,0.065402,1.990663,0,31
0.489773,19.649173,42.053466,2.760546758,15.808484,4.236382579,69.157228,4.906678,0.041536,4.374691,70,5,3,46,12,0,2,21,0,11.923391,0.112067,66.268334,118,-1279.816531,4.98691,332.376068,421.769231,245.957265,5.837080673,342.7772,3.076534078,21.68312,20.689618,2947.035895,0.027369,15.311919,12.641202,5.953112,-4.506679,0.660065,11437.51228,0.362288,0.012961816,0.159846185,0.06070593,0.160578618,0.18878,0.453865,43.312989,4,0.025077,4.168472,20.981898,27
1.281579,-98.900632,39.968778,-3.225850089,0.039722,0.327910691,1.388065,1.964659,0.259075,34.944152,597,1,9,53,9,0,5,74,0,2.737224,-0.003211,109.242525,12,-1194,0,253,421,326,2.276591775,9.743416,5.502432623,245.2879,1.619176,1579.661695,0.031111,4.815468,11.468967,2.394081,-6.768134,0.369517,4057.815665,0.27866,0,0.027359892,1,0,0,0,0.165377,1,0.020534,0.073891,0,0
0.625,-96.086162,32.346402,-2.284931833,0.101781,0.621660846,1.862018,1.646443,0.368898,18.294445,111,1,5,56,9,0,5,75,0,3.4178,0.037848,108.013333,13,-1645.057851,11.900826,417.090909,380.636364,201.818182,0.294091737,1.341907,2.579028245,13.18432,0.718919,3232.859649,0.033615,0.078069,18.89477,3.358695,-6.859874,1.057028,6012.410811,0.375897,0,0.037837838,0.861333333,0,0,17.600319,37.424522,1,0.005848,0.27487,0,0
0.033469,110.577141,26.891702,0.268703361,1.308267,2.495345475,12.125922,2.990623,0.111809,9.268693,354,6,7,1,9,0,1,43,0,8.632113,0.056511,97.231884,61,-1180,6,250.484211,478.915789,270.557895,2.430621164,11.36594,2.161917786,8.687783,15.262129,5295.851824,0.026301,1.492522,16.481718,5.903892,-4.092516,0.682596,12674.40768,0.564553,0,0.50791779,0.192994012,0.06319407,0,0,605.371462,2,0.097569,1.985821,0,0
1.789916,-76.340822,39.478906,-2.551905796,0.077933,0.775396989,2.171454,2.194245,0.207697,27.86311,36,8,5,4,9,0,5,73,0,8.687978,-0.011108,99.796117,38,-1410,1,298.56,461.84,239.6,4.760264421,116.7768,7.31217117,1498.427,2.823403,2530.841523,0.025618,1.629571,12.253466,3.665804,-22.659223,0.694351,8706.35104,0.503436,0,0.228578151,0.292307692,0.325673224,0,39.986542,331.241402,1,0.007375,1.457935,0,36
0.641144424,-94.082695,38.82055,-2.472697486,0.084357,0.650182789,1.915891,1.860823,0.288795,22.711663,264,6,5,43,9,0,5,74,0,4.861771,0.010593,96.34375,22,-1413,0,56.458333,618.791667,324.75,1.723631581,5.604846,4.19632728,66.44186,2.72673,2796.102781,0.031931,0.051793,13.023543,3.367429,-15.721722,0.600262,7331.147971,0.455733,0,0.012279236,0.989090909,0.163090692,0.882353,7.294227,43.632841,2,0.018647,0.866526,0,0
0.793299,15.761067,50.457471,-2.015438164,0.133262,1.33965391,3.817722,2.950161,0.114897,28.648179,322,1,1,7,10,0,2,23,0,8.732694,0.145493,82.771785,48,-1500.364747,14.191972,246.772727,524.75,228.477273,5.657625441,286.4676,7.673061248,2149.652,7.391791,605.922275,0.027607,0.325532,7.394036,2.73483,-3.696143,0.359789,7617.31517,0.442003,0,0.289914865,0.127826087,0.010198648,0.26979,10.666793,69.908456,3,0.005253,0.931125,0,32
0.04916,114.280057,36.409886,2.829544091,16.937737,3.904238988,49.61231,3.40061,0.086474,2.929099,105,1,11,6,6,0,1,43,0,2.638059,0.003978,74.455109,55,-1372.205776,7.942238,283.639098,490.684211,225.759398,5.783792566,324.9894,2.954248081,19.18729,4.564755,1671.332526,0.030024,33.367137,13.268025,2.196749,-5.736435,0.316629,3906.389489,0.215038,0,0.647254219,0.129433347,0.002091002,0.011957,19.794042,1335.768049,2,0.034479,0.172424,0,29
0.163659,75.490457,24.421028,6.537080883,690.268659,7.099150954,1210.938496,13.001938,0.005915,1.7543,386,2,16,105,15,0,1,45,0,3.266418,-0.004463,100.777778,106,-1328.917458,11.746714,301.652417,355.001026,343.311902,9.246891178,10372.27,2.709809985,15.02642,0.923433,3131.629369,0.029353,11.824693,25.268884,2.982511,-10.593016,1.246739,3850.902132,0.286484,8.33E-06,0.89502792,0.106781692,0.000268168,0,5.188842,319.569461,5,0.173562,0.409051,3584.568885,36
1.483333,-94.927906,38.677807,2.910864452,18.372674,4.267214159,71.322665,4.693928,0.045387,3.881997,276,5,5,43,9,0,5,74,0,4.950603,0.02474,98.568528,38,-1390.396798,4.400623,71.05848,561.421053,367.44152,5.853374494,348.4081,2.942510278,18.96339,1.406982,2606.56046,0.034952,1.808113,12.989065,3.235658,-7.183421,0.613036,6842.031067,0.398696,0,0.280887402,0.118839941,0.06034854,0,11.924367,51.763725,3,0.010201,0.660391,0,41
0.05529,100.765313,25.542913,0.838268648,2.31236,2.91976922,18.537009,3.438801,0.084564,8.01649,2001,5,7,44,16,0,1,43,0,9.203425,0.081537,75.233216,88,-1511.923288,19.110137,207.742857,440.6,351.657143,3.27664423,26.48674,2.438375682,11.45442,8.018719,2643.647878,0.022797,6.496561,14.517209,3.241912,-9.919433,1.607066,5895.687043,0.384537,0,0.45904358,0.176938776,0.008718924,0,0.176787,285.972338,3,0.071804,1.657841,0,0
0.478307,115.773176,25.216356,0.518021471,1.678703,3.523745196,33.911195,7.383311,0.018344,20.200825,230,3,1,4,9,0,1,43,0,15.602575,0.039976,121.862434,231,-1520,19,340.136905,354.821429,304.916667,5.676242713,291.8508,5.158220468,173.8548,9.843287,5137.841856,0.024634,14.976293,18.163819,5.618116,-14.460772,0.120768,12568.1544,0.551019,0,0.345252536,0.297314815,0.344620464,0,0.097836,97.927277,3,0.002788,2.557311,0,36
0.017391304,30.396856,-22.644228,-0.756001787,0.46954,1.969221041,7.165093,2.949719,0.114931,15.259817,571,3,11,78,15,0,3,12,0,9.965583,0.114887,101.646346,71,-1448.928087,16.367707,604.36,161.693333,233.546667,4.687341703,108.5642,5.443343689,231.214,10.184007,3411.629765,0.019705,6.39651,20.016844,1.864973,-9.49107,1.562497,5542.229607,0.395484,0.005658852,0.008350358,0.246909091,0.127763753,0.026829,0.143331,19.674289,1,0.062975,0.331211,0,44
0.076923,22.008495,37.758378,0.595730033,1.814355,2.710972328,15.043896,3.150607,0.100742,8.291594,415,6,1,44,13,0,2,21,0,7.665242,-0.020205,109.398844,77,-1180,6,398.606061,369.939394,231.686869,6.671186385,789.3315,6.07545637,435.048,21.273255,993.821682,0.024478,7.190323,12.527814,3.03262,-7.119043,0.192368,6131.022121,0.424324,0.015414914,0.197726281,0.158382353,0.03546889,0,1.257765,8.775596,1,0.009564,1.282648,0,35
0.2552,114.1541,37.039306,2.447583735,11.56038,4.288699084,72.871607,6.045989,0.027357,6.303565,234,8,3,44,6,0,1,43,0,12.342996,0.039797,82.088102,326,-1412.18942,3.139995,351.753769,421.978224,226.21608,6.56806485,711.9907,4.120481172,61.58887,14.485526,1572.253586,0.027624,5.51972,10.860807,2.773756,-5.030007,0.599931,4107.060293,0.303239,0,0.453822709,0.211281748,0.137877202,0.534338,0.616271,107.121961,2,0.006909,0.230395,0,33
4.1135,67.126837,25.280366,2.628735528,13.856238,3.760607801,42.974538,3.256744,0.094283,3.101458,83,5,11,44,7,0,1,45,0,3.937181,0.050574,103.914408,29,-1256.989644,4.113505,480.423077,321.047009,198.504274,9.032141266,8367.758,6.403405641,603.8982,9.84085,1063.777526,0.028129,19.365575,24.296663,0.630491,-7.165852,1.266955,1269.556428,0.099449,0.122581942,0.045106062,0.050596765,0.014469664,0,0.015889,47.171205,2,0.007388,0.20579,0,25
0.100749726,-93.986242,35.357043,-2.132952029,0.118487,1.10796277,3.028183,2.481662,0.162373,25.557181,132,3,13,1,9,0,5,74,0,2.415341,-0.007279,107.427632,12,-1052,0,177.710526,652.447368,169.842105,2.702887564,14.92276,4.835842922,125.9447,0.716565,3009.585782,0.030546,0.863684,16.089852,3.655454,-16.778177,0.475043,7902.764899,0.457434,0,0.03529329,1,0.007808541,0.073333,0.706392,3.239817,1,0.001517,1.146207,0,0
0.267,-81.096419,41.516973,0.381729637,1.464816,2.658264261,14.271496,3.326389,0.090376,9.742858,345,3,5,60,19,1,5,72,0,5.54526,0.076114,89.245098,35,-1210.008855,0,240.292035,505.238938,254.566372,3.853070984,47.1376,3.471341413,32.17988,1.917939,1864.964444,0.029952,5.916167,9.198142,4.101287,-18.225762,0.826919,10541.23678,0.448074,0,0.057878953,0.135066667,0.503876772,0,10.101636,49.577073,1,0.002565,2.015307,0,0
0.635,22.172179,44.604221,4.777743449,118.835888,5.324799918,205.367266,5.314378,0.035407,1.728159,59,3,1,8,10,0,2,22,0,19.532638,0.061706,108.318182,320,-1331.93186,8.112731,301.010957,387.931337,311.034332,11.93932654,153173.5,7.161583212,1288.95,5.395576,856.477177,0.029276,1.297271,10.487967,2.621278,-6.416633,0.341365,7023.278464,0.4397,0.00038625,0.555774344,0.071492145,0.256463138,0,6.260195,114.645076,7,0.15998,0.629646,4593.056894,49
1.243151,-97.436488,35.812586,-0.197965691,0.820398,2.237747007,9.372192,2.918933,0.117369,11.423964,298,3,5,53,9,0,5,74,0,4.482955,-0.007935,107.072388,29,-1250,27,414.609756,361.573171,223.817073,3.429759571,30.86922,3.627725864,37.62715,2.066561,2562.520721,0.031754,1.046034,16.204705,2.71466,-9.424431,1.113222,5213.454874,0.387898,0,0.025338448,0.311680672,0.208262635,0.005548,17.332947,66.279818,2,0.005898,0.392897,0,0
1.06383,115.186908,24.767177,0.347769609,1.415906,3.261364117,26.085096,6.184012,0.026149,18.422903,207,8,7,44,9,0,1,43,0,11.796434,0.058456,96.473913,81,-1419.663313,2.581269,408.652174,312.518116,279.123188,4.19339637,66.24741,3.84562676,46.788,7.674629,5248.838869,0.023491,2.035952,18.700597,5.44236,-9.201685,0.330633,12729.73759,0.551829,0,0.272913627,0.147624309,0.388239586,0,0.007914,80.23804,3,0.016399,2.365636,0,33
0.022601,111.019098,29.90665,0.133384257,1.142689,3.029496299,20.68681,5.459143,0.033555,18.103617,470,6,5,4,9,0,1,43,0,22.348596,0.263535,77.569239,118,-1650,12,330.522613,432.346734,237.341709,2.931442255,18.75466,2.798057863,16.41274,14.549206,4256.114733,0.025467,1.022986,14.737402,4.909258,-3.900204,0.353329,10992.33611,0.545932,0,0.040623016,0.32278481,0.618154762,0.156195,0,71.834324,1,0.022037,2.167797,0,0
0.147549397,-85.388676,33.215017,-3.560169667,0.028434,-0.224575827,0.798855,1.33643,0.559896,28.095353,286,8,5,4,9,0,5,73,0,5.384634,0.030823,102.586207,25,-1410,1,514,300,186,1.588985174,4.898775,5.149165754,172.2877,3.602639,4020.963072,0.023703,2.119509,16.694412,3.843324,-21.765268,0.138101,10073.69062,0.568,0,0,0.09,0.651334311,0,4.919374,13.539592,1,0.006489,1.272877,0,0
0.18,-113.681124,49.302136,2.305913249,10.033337,3.702628033,40.553741,3.61163,0.076664,4.0419,1177,3,5,19,19,1,5,71,0,6.111646,0.075816,67.324643,58,-1052,0,249.877888,449.174917,301.029703,6.38058277,590.2716,4.074669267,58.83102,14.676205,274.288254,0.024934,3.993037,2.185266,2.575352,-9.414726,1.60702,7058.764319,0.240477,0.094545743,0.100054109,0.215114846,0.20160652,0,0.524755,0.492153,3,0.021738,0.717721,0,34
0.29863,-89.617393,39.71578,2.740789184,15.499212,4.503362972,90.320366,6.471813,0.023875,5.827416,170,3,13,43,9,0,5,74,0,5.599457,0.104863,101.90411,34,-1413,0,62.242744,659.641161,278.155673,6.542430461,693.9712,3.801641461,44.77462,0.228043,2190.713957,0.035769,9.06867,11.97113,3.300736,-6.751639,0.668465,7373.074849,0.312677,0,0.868360284,0.089094017,0.013572824,0,14.382541,72.782192,3,0.005347,0.722971,0,30
0.986836182,-74.783322,40.340999,-2.993275294,0.050123,0.556612425,1.744752,2.19842,0.206909,34.809489,50,3,9,4,9,0,5,73,0,3.059419,0.000409,109.808237,14,-1413,0,270,519,211,1.799597505,6.047213,4.792875557,120.6478,2.185065,2378.4,0.02589,0.095143,11.782891,3.871423,-21.69453,0.76058,9769.287879,0.500788,0,0.280010823,0.289,0.244448052,0.308738,39.839997,112.069738,2,0.014428,1.595957,0,35
0.020915,113.150445,26.615748,0.229222636,1.257622,2.209552059,9.111634,2.292008,0.190356,7.245127,140,6,1,4,9,0,1,43,0,12.618103,0.087718,105.879371,91,-1410,1,286.513889,425.902778,287.583333,3.566808708,35.40343,3.337586075,28.15109,15.883539,5340.348113,0.027301,0.840591,18.21901,6.379319,-5.765898,0.498978,13046.51377,0.526613,0,0.318974192,0.0991875,0.356070267,0.168142,0,81.398532,1,0.106011,2.122325,0,34
0.042987,111.401717,27.911125,0.509307272,1.664138,3.116240836,22.561408,4.93363,0.041083,13.557413,307,6,3,4,9,0,1,43,0,15.482193,0.186074,87.284014,104,-1520,19,225.464286,449.744898,324.790816,3.343282564,28.31191,2.833975407,17.01296,12.244909,4374.742385,0.029704,28.730233,15.3981,5.16054,-4.127333,0.828297,12390.94989,0.471039,0,0.659094319,0.201659193,0.152666131,0,0.041638,291.464725,3,0.071464,2.554116,335.08627,26
0.268696,76.807213,10.384371,3.014640874,20.38177,4.205396282,67.047162,4.189426,0.056976,3.289565,558,8,5,5,2,0,1,45,0,13.626983,0.194023,86.274241,101,-1410,1,402.94359,283.4,313.546154,5.485526128,241.1758,2.470885478,11.83292,16.823575,6756.821671,0.021252,0.062786,21.728115,9.52268,-17.869717,0.30102,13628.42079,0.631772,0,0.030756408,0.09936646,0.694464911,0.014056,1.036238,201.950267,1,0.023081,3.362388,0,27
0.136566,118.003172,40.254603,1.269485788,3.559022,2.917045334,18.486585,2.764308,0.130866,5.194288,99,9,7,44,26,0,1,43,0,6.654336,0.048627,86.048977,53,-1394.53125,0.94375,529.972973,325.439189,144.486486,4.454109477,85.97955,3.184623867,24.1582,9.483699,2033.006134,0.032151,9.947114,10.011762,2.376537,-5.644129,0.382957,3998.075716,0.274538,0,0.387170932,0.209926335,0.109991621,0.04974,4.969558,158.817623,2,0.064337,0.279085,0,35
0.296296,0.957865,51.91987,-0.21422841,0.807164,2.505360617,12.247975,3.845727,0.067615,15.174085,25,3,9,60,10,0,2,23,0,2.41748,0.005845,65,16,-1348.550447,10.923372,424.619048,333.32381,241.685714,2.571327436,13.08318,2.785555539,16.20882,0.660461,411.608638,0.026214,1.865804,10.242297,2.118979,-4.62524,1.453507,7223.944152,0.50762,0,0.790242817,0.098707483,0.008575476,0,32.660211,351.595081,1,0.022932,0.256226,0,0
0.016,114.514201,2.649221,5.502937551,245.411784,7.257332615,1418.467886,25.542704,0.001533,5.77995,498,3,3,4,1,0,1,52,0,14.881649,0.033827,115.798851,278,-1261.401938,26.537402,323.557117,297.164058,379.273502,7.959895265,2863.773,2.456958034,11.66926,14.812562,12996.88387,0.02191,1.202073,20.886259,12.910491,-12.548686,0.093962,25851.46591,0.713388,0.000859513,0.066229128,0.03459639,0.799549292,1.094017,0.01101,1.270685,1,0.007692,11.991863,657.97261,56
0.208188758,-115.810237,41.062959,-2.861638539,0.057175,0.344195904,1.410855,1.664459,0.360956,24.675931,1900,5,1,115,23,0,5,77,1,9.723847,0.080809,106.376842,50,-1250,27,327.428571,427.142857,245.428571,3.239375856,25.51779,6.101008624,446.3077,7.736869,58.566234,0.032113,0.357016,6.56434,1.256492,-4.43161,0.920721,2495.7559,0.13494,0,0.030702867,0.835555556,0.155087541,0,0.001241,0.035114,1,0.008282,0.028725,0,0
0.35256,114.392696,26.983912,0.194930068,1.215226,3.063160241,21.395064,5.474949,0.033361,17.605826,274,3,3,4,9,0,1,43,0,13.264106,0.068919,84.824944,129,-1520,19,308.098266,403.705202,287.745665,2.860109553,17.46344,2.665179582,14.37053,11.465819,5349.798962,0.024439,1.876629,17.738519,5.376605,-5.516335,0.426476,12844.45399,0.528763,0,0.145985977,0.197926829,0.052353199,0.017867,0.021857,189.137186,1,0.072598,2.206124,103.967532,0
0.432258065,73.13562,40.767574,3.792335615,44.359887,4.150974156,63.495825,2.689336,0.138264,1.431379,897,1,7,32,22,0,1,46,1,10.542001,0.203685,119,137,-1423.590275,10.797903,284.008197,436.916393,279.065574,9.420729328,12341.58,5.628393477,278.2148,29.251471,304.778906,0.03067,6.040616,-0.342527,2.838215,-4.176248,0.557467,3767.263333,0.287592,0.067358072,0.331660825,0.071490392,0.018641902,0,0.5766,32.109083,1,0.007906,0.646867,70.071206,38
0.65483871,25.348453,-27.159776,0.915144475,2.497136,2.989336615,19.872495,3.547533,0.07946,7.958116,1300,9,13,78,5,0,3,12,0,3.004706,0.037573,77.289725,22,-1256.945736,14.206202,760.603015,63.467337,175.834171,9.036075195,8400.741,8.12093061,3364.15,0.577133,1172.040426,0.019615,4.427992,17.406958,1.854447,-8.968102,1.318189,2661.020243,0.234464,0.001739153,0.764888897,0.169382716,0.018554519,0.073756,0.850818,22.621557,3,0.001689,0.020515,0,42
0.241667,76.016758,12.824056,4.065400049,58.288222,5.319606849,204.303544,7.548846,0.017548,3.505057,885,8,7,66,4,0,1,45,0,4.459884,0.004454,104.742438,83,-1410,1,391.877238,267.99659,340.184996,7.691821193,2190.36,3.626421168,37.57809,4.130246,5301.644026,0.021372,5.070435,21.66782,5.63686,-13.891602,0.702699,11853.00007,0.522904,0,0.604586038,0.097139382,0.115898736,0.025352,3.997419,199.062668,3,0.021194,2.875665,45.819032,26
0.234788,102.008234,26.904584,0.087018627,1.090917,2.133266273,8.442397,2.280158,0.19234,7.738809,1951,5,1,99,15,0,1,43,0,10.809843,0.064639,81.808724,93,-1520,19,241.787234,394.968085,363.265957,2.609877863,13.59739,2.522858931,12.46418,17.138514,3433.19621,0.025348,7.749581,15.990316,5.136358,-13.927453,0.401397,6913.418919,0.529606,0,0.187404279,0.304666667,0.072280405,0.090162,0.453726,57.123173,1,0.056053,1.411165,0,0
1.121538,69.482163,22.005479,2.68850041,14.709601,4.261247246,70.898356,5.214717,0.036774,4.819869,12,2,15,8,5,0,1,45,0,2.335608,0.026977,94.596534,14,-1250,9,474.892105,281.555263,243.184211,6.033623008,417.2239,3.345122851,28.36406,0.546278,3208.296513,0.022623,1.606589,26.330694,1.819154,-9.40941,2.218686,2055.392323,0.21472,0,0.88666673,0.133641304,0,0.004737,3.699719,188.047555,3,0.002417,0.242971,0,33
1.335178,112.107689,34.99762,5.400710002,221.563671,6.965343787,1059.279021,20.075028,0.002481,4.780924,206,1,1,37,6,0,1,43,0,18.649642,0.053196,99.701195,579,-1466.662389,16.403256,317.82641,485.790646,196.33934,8.460405462,4723.973,3.059695317,21.32106,15.350296,1468.610845,0.029254,12.425625,12.026714,2.708784,-4.967442,0.294175,4232.850493,0.362637,0,0.436419015,0.266581764,0.261117772,0.90404,1.523987,127.309795,7,0.033196,0.261115,4596.558993,50
0.384615,-101.266352,19.614087,1.710650457,5.532559,3.201524966,24.56997,2.946705,0.115167,4.440977,2001,2,7,95,16,0,5,77,1,8.063578,0.098334,74.302925,78,-1300,12.055777,452.598639,277.897959,269.489796,6.414061562,610.3677,4.70341152,110.3229,9.9965,3842.693295,0.028832,19.664093,14.569871,4.243496,-21.313582,0.272138,5510.173179,0.458531,0,0.272042294,0.102622478,0.330486311,0,4.610371,73.863627,2,0.0268,0.854212,0,66
1.090294438,-97.329281,31.362184,-3.165453548,0.042195,0.145884898,1.157063,1.588982,0.396061,27.42149,207,6,5,99,9,0,5,75,0,3.190291,0.02382,106.15894,16,-1520,19,143,389,468,1.308969914,3.702358,4.474412087,87.743,1.627723,2828.202811,0.030649,1.437729,19.44314,2.950623,-9.589693,1.286029,4679.766337,0.369871,0,0,1,0,0,3.391634,7.054011,1,0.009221,0.314083,0,0
0.035555556,-75.327487,6.76275,1.846483738,6.337496,4.508410003,90.777368,10.172174,0.009664,14.323853,2055,13,5,44,10,0,6,61,0,12.996403,0.166113,103.49,71,-1410,1,379.945652,322.194099,297.928571,4.252094756,70.25242,2.405610885,11.0852,10.893312,8938.146184,0.02653,11.93632,14.567771,9.427117,-5.931389,0.278163,17736.02537,0.647089,0,0.006052919,0.132405914,0.75213254,0,0.213022,28.806855,1,0.033259,7.147909,0,27
0.332,-89.22062,38.071762,-0.095590619,0.908836,2.628002305,13.846082,4.097124,0.059572,15.234958,134,3,13,102,9,0,5,74,0,3.922063,0.012914,110.313034,23,-1413,0,81.685039,680.188976,237.614173,2.867715931,17.59678,2.963306185,19.36188,0.409754,2594.914201,0.037037,20.43923,14.009949,3.538769,-8.012337,0.529887,8207.844854,0.375233,0,0.822334869,0.086544118,0.094765745,0.060815,6.379034,15.079285,1,0.001712,0.950109,0,0
0.021311,-74.655613,41.841983,1.744282567,5.721795,3.578386847,35.815718,4.223792,0.056052,6.259524,439,3,5,7,19,1,5,73,0,15.491448,0.328613,100.192308,110,-1347.418405,12.768098,424.896667,418.403333,156.683333,5.273958586,195.1871,3.529675905,34.11291,12.28448,1560.583949,0.027611,0.236673,7.054309,4.408248,-15.779292,1.025351,13677.49807,0.485727,0,0.00205145,0.109120267,0.888726844,0.000654,2.21207,5.02212,2,0.011007,3.093273,0,39
0.052965,103.594248,29.22351,2.50509466,12.244718,4.401965907,81.611151,6.579156,0.023103,6.665008,471,6,1,4,15,0,1,43,0,24.684313,0.161988,75.166478,332,-1409.952713,14.79231,304.729851,427.507463,267.791045,5.669145135,289.7867,3.164050405,23.66626,25.952859,5279.093564,0.025435,1.649239,13.898581,5.858677,-3.862606,0.404711,12644.42854,0.547772,0,0.12822063,0.201480344,0.124125314,0.182359,0.19824,87.087549,3,0.222221,2.058016,265.170913,34
1.746153846,25.461245,-31.748696,2.463274265,11.743199,3.406781694,30.167998,2.48341,0.162145,2.568976,1054,3,7,109,6,0,3,12,0,2.564034,0.004085,99.061069,39,-1417.001789,19.810018,566.351351,220.567568,213.063063,8.220379957,3715.914,5.757105524,316.4311,5.544997,654.286726,0.017016,1.57062,15.481107,1.542129,-8.100047,0.76763,1984.245719,0.177739,0,0,0,0,0.370518,0.046979,1.710618,4,0.004298,4.708295,0,0
3.217,70.164969,21.805109,1.753951851,5.777389,3.720464842,41.28358,4.845143,0.042598,7.145715,49,6,15,98,5,0,1,45,0,2.478291,-0.004869,102.377049,34,-1250,9,401.372654,367.892761,230.745308,5.087656827,162.0098,3.333704813,28.04204,1.362027,3222.910961,0.027711,25.123592,26.418878,1.907934,-10.651031,1.50667,3096.442154,0.280119,0,0.947398426,0.100436562,0.003325627,0,5.032508,219.615899,3,0.003403,0.258963,0,34
0.17274,79.373339,21.400946,2.761514946,15.823797,3.254251579,25.900223,1.836721,0.296424,1.636789,314,8,15,98,4,0,1,45,0,4.59786,0.03503,72.876617,77,-1410,1,165.574713,436.877395,397.509579,5.146193631,171.7764,2.384678312,10.85557,1.582554,3401.427193,0.025399,3.750897,26.578557,4.164947,-10.55593,0.700412,5099.482391,0.429707,0.007227672,0.56885927,0.060508816,0.067022098,0,2.950752,190.964482,2,0.002734,0.524682,0,27
0.025914,-120.650408,37.98464,-2.972152475,0.051193,0.369786116,1.447425,1.804616,0.307065,28.273739,306,3,1,56,12,0,5,77,0,3.603035,-0.061463,85.916879,19,-1259.848485,11.560606,388.4,391,220.6,1.282767164,3.606606,4.25491431,70.45078,10.761726,970.27619,0.030893,0.475233,15.108376,2.403497,-7.986971,0.772995,3663.356473,0.365281,0,0.419324578,0.551111111,0,0,3.883691,4.324896,1,0.021686,0.312684,0,0
0.5,35.641277,32.619284,-0.531405953,0.587778,1.429212557,4.17541,1.53634,0.423667,7.103716,-108,5,1,98,5,0,1,29,1,12.913586,0.096088,112.895346,78,-1419.595745,14.923759,129.354167,449.75,420.9375,5.5689016,262.146,6.100307069,445.9947,8.01918,379.558859,0.03128,5.954538,18.60497,1.006806,-7.923872,0.852949,2121.514006,0.209142,0.173428396,0.634222713,0.178780488,0,0.327414,29.749839,1194.940249,1,0.019391,0.158061,0,0
1.811111111,21.208102,-29.411472,1.007644003,2.73914,2.307450737,10.048775,1.712778,0.340877,3.668587,800,9,8,78,7,0,3,12,0,2.427064,0.046323,111.984972,18,-1410,1,703.162791,115.5,181.430233,4.594702187,98.95866,3.58705767,36.12762,1.495525,394.380905,0.016576,0.51613,20.112211,0.591731,-8.785491,0.375412,796.092104,0.100581,0.017405226,0.017280622,0.826644767,0.000117807,0,0.000737,0.067111,5,0.026064,0.056668,0,29
1.055,72.117152,21.738992,1.312158735,3.714183,2.822746701,16.822995,2.462446,0.164917,4.529394,25,2,12,46,5,0,1,45,0,2.574641,0.005874,105.386163,26,-1244.611305,8.755059,420.061728,345.45679,234.469136,2.675873368,14.52503,1.363714596,3.910693,0.766063,3390.935484,0.027146,5.848781,27.308631,1.831694,-10.241343,1.164968,2556.928061,0.238,0,0.720329489,0.217062635,0,5.300208,23.113689,626.921919,1,0.002146,0.220991,0,0
0.48505,-89.519688,39.036507,-2.863459172,0.057071,0.56504616,1.759529,2.077701,0.231651,30.830423,170,3,13,102,9,0,5,74,0,4.709362,0.021954,106.803419,23,-1413,0,106.8,690,203.2,0.588095506,1.800556,3.451551402,31.5493,0.818519,2360.526718,0.03164,7.270557,12.970422,3.434936,-7.917599,0.487356,7659.933333,0.422,0,0.607851852,0.512857143,0.218481481,0.007571,6.258626,36.16743,1,0.002742,0.675668,0,0
4.966667,26.959373,46.474405,1.720792687,5.588957,3.318555354,27.62042,3.295793,0.092062,4.941963,137,3,15,46,10,0,2,22,0,1.253418,0.008344,108.28886,14,-1520,19,245.194444,346.145833,408.986111,9.208843552,9985.043,7.488050621,1786.566,8.440198,736.324216,0.030121,1.813536,6.933244,2.67904,-4.430209,0.649512,6813.979849,0.43098,3.88E-05,0.451167167,0.15308746,0.145678962,0.087727,5.010093,104.63664,4,0.001582,0.462852,398.313673,41
0.206818,-1.496816,34.700178,1.130779983,3.098072,3.339784353,28.213042,4.521674,0.04891,9.106644,631,1,7,12,12,0,3,15,0,9.682443,0.044612,118.709783,76,-1180,6,387.763636,353.690909,258.527273,6.896473883,988.782,5.765693798,319.1604,9.954301,524.541366,0.025784,2.519948,13.473396,1.587664,-27.051825,0.34894,3002.69507,0.227592,0.062479542,0.331072626,0.213501144,0.022310397,0.007675,2.777249,68.389308,1,0.010708,0.208861,0,25
0.160845683,-108.184494,43.317552,4.36010628,78.265452,5.354366156,211.529857,6.744996,0.02198,2.702723,1439,3,11,110,8,0,5,74,0,5.317553,0.09543,103.651163,125,-1482.359897,14.754992,403.777099,336.410687,259.758015,9.16434795,9550.492,4.804241512,122.0269,6.325294,106.838152,0.032304,0.981988,5.183438,1.410584,-7.877553,1.368122,1817.103869,0.096203,0.002211566,0.047325636,0.205070783,0.120573074,0.04878,1.094339,3.080534,5,0.005384,0.117467,0,35
0.138,110.671366,28.678325,3.90273331,49.537666,5.665911594,288.851176,11.577144,0.007461,5.83094,100,3,1,34,9,0,1,43,0,22.309448,0.153039,75.058977,199,-1509.387504,19.144716,295.977564,431.123932,272.869124,8.927679937,7537.757,5.0249464,152.1621,13.532247,4825.021345,0.027238,4.550183,16.014009,6.437727,-4.211377,1.125005,12227.80515,0.548592,0,0.30175612,0.178961906,0.373377571,0.073077,0.587203,169.705894,6,0.199036,2.204169,3805.055851,38
0.04232,110.622163,26.436018,1.059039167,2.883599,3.044968909,21.009378,3.490124,0.082095,7.285819,640,3,1,4,9,0,1,43,0,19.547141,0.005671,108.121181,170,-1410,1,365.011111,383.727778,251.511111,5.436554234,229.6495,4.377514972,79.63988,19.288872,5496.381869,0.025174,0.516712,13.889838,6.446594,-4.016783,0.443754,16126.87368,0.569892,0,0.128894545,0.217921053,0.459584073,3.988962,0.000159,42.818905,1,0.032078,2.696514,0,30
0.34516129,-75.18627,6.265081,3.993596283,54.249636,6.480242257,652.12891,24.976415,0.001603,12.02089,1881,13,7,44,10,0,6,61,0,9.928432,0.110563,102.703571,88,-1410,1,326.73911,329.569602,343.741004,7.004862933,1101.979,3.01126649,20.31311,13.265823,8739.403812,0.024099,10.983485,15.515454,9.476296,-12.248558,0.381339,19040.99692,0.659341,0,0,0,0,0,18.080514,293.313821,2,0.156256,0.290793,27.466031,26
0.066902,100.184461,25.399455,0.590576104,1.805028,2.399764525,11.020581,2.313969,0.18676,6.105489,1780,3,3,1,16,0,1,43,0,12.868014,0.065279,102.874364,87,-1520,19,313.067568,420.689189,266.459459,3.330375338,27.94883,2.739799483,15.48388,16.499861,2534.37769,0.022671,0.35444,14.112736,4.607464,-12.529179,1.021997,6488.841798,0.464252,0,0.427979462,0.170381356,0.048640022,0.062011,0.533417,253.183439,1,0.023643,1.306076,0,0
0.159754,107.630039,30.86976,0.73679797,2.089235,3.287166087,26.766901,5.223956,0.036644,12.811821,419,5,1,4,15,0,1,43,0,11.343872,0.062946,78.714039,77,-1520,19,235.535948,485.071895,279.503268,3.508514582,33.39862,2.771716467,15.98605,14.243876,4759.48172,0.026472,8.732129,16.428212,5.958119,-4.630969,0.511985,11663.39528,0.480774,0,0.425583756,0.17747331,0.185356433,0,0.000527,279.469657,1,0.00572,1.448699,0,33
0.112247,117.581594,36.423415,2.658754139,14.278489,4.251494696,70.210277,5.241488,0.036399,4.917206,222,9,7,44,15,0,1,43,0,6.764104,0.010578,82.787705,77,-1400.449957,2.82319,369.178862,401.775068,229.02168,5.332335628,206.9207,2.673581592,14.49178,9.979204,2272.947726,0.03225,20.551306,11.824302,2.55796,-5.403942,0.525552,4804.832126,0.27181,0,0.65535334,0.190430784,0.014354241,0.153602,3.235401,226.562019,4,0.034155,0.332611,0,36
0.634615385,27.331986,-31.498661,1.210262483,3.354365,2.609240478,13.588726,2.092997,0.228277,4.051058,1256,3,11,102,10,0,3,12,0,2.48649,0.006277,90.038143,28,-1520,19,479.623762,275.336634,245.118812,5.456494358,234.2747,4.246231825,69.84174,6.532854,1317.595543,0.018263,1.985214,13.130732,2.928556,-8.417847,1.123994,3429.811088,0.284701,0,0,0,0,0.000349,0.580423,39.116799,3,0.003835,0.389611,0,0
0.191059,109.371074,29.336826,0.911467921,2.487972,3.4379363,31.122664,5.566075,0.032278,12.50925,425,5,1,4,15,0,1,43,0,19.143025,0.221913,110.582403,153,-1520,19,200.585284,484.635452,314.618729,5.086276947,161.7864,4.174809027,65.02742,16.510108,4178.054083,0.028957,1.864739,13.983512,6.361691,-3.473752,0.591627,13322.10769,0.53734,0,0.443734561,0.152424242,0.249297312,0.586628,0.24102,164.914311,4,0.002239,2.289354,126.437892,37
0.798502264,-95.229495,35.616488,3.212618851,24.844064,5.236528629,188.016294,10.640921,0.008832,7.567856,149,1,7,4,9,0,5,74,0,5.003561,0.095719,99,70,-1184.509038,10.686142,270.686747,539.463186,189.812584,8.11619758,3348.265,4.903579268,134.7713,1.902494,2846.728414,0.035187,2.021166,16.2544,3.412977,-9.640286,0.812152,6490.241984,0.406772,0.00027611,0.089213818,0.072245703,0.135321232,0.032391,18.298761,141.808885,7,0.005341,0.773389,442.707362,30
0.205833,81.799044,20.301795,3.657544322,38.766029,4.739390786,114.364508,5.181562,0.037246,2.950122,415,9,11,57,4,0,1,45,0,3.80694,0.017159,92.6,89,-1410,1,403.867107,254.688973,341.3459,6.274003542,530.5974,2.616458898,13.68717,3.070274,4214.821711,0.027116,0.528353,25.245519,4.504848,-19.609711,0.814277,6420.713197,0.410164,0,0.59954502,0.36636005,0.119984515,0,1.008054,99.409094,1,0.004097,0.882178,0,31
1.232692,80.123771,29.063646,0.065375671,1.06756,2.134528743,8.453062,2.307879,0.187747,7.918116,243,9,11,7,15,0,1,45,0,3.554413,0.04417,111.459459,22,-1052,0,375.842105,362.421053,262.157895,8.114342064,3342.058,8.048966542,3130.558,3.297918,6744.382002,0.02691,4.444492,23.303044,5.241677,-10.631301,0.307252,11086.94141,0.473083,0.00982501,0.593090779,0.133249161,0.180689823,0.329928,1.207031,363.471839,2,0.011387,3.166595,1441.153149,26
0.291176,9.792618,44.764253,-0.234961863,0.790601,2.197098569,8.998866,2.854988,0.122685,11.382313,327,6,1,8,10,0,2,21,0,12.669884,0.016495,102.139562,128,-1180,6,240.44086,429.569892,329.989247,4.476648509,87.93945,4.711610918,111.2312,17.29837,2004.182698,0.025785,1.202082,10.021557,4.22354,-4.288443,0.307688,11815.85855,0.502751,0.007276923,0.191146028,0.32023622,0.614881027,0.000952,3.786348,13.595719,1,0.230006,1.404334,0,38
0.029068,110.209105,27.76524,0.258315309,1.294747,3.092893739,22.040766,5.464235,0.033492,17.023228,242,5,5,4,9,0,1,43,0,11.497368,0.200618,84.197544,58,-1389.975857,14.028489,263.723005,454.192488,281.661972,4.178827398,65.28925,3.920512071,50.42626,15.199907,4939.27942,0.027219,8.853027,16.08004,6.055563,-4.12868,0.682269,12199.31871,0.543127,0,0.392163137,0.067100592,0.354128462,0.44106,0.001107,113.524568,1,0.024927,1.862672,0,31
0.164091,77.489422,10.369996,1.556582346,4.742585,2.601783942,13.487778,1.747141,0.3276,2.843972,338,8,3,44,4,0,1,45,0,6.714536,0.074491,75.799261,79,-1410,1,416.431579,276.894737,306.505263,5.55197344,257.7457,3.995390886,54.34708,23.622603,7179.27087,0.020789,1.194612,20.107501,7.263921,-11.220654,0.338868,7654.52119,0.55615,0,0.203849028,0.157552817,0.312713625,0,2.862794,122.000961,1,0.002665,1.16956,0,32
0.049375,110.588236,26.649106,0.636338705,1.88955,2.718546258,15.15827,3.110753,0.10334,8.022158,381,6,3,4,9,0,1,43,0,19.759394,0.026304,108.832244,114,-1429.512516,15.540184,327.152047,392.415205,280.444444,4.774132065,118.4075,4.137793344,62.66439,23.599559,5014.357124,0.025219,1.105695,14.829661,5.636954,-4.253816,0.56947,14965.28811,0.579546,0,0.110159554,0.215596708,0.382775328,0.142645,0.000425,81.3276,1,0.039061,2.327022,0,29
0.957895,16.959384,50.485879,1.868877751,6.481019,3.217980104,24.977617,2.767734,0.130542,3.853964,215,9,11,7,10,0,2,24,0,4.225432,0.072051,85.981935,27,-1118.453428,0,256.176,536.024,207.656,3.88977801,48.90003,2.020900334,7.545115,3.545648,610.521664,0.027606,2.366323,7.394724,2.838445,-3.470682,1.076495,6969.698067,0.368268,0,0.487494692,0.148462838,0.04289753,0.161619,8.093697,90.620337,4,0.004887,0.490421,0,44
0.314465409,-93.122011,40.948085,-3.630270981,0.026509,-0.040416868,0.960389,1.663972,0.361167,36.228859,287,5,5,43,18,0,5,74,0,5.592601,0.071847,101.630769,21,-1413,0,84,534,382,0.377812954,1.45909,4.008085448,55.04139,1.177778,2359.849315,0.03524,2.682898,10.401852,3.132792,-5.471833,0.694324,7694.697778,0.386,0,0.431111111,1,0,0,0.04105,0.909829,1,0.008594,0.581906,0,0
0.356209,-99.576842,38.735692,-2.913359974,0.054293,0.21773294,1.243255,1.505161,0.441402,22.898936,646,5,5,53,9,0,5,74,0,4.622851,0.031441,111.439922,18,-1194,0,145.733333,544,310.266667,2.036479759,7.663584,4.949837324,141.152,2.590035,1394.723835,0.030969,3.837868,12.768442,2.085367,-7.814225,0.776533,3097.15472,0.236802,0,0.072552448,1,0,0,0,0.042952,1,0.00508,0.031796,0,0
0.119672,11.750039,46.029546,-1.582508778,0.205459,1.757224959,5.79633,3.607329,0.076847,28.211636,408,8,1,24,10,0,2,21,0,25.613055,0.367872,65.554545,109,-1180,6,411.794118,394.691176,193.588235,4.246998694,69.89532,5.8295084,340.1914,31.657033,1820.286154,0.025576,1.669995,6.711631,5.763271,-7.624172,0.263392,8853.2763,0.518177,0,0.029470588,0.203636364,0.049321398,0,4.012403,23.092882,1,0.07608,2.003459,0,38
0.74,38.251947,58.502902,8.30986086,4063.747516,7.562373842,1924.408337,8.515868,0.013789,0.473555,97,5,16,105,19,0,2,28,1,3.987653,0.080453,109.985285,41,-1213.944212,9.353828,483.618917,342.018438,174.355997,11.17421869,71269.14,2.864357411,17.53778,0.780656,395.021283,0.02854,0.022478,3.820116,2.50567,-5.490076,0.725933,9064.033284,0.360446,0.001655053,0.108265658,0.015357194,0.427678644,0.02578,1.197271,11.746712,5,0.020883,0.699656,194.491697,33
0.131351,77.524696,9.637385,-0.749668856,0.472523,1.027313546,2.793551,1.146411,0.760886,5.91199,197,9,3,44,4,0,1,45,0,9.055692,0.068213,110.364179,55,-1410,1,401.583333,267,331.416667,3.618354517,37.27618,4.368023674,78.88757,29.225074,5206.674333,0.022319,12.991472,24.56587,3.370774,-23.248206,0.439717,6738.681581,0.547713,0,0.197824211,0.191578947,0.228930275,0.074725,0.638747,243.465873,1,0.002644,1.123369,0,0
0.642105,76.652424,11.571792,-1.898901571,0.149733,0.739078978,2.094006,1.526562,0.429112,13.984955,913,8,9,3,4,0,1,45,0,4.466725,0.032781,110.915998,18,-1410,1,400.954545,304.818182,294.227273,3.048395879,21.0815,4.947298539,140.7941,10.306065,6989.660269,0.021827,0.022138,19.054834,5.442316,-20.617015,0.270239,8723.009178,0.559,0,0.231540303,0.286470588,0.178627294,0.182284,4.349279,225.196011,1,0.031671,1.046565,0,0
0.457142857,26.37381,-31.017164,-0.56265766,0.569693,1.977594153,7.225339,2.700429,0.137131,12.682855,1396,3,3,102,6,0,3,12,0,6.728138,0.043111,69.332547,67,-1389.583333,19.068182,559.987805,227.268293,212.817073,5.896421732,363.7336,6.459078605,638.4725,8.74859,748.147903,0.016931,0.354712,13.801502,2.131048,-8.352391,0.724582,3013.937335,0.250095,0.000674157,0.030059614,0.635875,0.019730423,0,0.021493,0.768385,1,0.009606,0.0534,0,0
0.255517,124.868586,43.205945,4.739610612,114.389651,5.543442076,255.556131,6.740436,0.02201,2.234084,217,9,15,6,26,0,1,42,0,4.527811,0.051902,119.577679,54,-1263.044542,4.182428,384.369883,384.087719,231.395468,7.894479125,2682.432,3.154868789,23.44996,3.915245,1408.423739,0.037449,8.7572,5.324299,2.686468,-5.618774,1.46331,5943.107133,0.263745,0.000141368,0.808738829,0.13279818,0.022049379,1.377323,4.171388,319.881073,4,0.001888,0.335143,0,41
0.48374227,-97.260569,43.046573,-0.540062211,0.582712,2.039193471,7.684409,2.83974,0.124006,13.187316,403,1,5,53,18,1,5,74,0,5.7452,0.082403,105.969296,37,-1413,0,211.614458,441.662651,347.096386,5.052536386,156.4187,5.592598368,268.4322,1.407719,1351.069485,0.034245,5.943667,8.686891,2.51493,-5.76084,0.286048,4573.335735,0.278888,0,0.77192009,0.264615385,0.001310753,0.037387,0.441643,1.821555,2,0.001808,0.182985,0,0
0.200015451,-90.796023,43.691553,-1.719537417,0.179149,1.28556975,3.616728,2.410482,0.172105,20.188392,328,6,5,60,19,0,5,74,0,19.313389,0.532039,115.916497,68,-1413,0,113.439024,654.926829,231.634146,2.977328457,19.63529,4.696866571,109.6032,2.587863,1538.891629,0.028771,0.894351,7.606996,3.043931,-6.271945,0.545627,8263.7067,0.434,0,0.885139064,0.211034483,0.0780689,0,9.83733,37.434654,1,0.091804,0.676936,0,33
0.207652,121.623708,24.918986,2.466084961,11.776252,4.534042183,93.134267,7.655984,0.017061,7.908651,172,1,1,44,9,0,1,43,0,23.710165,0.217546,83.544617,255,-1520,19,260.67171,408.422088,330.942511,5.705150538,300.4107,3.239065828,25.50988,19.066463,19301.52483,0.024211,0.729523,20.610518,9.117528,-6.759419,1.200714,26736.01641,0.693321,0,0.013596091,0.192021277,0.799695422,0.091841,6.616777,78.079159,1,0.009896,9.659885,92.92615,33
0.84,-95.024967,42.29846,1.287384109,3.623296,3.101040173,22.221053,3.293122,0.092211,6.132829,372,3,9,42,18,1,5,74,0,2.986856,0.002895,105.435068,23,-1413,0,60.880342,576.82906,362.290598,2.464874846,11.76201,1.177490626,3.246218,0.86879,1998.008803,0.032315,12.604146,8.917619,2.953395,-5.53227,0.570968,6694.7473,0.278,0,0.513164147,0.09372134,0.005458963,0.10092,14.719279,72.615561,1,0.00162,0.483666,0,0
0.516176,-96.098785,37.674057,2.801873943,16.475492,4.69927666,109.867672,7.635646,0.017152,6.668552,289,3,9,8,9,0,5,74,0,3.867117,0.00971,102.633333,52,-1405.001464,1.557237,181.795414,451.345679,366.717813,6.844537379,938.7389,4.042663649,56.97791,2.031721,2476.625796,0.033451,1.69549,13.554976,3.210281,-7.157344,0.813652,5628.512448,0.341835,0.000255627,0.02554464,0.235761317,0.014546013,3.836364,0.615066,3.90668,4,0.005175,0.511348,0,36
0.072794356,-76.017406,42.137432,-3.419952158,0.032714,-0.017203129,0.982944,1.53305,0.425488,30.046504,305,3,1,7,19,1,5,73,0,10.219414,0.211223,104.818182,48,-1413,0,263.076923,512.461538,225.230769,2.280685948,9.783389,5.700635863,299.0575,6.38972,1232.426614,0.027422,0.023909,8.042962,3.667367,-16.650419,0.752684,9624.960963,0.414062,0,0.100956409,0.89,0.4306311,0,30.180558,105.184703,1,0.009874,1.600789,0,0
0.077273,115.108211,31.017167,2.359203394,10.582518,4.444637248,85.168977,7.385536,0.018333,8.048083,90,8,7,12,9,0,1,43,0,9.393363,0.106096,110.634389,99,-1410,1,378.8368,393.76,227.3984,7.501091516,1810.017,5.141888093,171.0384,7.498047,4265.842782,0.034108,36.854657,15.839965,4.983632,-5.084724,0.720611,9849.079334,0.424541,0,0.753908119,0,0.100820315,0.022488,1.936461,280.734733,3,0.059004,1.240177,0,30
0.232558,104.226074,29.655136,0.098821281,1.103869,2.579621425,13.192143,3.542026,0.079707,11.950826,450,5,5,4,15,0,1,43,0,4.444229,-0.029853,103.582849,41,-1520,19,296.6875,409.95,292.8,2.632528923,13.9089,2.533707925,12.60014,3.575107,4559.076741,0.030651,15.449001,16.721175,4.236443,-4.39822,0.613896,13288.0279,0.502826,0,0.717237124,0.101506849,0,0.162295,0.0588,280.97754,1,0.008494,1.056131,0,0
5.405405405,-105.960602,36.019318,-6.901773207,0.001006,-1.713122056,0.180302,1.60357,0.388888,179.21971,1874,8,1,115,6,0,5,75,0,3.211232,-0.07444,113.780197,16,-1059.084746,5.220339,615,242,143,-0.079516263,0.923563,6.822219504,918.0203,7.593985,356.383459,0.02842,3.618076,10.62712,1.184698,-5.037239,0.774608,1638.503759,0.136,0,0,0,0.16,0.002107,10.044075,22.885595,1,0.047259,0.034908,0,0
0.481481,-65.170205,-30.920386,1.426163422,4.162698,3.810647096,45.179665,6.2467,0.025627,10.853458,509,1,5,44,15,0,6,64,1,10.927687,0.141914,115,139,-1366.413491,9.321061,426.717472,365.472119,207.843866,7.630135481,2059.329,6.203972137,494.7102,4.300302,1900.870097,0.019243,2.3017,15.599253,3.445057,-7.147098,1.04034,3452.305873,0.341845,0.003317239,0.177154607,0.237037702,0.077461128,0,0.189515,4.227235,1,0.002765,0.041689,0,28
0.024038,103.219871,30.186016,0.783794689,2.189766,2.701097957,14.896078,2.839672,0.124012,6.802588,693,1,5,34,15,0,1,43,0,8.369075,0.021814,80.530945,68,-1391.876475,6.820264,229.871212,428.568182,341.560606,3.720804871,41.29762,2.937010403,18.85938,4.146324,5144.248197,0.030043,0.383948,14.768108,4.568731,-3.934798,0.072427,14167.60489,0.53892,0,0.725878123,0.226531987,0.070701061,0.038333,1.152003,437.025276,2,0.004982,2.2871,0,29
0.762121,-79.945088,36.003855,0.062199851,1.064175,2.939795161,18.911972,5.171606,0.037389,17.771492,231,9,9,4,9,0,5,73,0,6.890132,0.075356,102.934234,40,-1410,1,356.597403,389.785714,253.5,4.097633149,60.19764,4.035433201,56.56742,1.803691,2783.790667,0.025213,0.105998,14.611319,3.77437,-11.883484,0.428099,8119.031949,0.423162,0.001103979,0.091600923,0.2112,0.181185698,0.313268,61.059567,510.258863,3,0.002618,1.071943,0,29
0.187590188,-83.37336,34.550367,-3.729284869,0.02401,-0.253622089,0.775985,1.412707,0.501067,32.319219,259,8,1,4,9,0,5,73,0,7.527915,-0.015117,83.519283,30,-1410,1,483,294,223,0.810355384,2.248707,4.539639813,93.65706,5.424528,3827.378981,0.023956,0.039465,15.548472,4.242223,-23.178413,0.443516,10836.74214,0.572,0,0,0.79,0.833993711,0.020371,10.193326,27.079357,1,0.014898,1.866613,0,0
0.905263,66.392631,40.003782,2.471687325,11.842412,2.852327211,17.328061,1.420447,0.495621,1.463221,489,5,16,32,12,0,1,46,1,4.503913,0.08445,113.438053,37,-1371.601171,11.676421,257.40201,431.296482,311.336683,8.35865105,4266.935,5.886963939,360.3097,4.203148,157.583999,0.037286,0.711835,12.401351,1.531877,-6.089535,0.782193,2188.293763,0.173857,0.141957867,0.704434775,0.027276265,0.001265655,0,3.97576,169.218624,3,0.00164,0.082984,371.483846,37
0.392264,77.067209,11.438176,4.293739685,73.239851,5.358072547,212.315324,6.998463,0.020417,2.898904,267,8,11,56,4,0,1,45,0,3.094562,-0.002755,113.842975,154,-1410,1,411.759314,291.590183,296.708457,8.171126636,3537.327,3.877387046,48.29785,11.344794,5146.024659,0.023978,10.03085,23.262474,4.445336,-14.280211,0.348033,5241.210113,0.473189,0,0.444203808,0.134549627,0.133579055,0,4.963951,309.179696,4,0.005098,0.702195,226.8903,33
1.031624,-91.154362,40.42565,-1.831363456,0.160195,1.467693917,4.339217,3.058314,0.106914,27.087103,194,6,9,43,18,0,5,74,0,5.72386,0.095266,104.27451,22,-1413,0,34.823529,678.568627,287.137255,1.619996375,5.053072,3.451359937,31.54326,0.500647,2457.929708,0.033466,14.363246,11.284196,3.091965,-6.71272,0.465015,7486.926261,0.305655,0,0.751914618,0.719583333,0.035989651,0.405941,20.774253,7.422297,1,0.005497,0.801657,0,0
0.04137931,26.120171,-33.295307,-0.26861828,0.764435,2.269924289,9.678668,3.122772,0.102546,12.661202,298,3,5,109,9,0,3,12,0,10.934932,0.162094,105.726316,72,-1520,19,569.533333,200.380952,230.219048,5.939027441,379.5656,6.207645516,496.5308,8.200806,1185.799825,0.016716,1.078897,16.478872,1.752574,-6.195178,0.405159,3523.586549,0.327991,0,0.018723143,0.269814815,0.051758587,0,1.187973,2.536247,3,0.003888,0.05393,0,0
0.25375,75.160053,18.470852,1.792651405,6.005354,3.361878354,28.843318,3.320252,0.090711,4.802934,535,2,11,98,5,0,1,45,0,2.804433,0.004597,105.384924,24,-1250,9,254.838174,258.307054,486.746888,5.656640901,286.1857,3.863989445,47.65509,1.434392,2662.811467,0.026974,5.054717,26.211322,2.317906,-8.91288,1.499237,2645.658359,0.23877,0,0.967277797,0.11924933,0,0.10575,4.132109,170.532778,1,0.002422,0.199076,0,32
0.645455,-93.301754,37.303644,0.008501757,1.008538,2.590813891,13.340625,3.747358,0.071211,13.227691,342,6,5,1,9,0,5,74,0,7.901733,0.083135,105.81362,43,-1413,0,128.805085,712.822034,158.305085,3.841832059,46.61079,3.833330386,46.2162,1.876062,2567.834141,0.026328,1.089712,13.480893,3.538257,-23.782102,0.650333,7762.018605,0.476677,0,0.077414298,0.227114094,0.15219455,0,13.395476,36.167554,2,0.005822,0.834342,0,33
0.136524498,-82.382906,36.445467,2.584915395,13.262167,5.066120804,158.558055,12.282199,0.006629,11.955667,422,3,5,4,9,0,5,74,0,9.233281,0.165944,110.879859,108,-1215.050555,6.447454,234.194352,443.784053,321.978405,6.585355184,724.4083,4.000439478,54.62215,4.976077,1831.472393,0.025598,0.698462,12.338202,3.747738,-17.556492,0.479453,8823.117759,0.511753,0,0.027844798,0.240819502,0.337285728,0,25.522786,141.489259,4,0.105984,0.920862,0,39
0.741583,109.798561,40.776081,1.027467103,2.79398,3.163158612,23.645164,3.990486,0.062798,8.462897,1160,8,7,53,6,0,1,43,0,11.917174,0.160501,102.633663,102,-1410,1,382.532338,398.920398,218.751244,7.456789565,1731.58,6.429322464,619.7539,4.734332,435.56246,0.031618,0.82039,4.941236,1.325742,-4.501355,0.407174,2079.974186,0.100988,0.448570953,0.138685179,0.439228972,0,2.620253,1.934001,42.754502,3,0.051181,0.082454,0,42
0.527344,109.005871,41.131854,0.006396499,1.006417,1.816043055,6.147485,1.728636,0.334652,6.108289,1109,9,8,110,6,0,1,43,0,5.341602,0.01964,89.885129,45,-1498.348745,15.457067,420.21875,398.5625,181.234375,6.107121101,449.0441,6.100724699,446.181,6.232555,324.99213,0.034191,0.294734,5.449478,1.043009,-4.84351,0.240576,1622.164327,0.05812,0.362084732,0.013232181,0.713566879,0,0.211366,0.187192,15.082241,1,0.003636,0.054427,0,0
0.366525,115.734222,40.359752,4.724411465,112.664172,5.70526626,300.445466,7.984869,0.015684,2.666735,473,6,16,105,6,0,1,43,0,3.147757,0.011588,77.491307,82,-1293.590753,11.920305,417.338645,402.281161,180.377348,7.991458985,2955.606,3.267047131,26.23376,9.180301,827.815907,0.029696,1.729459,7.915064,2.031753,-7.060554,0.714391,3064.323196,0.225687,0.000525061,0.443505196,0.251788892,0.049182161,0.046042,5.805353,278.633718,4,0.022977,0.095825,0,44
0.632102,104.502614,30.055807,0.562918329,1.755789,3.486589693,32.674328,6.956097,0.020667,18.609487,393,3,9,6,15,0,1,43,0,10.13723,0.103407,83.081157,58,-1520,19,176.329545,480.170455,343.306818,3.261544817,26.08981,2.698626605,14.85931,1.979493,3646.506256,0.032349,62.86296,17.204208,3.734048,-4.364856,0.773491,11873.93335,0.456332,0,0.890686414,0.195899582,0.061859869,0.570852,0.354597,308.016382,1,0.003154,0.946712,0,0
0.530612245,-97.96231,39.324426,-2.932719916,0.053252,0.253558686,1.288603,1.575243,0.403,24.19835,457,1,5,42,9,0,5,74,0,4.880388,0.050234,107.934524,17,-1413,0,160,502,338,1.479556308,4.390997,4.412282281,82.45744,0.765507,1954.498471,0.034799,5.488264,12.727611,2.632627,-7.766893,0.577971,4297.139183,0.305,0,0.816944024,1,0,0,0,0.581889,1,0.005248,0.124399,0,0
0.898113,-97.171732,43.60511,0.720688901,2.055849,2.85866475,17.438227,3.43085,0.084956,8.482251,437,1,5,53,18,1,5,74,0,5.588245,0.093394,110.674286,28,-1224.790708,14.400184,121.611111,524.117284,354.364198,6.815191863,911.5914,6.094502969,443.4136,1.149844,1201.046211,0.033355,8.144159,7.619964,2.452046,-5.388372,0.276033,5022.735867,0.289237,0,0.813327446,0.203524096,0,0,1.177602,2.48665,4,0.03045,0.142907,0,32
0.58615687,-92.046345,40.415916,-2.189997754,0.111917,1.130946201,3.098587,2.612829,0.14648,27.686513,220,6,13,43,9,0,5,74,0,2.590839,0.030648,105.459016,12,-1413,0,108.866667,484.466667,406.666667,2.244955768,9.439998,4.434955366,84.34836,0.632964,2495.865627,0.036647,0.046397,11.270416,3.131515,-9.447473,0.502259,7304.524238,0.387132,0,0.83050554,0.284,0,0.016949,0,2.11742,1,0.003926,0.594979,0,0
2.05439,73.126577,33.702453,1.497442993,4.470244,2.670019723,14.440254,1.926657,0.269396,3.230306,527,5,15,82,15,0,1,45,0,3.517399,0.041473,94.412212,35,-1100.505695,1.969248,298.626866,473.656716,227.656716,5.602890479,271.2092,4.105447529,60.66989,16.106375,3507.54494,0.025132,8.921568,18.445476,4.643385,-6.211599,0.929292,6798.898045,0.415409,0,0.44076828,0.084626391,0.040192859,0.000575,13.503599,1061.530433,1,0.051465,0.840817,0,48
0.295435,-39.81913,-18.673442,-0.572977661,0.563844,2.121477759,8.343458,3.134453,0.101783,14.797465,4,1,11,4,4,0,6,63,0,5.911938,0.037334,98.437209,23,-1056.569782,0,440.792683,221.073171,338.134146,0.934539604,2.546041,1.507517916,4.515509,1.683706,4452.429752,0.019012,0.033709,23.723095,4.204322,-23.983022,1.35397,9068.523962,0.488192,0,0.151661342,0.703913043,0.048690096,0.061033,4.052459,6.653957,1,0.004486,0.451778,0,24
0.99875,75.731065,18.909762,0.622508491,1.863597,2.379233307,10.796622,2.231038,0.200903,5.793432,555,2,5,13,4,0,1,45,0,6.361506,0.060567,88.959612,61,-1250,9,258.27027,271.905405,469.824324,3.913647685,50.0813,3.291139182,26.87346,4.596431,3275.384391,0.027523,36.669609,25.525318,2.636086,-8.070193,1.078233,3106.219465,0.259939,0,0.885717762,0.13026087,0,0.069492,4.303419,305.59113,2,0.008013,0.369156,0,38
0.714706749,-95.625932,39.891889,-3.459133745,0.031457,0.012735557,1.012817,1.610897,0.385358,32.196927,307,1,5,43,9,0,5,74,0,2.814368,0.03687,99.636364,12,-1413,0,107,532,362,1.138620512,3.122458,4.597755566,99.26128,1.755274,2568.707265,0.041441,16.541337,11.806368,3.121213,-6.574966,0.657073,6134.031646,0.308,0,1,0,0,0,0.452108,0.48735,1,0.006458,0.411509,0,0
0.104501608,-100.557389,30.674401,-3.811137488,0.022123,-0.241611794,0.785361,1.489495,0.450736,35.4992,707,6,9,51,9,0,5,75,0,1.94569,-0.002847,108.562929,7,-1052,0,145,462,394,1.705039141,5.501601,5.516160898,248.6785,0.57047,1403.669811,0.031135,0.650958,18.554568,1.832212,-8.325794,2.350994,2649.210738,0.255968,0,0,0.84,2.68E-05,0,0,0,1,0.004246,0.01197,0,0
2.936364,27.231659,47.210043,0.811417209,2.251096,2.285148963,9.82715,1.847675,0.29292,4.365496,59,3,5,18,9,0,2,22,0,5.815777,0.065425,90.295918,33,-1520,19,120.852459,424.344262,454.803279,6.037197901,418.7181,5.225780544,186.0063,5.656181,650.844322,0.028445,2.071033,9.34731,2.158312,-5.037188,0.418508,5238.222049,0.365625,0,0.673683066,0.131974359,0.10988446,0,5.27384,103.978515,2,0.003568,0.153424,0,0
1.429048,71.405123,32.482994,4.722450571,112.443466,4.986043253,146.356182,3.89349,0.065966,1.301598,193,1,16,113,5,0,1,45,0,1.998354,0.015627,104.006135,59,-1151.274602,4.570754,395.958633,347.723022,256.307554,10.20465972,27028.84,5.48220894,240.3771,11.403115,1376.675157,0.026776,7.230113,16.027397,2.684124,-5.643044,0.634841,2699.707828,0.146602,0.030703798,0.397990503,0.117169459,0.00670178,0,1.161718,177.170223,5,0.010821,0.189963,1155.586959,24
0.638060842,-97.786607,28.119116,-1.690512402,0.184425,1.256022508,3.511427,2.306579,0.187959,19.039817,42,1,14,56,9,0,5,75,0,2.195866,0.008429,103.453381,10,-1495,0,453.740741,217.148148,328.518519,3.374817129,29.21894,5.065327373,158.4323,0.232642,2494.756053,0.030692,0.779915,21.964278,2.320243,-7.577627,2.04089,4192.503368,0.322886,0,0.826168394,0.1,0.055132124,0.1206,2.26851,4.460933,1,0.00265,0.039685,0,0
0.124,3.425335,36.639203,1.550007178,4.711504,3.602711412,36.697602,4.769282,0.043964,7.788936,132,3,1,46,12,0,3,15,0,13.099304,0.083118,102.687592,93,-1455.109526,8.381559,329.713043,338.791304,331.504348,4.540520725,93.7396,2.99051368,19.8959,7.5,1198.580986,0.027907,0.150833,15.507743,2.285307,-7.564061,0.354503,4590,0.32,0,0,0,0,0.001405,9.339647,208.187858,1,0.007438,0.228555,0,30
0.35114,105.043672,29.927201,1.740711408,5.701398,4.35829855,78.124097,9.229738,0.011739,13.70262,392,3,13,6,15,0,1,43,0,5.755452,0.03058,91.644791,45,-1520,19,145.9056,489.5488,364.5824,4.069487674,58.52697,2.328776095,10.26537,1.367612,3590.651066,0.033556,0.972791,17.211427,3.826694,-4.424023,0.904662,11036.36024,0.426846,0,0.901613067,0.086692506,0.019768654,0.412979,0,353.414526,2,0.011524,0.98789,0,40
0.916667,-5.717601,35.632894,1.434782575,4.198732,3.065073758,21.436043,2.951078,0.114826,5.105361,40,3,7,56,12,0,3,15,0,6.034796,-0.012189,111.095231,43,-1520,19,255.519737,331.151316,413.467105,5.181027647,177.8655,3.746245124,42.36172,7.728639,1478.98262,0.029629,16.852431,16.488981,2.580563,-14.065364,0.411907,4763.715766,0.295147,0.000863121,0.824835355,0.116448911,0.051781467,0.033886,2.717256,69.219087,1,0.002222,1.016386,0,39
0.31194,-1.944554,42.719873,0.501786292,1.651669,2.527042101,12.516429,2.74735,0.132487,7.57805,450,6,3,12,10,0,2,21,0,5.795414,0.0116,109.498462,63,-1324.92752,13.878822,240.395161,474.395161,285.419355,5.214076693,183.842,4.712290353,111.3068,12.487524,937.89339,0.02551,3.384036,10.355463,2.767369,-5.677052,0.75101,7702.474774,0.455268,0,0.435312243,0.120610687,0.221799767,0.086558,3.867334,7.106743,1,0.036029,1.870066,0,30
0.424211,79.823391,20.247413,2.818348167,16.749161,4.053569511,57.602704,3.970465,0.063433,3.43914,211,8,9,98,4,0,1,45,0,2.597056,-0.015841,89.7443,33,-1410,1,244.220624,385.517986,370.127098,5.395455874,220.4026,2.577107455,13.15902,0.933669,4638.227075,0.024901,2.825232,27.419183,4.509646,-15.802946,0.516278,6372.941486,0.440587,0,0.299258529,0.104539347,0.163038206,0.657143,0.309881,208.481588,2,0.002426,0.983666,0,24
0.055284,112.473281,25.304106,0.831494645,2.296749,3.023657655,20.566379,3.828214,0.068235,8.954563,335,9,3,4,9,0,1,43,0,19.185068,0.027284,90.79031,112,-1368.217284,13.196543,386.035211,338.457746,275.542254,4.53385376,93.11672,3.702359193,40.54284,18.888528,5257.547396,0.024447,0.798361,16.721874,6.230294,-5.622184,0.213313,13946.07604,0.567445,0,0.202702184,0.215928339,0.373077372,0.072961,0.066599,103.374872,1,0.04655,2.32711,0,30
0.253125,127.992327,35.184159,2.78282546,16.164629,4.379691448,79.813403,5.6,0.031888,4.937534,37,4,5,44,15,0,1,42,0,13.928877,0.338029,74.97561,104,-1511.765727,17.652574,361.151741,377.146766,261.681592,7.728880461,2273.056,4.946054817,140.6191,17.135498,5266.105179,0.027041,8.417304,11.027073,4.576023,-11.135279,0.594551,12535.79848,0.500533,0.000542371,0.360181998,0.110290546,0.256050093,0.097304,7.002945,85.19665,2,0.004607,2.002906,222.19506,34
0.131786,-43.418967,-16.211924,-0.378666422,0.684774,2.187762396,8.915242,3.039166,0.108266,13.019241,601,8,5,25,4,0,6,63,0,4.639692,0.043064,104.933333,34,-1180,6,403.166667,272,324.611111,3.364506426,28.91922,3.743172308,42.23175,6.251995,4036.76882,0.021778,20.642393,23.191771,3.055566,-10.842275,1.903324,6029.503706,0.411452,0,0.201402509,0.356705882,0.119307298,0,0,5.220709,1,0.001278,0.378339,0,0
0.707196,103.172053,26.664763,0.184315401,1.202395,2.715567872,15.11319,3.888012,0.066152,12.569239,2402,5,1,1,16,0,1,43,0,20.087476,0.110375,94.236453,138,-1478.78,20.221333,238.745223,466.127389,295.248408,3.898581066,49.3324,3.714265729,41.02845,17.45637,2395.244462,0.02718,0.222875,10.781918,4.660008,-4.201663,0.182957,8482.810857,0.473706,0,0.126061596,0.780065359,0.003635091,0.015504,0.022708,101.594983,1,0.181562,1.465522,0,30
0.974828,77.688575,10.429173,-0.648087777,0.523045,2.155936502,8.635974,3.368502,0.088131,16.510951,557,9,3,44,4,0,1,45,0,7.92046,0.065912,106.101076,73,-1410,1,453.95,257.066667,288.983333,4.320200565,75.20371,4.968287831,143.7805,18.760809,5514.566466,0.018651,76.345712,23.813018,4.673143,-10.90943,0.52952,4276.057383,0.591274,0,0.137027513,0.339833333,0.368461538,0,1.711071,244.285972,1,0.085993,0.448249,0,0
1.136364,85.157244,27.602361,0.269879798,1.309807,2.306104194,10.035253,2.473545,0.163441,7.661627,1533,8,1,7,15,0,1,45,0,24.087282,0.276745,109.592732,163,-1410,1,336.743119,446.899083,216.440367,4.821883508,124.1988,4.552003665,94.82221,21.194402,5748.479641,0.024501,22.431904,16.141122,8.980696,-5.99839,0.168551,15680.44258,0.528021,0,0.198247075,0.162670455,0.255122803,0.587819,0.03747,229.038959,1,0.033766,5.174409,0,42
0.053343661,-78.56422,41.584865,1.487318865,4.425215,3.705457575,40.668652,5.453655,0.033622,9.19021,509,3,5,7,19,0,5,74,0,20.165714,0.351143,104.029138,125,-1510.582055,19.27905,341.215339,448.0059,210.769912,5.221752147,185.2585,3.734433196,41.86429,5.547067,1393.721614,0.026887,0.34877,7.370106,3.997532,-15.244945,0.916819,11659.92412,0.443877,0.009095806,0,0.144394161,0.834270866,0.042262,1.628758,0.845369,1,0.005062,2.048097,0,43
0.630597,-76.721384,39.892065,-0.396805213,0.672465,2.165435505,8.718398,2.999142,0.111175,12.964843,134,8,5,56,9,0,5,73,0,11.1651,0.082358,85.492754,67,-1410,1,310.241758,476.065934,213.417582,1.376048046,3.959224,1.772854049,5.887633,5.063228,2057.349241,0.028134,1.337419,11.519157,3.574293,-6.442885,0.784373,8767.204659,0.467,0,0.145374376,0.173867925,0.399301165,0,39.398469,331.808726,1,0.005593,1.506595,0,31
0.179333,33.257401,34.805715,-0.673160257,0.510094,1.835766147,6.269936,2.476471,0.163055,12.291738,154,9,1,44,12,0,1,21,0,14.189509,0.151384,77.902379,65,-1180,6,349.863636,398.954545,251.606061,4.461160776,86.58796,5.134322054,169.7492,12.183609,736.571639,0.021434,0.069988,18.366992,1.045885,-9.157466,1.177272,3253.461138,0.301346,0.030306031,0.028062993,0.195657895,0.018600146,0.108498,4.328637,9.885654,3,0.020077,0.459359,0,0
0.101301,109.274219,28.637433,0.048846353,1.050059,2.565002664,13.000693,3.578943,0.078071,12.380918,412,5,1,34,9,0,1,43,0,22.689461,0.200088,75.665049,134,-1520,19,180.822222,508.688889,310.377778,3.911777775,49.98774,3.862931496,47.6047,16.964727,4871.642735,0.02775,0.094316,15.111328,5.800503,-3.357613,0.672897,13004.65556,0.541701,0,0.482291227,0.165,0.113492614,0.005046,0,52.11508,1,0.013091,2.05591,0,22
0.571,-85.150056,33.04109,4.644071925,103.966832,6.660955787,781.297334,21.615436,0.00214,7.514871,194,8,9,4,9,0,5,73,0,8.433359,0.110506,87.540904,85,-1409.428948,1.109019,426.810551,313.923095,259.242907,8.262185322,3874.552,3.618113583,37.2672,2.451184,3723.349486,0.023977,0.622607,16.573748,3.766652,-16.880771,0.198682,9303.539895,0.540154,0.000794803,0.005551568,0.097678522,0.090330014,0,21.6268,257.135598,5,0.010943,1.348732,76.977676,39
2.418964683,-97.639013,33.614965,-4.024743875,0.017868,-0.123100272,0.884175,1.865912,0.287222,49.482796,335,3,5,56,9,0,5,75,0,4.509725,0.024482,99,22,-1300,22,375.461538,378.769231,245.769231,-0.15310223,0.858042,3.871623005,48.02026,2.95,2725.262712,0.034221,4.871194,17.909758,2.81723,-9.540507,1.161346,4670.85,0.389,0,0,1,0,0,3.394206,2.244825,1,0.019755,0.375022,0,0
0.708333,76.649473,10.311055,0.548699276,1.731,3.310929617,27.410595,5.877127,0.028951,15.835124,418,8,1,5,2,0,1,45,0,14.284681,0.130419,107.170021,93,-1410,1,416.808511,258.87766,324.510638,6.249539433,517.7743,5.70084015,299.1186,15.287932,6470.717831,0.021518,0.388597,22.903087,9.543554,-20.086886,0.23825,16870.23507,0.658616,0,0.021010226,0.15375,0.73644007,0.000227,0.214915,522.834065,3,0.02771,4.728802,293.622423,25
0.836957,-49.413503,-18.581609,4.199282819,66.638522,5.493743647,243.165832,8.403011,0.014162,3.649028,434,2,5,29,4,0,6,64,0,4.210355,0.035529,95.255319,72,-1291.879025,13.7203,466.710157,249.180842,284.085054,8.000531236,2982.542,3.801248527,44.75703,4.210557,6051.716143,0.021258,13.549716,23.856616,4.462533,-8.827298,0.994067,9455.519154,0.432344,0,0.56361558,0.078259598,0.035233553,0,2.501381,48.007196,5,0.022731,0.729077,1181.011395,57
0.633245,104.621138,29.633648,1.162411161,3.197634,3.427946675,30.813308,4.860926,0.042322,9.636285,410,3,1,4,15,0,1,43,0,20.681711,0.181366,84.279045,167,-1263.711443,7.068657,317.053957,448.183453,234.73741,4.480974395,88.32069,3.318563319,27.62064,14.124271,4407.864468,0.028854,51.296972,16.82757,4.178416,-4.39234,0.70826,12276.31368,0.4909,0,0.445823266,0.236981567,0.044996198,0.688964,0.997519,219.977585,2,0.005864,1.377358,0,33
0.310606,-86.198565,34.466684,5.264864761,193.420149,6.452518258,634.297608,12.865814,0.006041,3.279377,181,3,7,105,9,0,5,74,0,8.972394,0.134535,108.222222,126,-1257.235678,10.719867,298.797307,477.11056,224.11871,8.781697779,6513.927,3.516832631,33.67759,6.824581,3752.217175,0.025897,0.749268,14.992767,4.435252,-18.356646,0.210638,11042.13306,0.537948,0.000724735,0.036163366,0.080179225,0.494976177,0,7.007787,30.622717,6,0.012516,1.895863,30.467032,33
0.032561,110.756947,28.182447,0.924462849,2.520514,3.227460114,25.215531,4.480419,0.049815,10.004122,268,6,3,4,9,0,1,43,0,27.665707,0.177741,80.230616,187,-1357.132479,17.608547,302.964646,425.530303,271.545455,5.103939828,164.6694,4.179476911,65.33167,21.158352,5398.313634,0.025357,1.453486,15.258707,5.940099,-3.831136,1.148759,13098.49619,0.59064,0,0.176244487,0.210263158,0.591431,0.00204,0,60.726665,1,0.011023,3.06472,0,35
0.01375,128.844552,36.633699,4.070448734,58.583245,4.943297574,140.231913,5.168389,0.037436,2.39372,154,9,5,8,15,0,1,42,0,12.306116,0.010576,91.275726,205,-1430.995126,4.435566,316.372609,397.263198,286.469778,7.370089574,1587.776,3.299641102,27.10291,16.251797,3440.095746,0.027207,1.072312,9.618934,3.699293,-5.795975,0.997836,11762.08441,0.518877,0.00107469,0.200263042,0.175328553,0.238126487,0.076449,6.967208,67.412121,1,0.012985,2.142185,0,39
0.275,46.229315,56.226622,6.921686466,1014.028678,7.519381383,1843.426567,16.330361,0.00375,1.817924,60,1,16,21,19,0,2,28,1,4.028381,0.060994,108.727969,77,-1183.499674,0.092947,415.329021,342.945916,241.793017,12.68542061,323004.2,5.763733929,318.5355,1.61632,383.76381,0.030822,0.192726,4.686018,2.295575,-4.271191,0.758363,7202.175922,0.370275,0.000298406,0.433060638,0.032226319,0.309592393,1.45977,4.309559,80.572563,6,0.001258,0.554022,526.11167,36
0.132121,45.059837,34.236034,5.835427123,342.210869,5.92622668,374.737837,5.714467,0.030623,1.095049,90,5,16,114,5,0,1,29,0,2.190822,-0.000237,111.173934,55,-1274.384522,9.028431,184.559881,492.579347,322.855493,8.954575484,7743.24,3.119148303,22.6271,3.316266,453.315698,0.037387,2.459271,21.873971,1.44776,-8.111987,0.862257,1466.919239,0.112488,0.616835768,0.333990305,0.023232413,0,0.93855,2.339103,44.767093,4,0.014063,0.177943,78.271268,43
0.186956522,21.706916,-33.484336,-0.832694346,0.434876,2.157250718,8.647331,3.699084,0.073082,19.884569,291,3,3,109,6,0,3,12,0,13.377797,0.125508,94.636364,100,-1520,19,647.2,151.2,201.533333,5.134005065,169.6954,5.966698126,390.2151,16.148406,556.794932,0.014773,3.707833,16.270917,1.240445,-6.127562,0.408742,1637.55533,0.304248,0,0.001055098,0.305079365,0.05574372,0,0.000481,0.740026,1,0.012104,0.060063,0,0
0.156565,124.115049,39.987493,0.924743308,2.521221,2.98432086,19.773069,3.512883,0.081035,7.842654,6,9,11,37,26,0,1,42,0,3.545739,0.01492,103.966394,33,-1250,9,375.117647,433.830882,190.860294,2.82725149,16.89895,1.902508192,6.702685,3.68587,4001.390424,0.032395,14.89465,8.940927,3.312642,-6.101421,0.450767,8399.548073,0.260113,0.008051948,0.673756325,0.128997361,0.01194239,2.666738,4.941935,618.908663,1,3.80E-05,0.66472,0,0
0.351612903,28.237891,-24.849305,-0.553054858,0.57519,2.203960507,9.060828,3.370213,0.088041,15.752764,1237,3,3,78,5,0,3,12,0,11.52079,0.11686,99.266667,81,-1250,9,664.485149,159.267327,176.277228,4.108849521,60.87664,4.661904899,105.8375,7.908323,2016.758242,0.020375,172.120684,18.453364,2.218298,-9.167257,0.894975,3274.81831,0.310197,0,0.074723431,0.294615385,0.031257362,0,0.25203,4.357045,1,0.02012,0.128937,0,0
0.348472,115.116595,28.365215,0.343580484,1.409987,2.942807702,18.969031,4.506431,0.049242,13.45334,61,5,9,1,9,0,1,43,0,4.027139,0.041909,106.3125,25,-1520,19,300.136691,456.194245,243.654676,1.896627013,6.663381,1.553046593,4.725846,1.393424,5124.586826,0.031721,7.248757,18.000969,5.813148,-5.394736,0.795305,11845.87188,0.416,0,0.792040816,0.134397906,0.005249433,0.148984,0.378942,293.17709,2,0.01117,1.085268,362.70764,0
0.129167,81.528984,20.511437,-3.768139135,0.023095,-0.3606844,0.697199,1.294166,0.597063,30.187873,353,5,7,57,4,0,1,45,0,2.71353,0.045268,97.827586,13,-1410,1,377,248,375,-2.050480977,0.128673,1.717640625,5.571368,1.625,4376.083333,0.028,3.05252,25.718294,4.396985,-8.980585,0.982448,6305.375,0.38,0,0.8125,0.83,0.001875,0,1.12395,305.826233,1,0.003364,0.662397,0,25
0.052757,100.414825,25.895008,0.519113385,1.680537,2.469246077,11.813537,2.570698,0.151321,7.029621,1803,6,3,44,15,0,1,43,0,9.717505,0.047573,78.365824,89,-1253.353396,9.871883,315.243697,405.176471,279.672269,4.953237087,141.6327,4.434123706,84.27824,19.915612,2520.606342,0.024013,10.303756,14.512211,3.697093,-7.499561,0.91681,6328.670085,0.470651,0,0.344701069,0.184611872,0.070090007,0.005705,0.224754,91.972558,2,0.024009,1.34219,0,28
1.477931,76.6041,11.390703,-0.166510414,0.846614,2.761160733,15.818193,4.849637,0.042519,18.684067,2211,8,1,3,16,0,1,45,0,12.03226,0.12517,106.037397,71,-1410,1,349.238095,342.666667,308.095238,2.662671312,14.33453,2.829181698,16.9316,6.789783,7628.659588,0.020514,0.320947,16.125352,7.224015,-17.951756,0.192173,9844.946565,0.642,0,0.004891368,0.234949495,0.262601292,0,2.70671,225.196002,1,0.030768,6.103902,0,0
1.026829,107.241658,34.446885,2.279111839,9.768001,3.422505248,30.646095,2.766097,0.130697,3.137397,597,9,6,37,6,0,1,43,0,6.252264,0.031181,89.744031,60,-1088.022663,1.637394,286.513889,460.583333,252.819444,5.049986127,156.0203,2.770874128,15.97259,9.419131,1392.397078,0.031977,8.905408,12.272971,3.029393,-3.705587,0.097291,5419.235849,0.338136,0,0.876529844,0.057712843,0.008021136,0.007659,6.830275,495.347553,3,0.004487,0.355507,0,46
2.2,-95.633143,33.170355,1.993455457,7.340856,3.034352662,20.787517,2.164334,0.213477,2.831757,137,1,13,56,9,0,5,74,0,3.47031,0.009141,115.652174,19,-1312.277386,11.297602,312.469565,434.06087,253.713043,5.097998831,163.694,3.10454318,22.29903,0.823431,3179.655626,0.03321,0.838966,18.093653,3.553873,-7.989249,0.880357,7049.00483,0.441886,0,0.038523251,0.091805692,0.110723664,0,7.952708,16.147341,2,0.001247,0.703255,0,32
0.099338,115.222904,26.986969,1.633987295,5.124266,4.645290475,104.093598,12.97189,0.005943,20.313855,63,3,3,4,9,0,1,43,0,7.194721,0.047894,90.927635,121,-1519.27098,19.021601,340.352248,377.127409,282.502141,5.687874952,295.2655,4.053887605,57.62103,7.743976,5298.901387,0.027365,2.24905,18.466693,5.445527,-6.335555,0.390568,12516.76204,0.536717,0,0.453306213,0.076544656,0.131180494,0.001619,0.036241,88.363389,4,0.012792,1.764347,739.482263,35
0.093103448,27.321899,-32.750438,-0.380758349,0.683343,1.818508503,6.16266,2.103023,0.226106,9.018405,513,2,1,56,10,0,3,12,0,6.472227,0.039161,92.392157,50,-1650,12,408,279.721311,312.278689,1.898087667,6.673121,2.27884655,9.76541,11.985931,2099.404609,0.018344,1.660159,16.060771,2.877866,-12.698829,0.183773,4164.429654,0.671526,0,0.001060606,0.172842105,0.621612554,0.085106,1.80343,0.666162,1,0.005067,0.14099,0,0
0.962927,98.075035,36.261024,0.386261222,1.471469,1.85922059,6.418732,1.492687,0.44881,4.362125,3223,1,7,113,6,0,1,48,1,3.621422,0.030832,102.828025,49,-1135,0,479.508197,354.606557,165.885246,2.120706078,8.337022,1.734444749,5.665781,6.783223,94.400814,0.019903,5.262438,-0.48382,1.035583,-4.172524,0.925739,1469.733389,0.07212,0.009174312,0.06372093,0.453943662,0,0.046358,0.584108,15.040025,1,0.008429,0.119884,0,0
0.245738,113.233656,34.352546,2.349274099,10.477961,3.830723293,46.095867,4.017156,0.061967,4.399316,215,1,7,6,15,0,1,43,0,6.878027,-0.000526,99.844958,94,-1425.781662,14.350264,285.215625,496.184375,218.6,6.370844887,584.5515,4.021570802,55.78867,7.217203,2044.819789,0.030587,27.398092,13.647094,2.985143,-5.734456,0.127818,4720.914108,0.304135,0,0.80996206,0.112122867,0.040762676,0.847498,8.335946,570.268652,3,0.059469,0.309016,0,40
0.011437,111.753002,25.032644,3.477954482,32.393393,5.866811321,353.121193,17.502119,0.003265,10.901025,259,5,1,4,9,0,1,43,0,24.806177,0.075447,68.9021,270,-1476.745698,17.346159,427.25402,314.385297,258.319659,7.302930965,1484.645,3.824976646,45.83173,19.993363,6214.801064,0.024064,2.843259,17.047252,7.519794,-4.436626,0.411298,14460.69746,0.588335,0,0.117936113,0.224485224,0.311052364,0.003796,0.052079,68.242433,3,0.039891,2.569969,1059.358615,33
0.184983678,-88.238857,35.706027,0.553294134,1.738972,2.705753098,14.965583,3.201418,0.09757,8.605994,135,1,5,1,9,0,5,74,0,7.179094,0.074593,106.838583,35,-1413,0,146.65,614.45,239.185714,2.611149357,13.61469,2.057855225,7.82916,2.3702,3655.117093,0.026319,0.114631,15.61081,4.231236,-23.398699,0.353578,9722.017409,0.540572,0,0.000291859,0.082716535,0.843696877,0,1.307208,3.093884,1,0.045256,1.310631,0,0
0.10062486,-83.484416,38.064296,3.482637236,32.545439,5.536395378,253.761634,12.548042,0.006351,7.797149,222,3,5,7,9,0,5,74,0,19.026935,0.191807,94.407407,121,-1372.453916,14.836406,267.336106,477.602884,255.078203,7.66668505,2135.989,4.184047688,65.63097,5.834928,2483.270329,0.026373,8.96395,12.980356,3.970149,-20.7761,0.716418,9703.578459,0.52527,0.004290146,0.020297232,0.067849507,0.806642455,0,2.229808,14.549429,1,0.013852,1.168875,27.289514,34
0.08,-106.842425,47.758726,6.873482397,966.307781,7.749503551,2320.420159,21.057362,0.002255,2.401326,679,3,16,105,6,1,5,74,0,6.027809,0.041441,105.911261,87,-1373.974584,20.729407,237.608996,429.260094,333.163872,10.79507301,48779.87,3.921590491,50.48067,4.95723,317.140479,0.028653,0.899235,6.499034,1.631681,-6.525959,1.372457,2641.916718,0.172339,0.002933964,0.233600142,0.1462695,0.019792005,0,0.259197,0.653771,7,0.074466,0.10269,7592.659427,33
0.510344828,-75.503646,6.294986,-2.622019305,0.072656,0.794168295,2.2126,2.315591,0.186499,30.45305,2349,12,3,44,10,0,6,61,0,12.411737,0.050365,106.730159,54,-1410,1,338.04,356,306.72,3.342032132,28.27653,5.964050184,389.1832,7.157561,8924.191702,0.020657,20.181618,16.326905,10.303756,-10.418866,0.386868,16284.85149,0.619165,0,0.007902203,0.514444444,0.849806822,0,21.206178,4987.991829,1,0.138928,3.205836,33.237904,28
0.610274,78.507514,25.16132,2.705716213,14.965031,4.385215246,80.255496,5.85236,0.029197,5.362869,269,9,9,56,5,0,1,45,0,3.176411,0.034203,84.835062,42,-1410,1,416.693086,341.48398,241.730185,5.874982134,356.0183,3.169266165,23.79002,1.099775,3403.189155,0.027263,6.612848,25.304746,3.096358,-8.496333,0.90536,4275.542463,0.295644,0,0.772527679,0.124110302,0.000137576,0.054565,3.212153,358.644958,4,0.008018,0.314083,143.488896,32
2.015,71.391558,33.574595,0.601948686,1.825673,1.772081794,5.883088,1.228256,0.662861,3.222421,515,5,7,44,5,0,1,45,0,5.680318,0.021588,111.992958,36,-1052,0,297.83871,437.516129,264.241935,3.762675306,43.06348,3.160726662,23.58773,16.094202,2068.965851,0.027467,34.338842,20.29304,2.698917,-6.75813,0.684446,2896.506064,0.232618,0,0.643930886,0.067626459,0,0,4.522473,273.919195,1,0.004407,0.236474,0,0
0.928636,79.062386,15.583046,3.219077804,25.00505,4.442776719,85.010665,4.795729,0.04348,3.39974,193,8,7,56,4,0,1,45,0,8.984054,0.051269,94.283153,114,-1477.679491,19.577098,414.355903,266.390625,319.357639,6.885648413,978.1357,3.666570704,39.11753,9.744042,3710.916245,0.026337,9.538295,26.614935,2.292853,-14.039455,0.566324,3479.660557,0.424086,0,0.264444351,0.108362919,0.116511899,0.019415,1.1626,92.216301,2,0.002914,0.436176,0,37
0.056802045,-88.414604,35.557571,0.576540328,1.77987,2.964460365,19.38424,4.098734,0.059525,10.890821,143,1,9,1,9,0,5,74,0,6.072032,0.059998,115.818182,35,-1413,0,162.488189,614.984252,222.480315,2.992672096,19.93889,2.416131612,11.20244,2.382621,3631.538365,0.026594,0.062593,15.736559,4.209619,-24.335433,0.326398,9602.900491,0.531551,0,0.05611773,0.129960317,0.532084793,0.204082,3.684182,20.685418,1,0.003199,1.385408,0,0
4.966364,76.169638,11.604496,1.268246197,3.554613,3.944882703,51.670277,7.731071,0.016731,14.536118,748,8,5,66,2,0,1,45,0,9.292951,0.108286,68.937063,51,-1410,1,421.528265,290.465887,288.218324,3.044220487,20.99366,1.775974371,5.906033,4.396234,5934.799133,0.023833,0.03088,21.351035,7.230966,-19.712794,0.36843,18990.28045,0.642942,0,0.225208333,0.490550239,0.332051282,0.394265,3.289239,415.026942,2,0.005195,6.891959,0,29
0.074358974,31.016947,-25.149737,0.08653543,1.09039,2.671034357,14.454913,3.904987,0.065578,13.256644,872,9,1,29,15,0,3,12,0,9.340539,0.110083,94.945148,80,-1410,1,477.055172,150.027586,372.675862,4.122339359,61.70342,4.03580384,56.58839,9.062099,3187.914117,0.018119,4.547649,16.393985,4.693229,-23.125704,0.185046,5873.453332,0.604709,0,0,0.18238806,0.434477894,0,1.365079,3.164705,1,0.044132,0.682408,0,0
0.059259259,20.54049,-34.011101,-0.019757908,0.980436,2.245312484,9.443366,2.690372,0.138158,9.631805,87,3,7,56,5,0,3,12,0,6.171452,0.039349,102.441558,54,-1410.2,22.253333,650.083333,168.0625,181.927083,5.988800502,398.9358,6.008558853,406.8965,15.803616,663.627732,0.016862,5.054591,15.71737,1.398326,-6.598303,0.376559,2160.694036,0.42344,0,0.215973975,0.193649635,0.10140478,0.816327,0.630765,18.168477,4,0.012106,0.06511,0,0
0.464545,69.962547,22.324795,2.652797006,14.193683,4.305381955,74.097512,5.548188,0.032486,5.220457,25,2,13,8,5,0,1,45,0,2.535123,0.002126,106.165541,38,-1250,9,414.364042,357.943536,227.665676,6.022566575,412.6363,3.369769664,29.07183,1.125084,3095.842424,0.027683,15.319954,26.260943,1.835951,-10.410239,1.731088,2687.467973,0.217275,0,0.899083396,0.153995523,0.00013254,0.027586,4.622726,134.063552,3,0.008728,0.253647,0,41
3.738589212,-105.980925,36.010185,-4.158563135,0.01563,-0.465847478,0.627603,1.416121,0.498654,40.153695,1825,8,5,115,6,0,5,75,0,2.609517,-0.008431,103.033333,10,-1063.234783,8.278261,650,219,131,1.834696026,6.26323,5.993258437,400.7182,7.060976,356.672222,0.02793,3.618076,10.62712,1.184698,-5.037239,0.774608,1650.268293,0.136,0,0,1,0.147050998,0,7.760248,3.52863,1,0.034166,0.02674,0,0
0.743793,-96.224135,37.464438,-1.377465451,0.252217,1.445321001,4.243214,2.383431,0.176033,16.823653,303,6,9,42,9,0,5,74,0,4.11667,0.043461,104.585366,20,-1413,0,164.816327,490.102041,345.795918,1.548019638,4.702149,2.925484687,18.64326,1.528986,2497.682515,0.032763,1.209621,14.129819,3.300896,-7.484342,0.74812,5904.865217,0.337,0,0,0.728571429,0,0,0.192422,0.331104,1,0.00465,0.5272,0,39
0.352564,114.989827,29.142289,1.37900108,3.970933,3.758201858,42.871268,6.068972,0.02715,10.796271,131,3,3,4,9,0,1,43,0,21.444,0.134018,71.852935,209,-1366.494709,10.980423,341.756849,408.184932,250.284247,5.651686051,284.7712,4.27268501,71.71393,21.931006,5398.625929,0.025837,1.012036,15.084215,6.959849,-5.019869,0.369825,13362.59136,0.575913,0,0.237271361,0.209149338,0.222943503,0.43714,0.007783,90.278778,3,0.179721,2.220189,0,34
0.170829,104.399122,30.509031,1.828556575,6.224895,4.258119042,70.676918,7.991101,0.01566,11.353913,458,1,5,6,15,0,1,43,0,10.723091,0.089257,85.628205,116,-1520,19,245.50137,455.709589,298.756164,3.461696819,31.87101,1.633140181,5.119927,8.78046,3750.26692,0.031449,18.905205,16.503239,3.805988,-4.262563,0.874323,10800.44094,0.477656,0,0.522473892,0.162829964,0.011951729,1.532876,4.750111,280.173295,2,0.006122,0.871656,0,33
2.089167,76.040779,32.630552,2.537465734,12.647578,4.580419366,97.555297,7.738241,0.0167,7.713358,766,5,1,8,15,0,1,45,0,25.798922,0.180211,108.706557,428,-1477.035824,16.196111,452.575604,289.385006,258.069886,7.181853507,1315.344,4.644388015,103.9997,37.655086,3478.825292,0.025362,70.014175,9.503047,6.057656,-4.797371,0.589392,11931.52045,0.446455,0.000916478,0.188950541,0.25798419,0.06392834,0,1.030764,168.429102,3,0.012392,3.940664,1260.775103,33
0.090674,104.982347,30.534041,0.268487785,1.307985,3.104985612,22.308898,5.502648,0.033026,17.055922,376,3,5,6,15,0,1,43,0,12.96417,0.155758,109.347515,66,-1520,19,277.463203,472.675325,249.679654,3.366641133,28.98102,3.098153474,22.157,6.142894,3691.320087,0.032124,3.169296,17.062153,3.706625,-4.944428,1.083704,10759.07247,0.488162,0,0.811232457,0.091333333,0.16090074,0.917904,0.000258,366.479764,2,0.069627,0.831508,0,37
0.297009,115.871138,29.448379,0.039764796,1.040566,1.982447457,7.260491,2.007827,0.248055,6.977447,83,3,7,99,9,0,1,43,0,12.721809,0.013946,73.060976,101,-1286.596859,9.206806,234.380952,481.035714,284.5,3.540582441,34.487,3.500818559,33.14257,28.493281,6031.149371,0.025885,1.702204,16.726284,5.823837,-6.606167,0.780839,13212.38882,0.55701,0,0.119774599,0.118518519,0.184349805,0,0.723203,312.92713,1,0.007504,2.169144,0,34
0.033962264,19.09281,-33.825423,1.084036577,2.95659,2.753493119,15.697369,2.575291,0.150781,5.309282,294,3,3,56,13,0,3,12,0,15.015908,0.153689,100.8,127,-1250,27,729.894231,137.394231,132.951923,4.466794967,87.07719,3.382758424,29.4519,33.546281,1507.890788,0.017503,8.035592,14.821686,2.485979,-6.70178,0.281146,4212.379833,0.387361,0.001808318,0.074141547,0.267488038,0.108129915,0,1.269892,2.464163,1,0.023572,0.624228,0,30
0.356208131,-98.695069,26.351264,-2.177213148,0.113357,0.566585727,1.76224,1.476511,0.458698,15.545981,57,3,6,51,5,0,5,75,0,2.75495,0.022895,104.378021,15,-1052,0,490.652174,273.652174,235.695652,3.731476193,41.74068,5.908692807,368.2245,0.746684,2224.497506,0.02996,0.909753,23.820341,1.647056,-8.960349,3.051915,2728.469786,0.313794,0.00352459,0.593515107,0.206666667,2.21E-05,0,2.897252,0.87293,1,0.005841,0.054515,0,0
0.520833,110.048703,41.488558,0.416495384,1.516637,2.236141078,9.357153,2.143374,0.217673,6.169671,1493,5,9,110,6,0,1,47,1,3.466509,0.013327,109.010676,25,-1410,1,469.303922,315.921569,215.068627,5.792832189,327.9405,5.376336644,216.2287,1.541694,303.808031,0.032904,0.181975,3.648895,1.122018,-4.820369,1.668313,1971.857603,0.091619,0.481700829,0.304226768,0.333248945,0,2.179959,0.245565,15.774437,1,0.002098,0.033221,0,0
0.014865,111.505647,29.714638,2.088553898,8.073232,4.044996638,57.110994,5.670105,0.031104,7.074118,69,1,7,1,9,0,1,43,0,9.149805,0.021673,104.688889,69,-1346.22977,12.355844,268.19378,440.437799,291.650718,4.604463636,99.92937,2.515909393,12.37786,9.211924,4244.428466,0.030193,3.538388,16.420198,5.368918,-4.640545,0.782391,10019.90911,0.466671,0,0.615027983,0.093883318,0.168707559,0.049423,0.714079,297.741171,2,0.002756,1.524196,0,34
0.67931,106.525957,35.54089,0.134142706,1.143556,2.431796003,11.379301,3.001801,0.110978,9.9508,1510,1,1,44,27,0,1,43,0,28.350943,0.202117,89.898551,218,-1321.553243,24.879904,307.951456,469.067961,223.203883,6.29633554,542.58,6.162192912,474.4674,15.720714,840.785136,0.024179,1.137356,5.807009,2.96925,-3.833308,0.255826,5751.73406,0.343932,0,0.480068339,0.175740741,0.092596609,0,0.702161,97.133441,1,0.021121,0.275703,0,34
0.285,-89.9112,39.252728,-3.129903871,0.043722,0.567406504,1.763687,2.379385,0.176632,40.338327,184,3,13,60,9,0,5,74,0,3.380877,0.006435,102.948529,10,-1413,0,45,759,196,-0.177049877,0.837738,2.952845649,19.1604,0.206349,2182.090164,0.033615,9.213348,12.474023,3.349999,-6.858356,0.5166,7512.84127,0.368571,0,0.852380952,0,0.076190476,0.281481,14.034157,19.268667,1,0.019685,0.693177,0,0
0.755909,-96.994387,38.662498,-0.263029786,0.768719,1.946851848,7.006595,2.254333,0.196772,9.114633,404,5,9,53,9,0,5,74,0,4.924231,0.066323,95.476766,34,-1413,0,98.945455,490.981818,410.072727,4.378021249,79.68021,4.641050712,103.6532,1.050762,2291.946097,0.032396,0.909359,13.093708,2.831107,-8.23523,0.843512,5418.943177,0.3226,0,0.434348851,0.161709402,0.001199596,0.025634,2.096723,2.230588,1,0.001397,0.296344,0,48
0.298293,86.643424,24.867818,2.162667639,8.6943,3.312392179,27.450714,2.626222,0.14499,3.157323,128,8,11,6,15,0,1,45,0,4.18509,0.072826,77.989537,51,-1410,1,355.71875,389.929688,254.328125,6.07124776,433.2209,3.908580085,49.82815,2.153454,4672.13593,0.026881,14.937385,24.495976,4.180331,-8.061286,0.38627,5914.868236,0.335044,0,0.895514454,0.127623318,0.011284156,0,0.329973,377.995838,1,0.001329,0.557878,0,37
0.53658695,-97.705597,34.522003,-2.091538415,0.123497,0.533117503,1.704237,1.368035,0.534325,13.799852,321,3,5,8,9,0,5,74,0,2.612399,-0.017185,102.705882,11,-1520,19,357.391304,369.826087,272.782609,1.554378588,4.732145,3.645918716,38.31796,2.394619,2727.415644,0.030146,1.127036,17.13755,2.860485,-9.28754,0.991687,4890.796712,0.351,0,0,0.9775,0.06426009,0,0.28978,0.422337,1,0.004418,0.345997,0,0
0.112571,-0.832685,41.16796,-1.073149241,0.34193,1.665157725,5.286507,2.550325,0.153748,15.46081,603,6,5,12,6,0,2,21,0,10.379218,0.061914,87.755879,63,-1213.947214,6.57478,301.2,458.866667,239.966667,6.151561584,469.4499,7.224712618,1372.944,6.538829,375.573675,0.025554,0.447917,11.114283,1.847803,-6.25016,1.409841,2895.806464,0.225636,0.064301898,0.612607244,0.318392857,0.013512097,0,0.96289,2.11395,2,0.008523,0.136703,0,0
0.984884,-85.056366,33.594692,-0.467247431,0.626725,2.028664298,7.603923,2.709532,0.136211,12.132791,306,8,9,4,9,0,5,73,0,5.380433,0.063358,98.253323,28,-1363.466834,9.883605,465.966102,299.728814,234,2.419770617,11.24328,2.887017806,17.93973,1.899491,3742.343011,0.024585,0.628625,15.998254,3.96859,-13.284047,0.210473,9793.883588,0.536028,0,0.007633588,0.190333333,0.001145038,0,52.774429,468.47052,1,0.004974,1.666998,0,0
1.488235,26.774822,46.679588,0.627111539,1.872195,2.419674644,11.242201,2.317773,0.186148,6.004824,190,3,7,58,10,0,2,22,0,1.70356,0.01981,106.015748,10,-1520,19,198.163934,417.672131,384.327869,4.075829885,58.89934,3.448718169,31.46004,6.549655,666.067587,0.03047,0.421141,8.416537,2.413441,-5.203319,0.544911,5354.60446,0.430294,0,0.374071407,0.096527331,0.386444644,1.095238,5.440362,104.33142,2,0.001819,0.251774,0,40
0.417647059,33.692758,13.413344,4.590146666,98.508877,5.528580315,251.7862,7.156313,0.019526,2.555975,423,1,16,46,7,0,3,17,0,1.749989,-0.002896,94.035278,39,-1069.682881,1.568643,151.486438,314.018083,534.429174,9.49195583,13252.69,4.901809522,134.533,0.244385,2890.538793,0.024113,1.636793,28.721922,2.069932,-13.182095,0.807424,2241.29458,0.192632,0.001834493,0.869271552,0.223268743,0.010887448,0.896324,0.329586,49.876928,3,0.000155,0.1655,8491.672719,43
0.097744,-121.386789,45.221067,-1.138672074,0.320244,1.23185564,3.427584,1.708609,0.342543,10.703039,672,3,1,108,13,0,5,78,0,5.600271,0.110539,111.040597,27,-1300.933063,10.88641,420.95122,420.414634,158.731707,3.095530549,22.09896,4.234202587,69.00663,8.156772,684.623265,0.028472,0.18604,7.602137,3.201856,-15.986785,1.248998,9701.407661,0.504506,0,0,0.249411765,0.011822161,3.50E-05,0.006514,1.724712,1,0.017058,1.367672,0,0
0.24,18.79826,-32.019162,0.076437756,1.079435,2.789131692,16.266889,4.416735,0.051262,15.06982,65,3,5,56,5,0,3,12,0,7.723931,0.099089,94.996198,54,-1250,27,772.741935,104.016129,123.204301,6.42384727,616.3699,6.347409525,571.0116,13.487132,502.504489,0.013214,0.661417,17.262634,1.099327,-6.696644,0.568726,1301.580756,0.21876,0.000131027,0.198809237,0.233133333,0.028905951,0,0.48515,12.734632,4,0.012105,0.039107,0,44
0.127877,101.888741,36.972712,0.105336115,1.111084,1.813662014,6.132865,1.641289,0.371219,5.519715,2759,1,1,44,28,0,1,43,0,15.891275,0.178064,119.27744,142,-1135,0,310.765625,429.53125,259.703125,5.366006388,214.0065,5.260670015,192.6105,17.957857,388.469467,0.025183,1.016073,-0.244767,2.327292,-3.961885,0.549828,5500.866109,0.236932,0,0.225472828,0.413975155,0,9.382533,0.129243,94.924334,1,0.031204,0.374759,0,0
0.560238,-51.630598,-21.949728,-2.925889097,0.053617,0.411673132,1.509341,1.838794,0.295756,28.150661,397,3,5,57,4,0,6,64,0,4.702317,-0.001256,104,28,-1520,19,577,162,262,1.379713756,3.973764,4.305611195,74.1145,3.613226,5154.205285,0.023849,19.61809,23.156545,4.341221,-8.539486,1.18703,6987.501002,0.414,0,0.018036072,1,0,0,6.289398,5.642152,1,0.007586,0.440621,96.795429,0
2.272778,49.352164,36.736307,3.141018581,23.127412,3.782029188,43.905043,2.575408,0.150768,1.898398,250,6,7,44,6,1,1,28,1,5.319018,0.040334,73.92843,121,-1128.455324,3.583843,265.078704,405.273148,329.574074,9.444124709,12633.72,6.30310622,546.2661,21.878436,556.596788,0.026714,3.616721,9.213394,1.985363,-4.133579,0.397931,2201.400638,0.121372,0.172837604,0.271963924,0.089958432,0.001935902,0.004899,1.332495,57.881639,5,0.007865,0.40202,0,42
0.465812,-88.863912,37.799409,-1.449847768,0.234606,1.253083489,3.501122,2.039072,0.240511,14.923403,137,3,5,102,9,0,5,74,0,4.333371,0.04674,104.413772,21,-1413,0,47.230769,713.615385,239.153846,2.087765303,8.066868,3.53761228,34.38472,1.296888,2845.758303,0.031741,1.622719,14.191321,3.550632,-7.989885,0.555647,8724.839361,0.455525,0,0,0.214857143,0.427872161,0.011266,7.936951,20.772338,2,0.052977,1.098599,0,0
0.500638,80.08247,28.777558,3.821291802,45.663158,4.137029908,62.616568,2.613975,0.146352,1.371271,187,1,15,8,15,0,1,45,0,5.589772,0.174866,103.991537,37,-1052,0,377.615625,393.84375,228.69375,4.611112495,100.596,0.789820522,2.203001,0.515671,7468.842826,0.024197,1.744772,23.389541,5.169768,-7.557562,0.249841,8105.39442,0.482318,0,0.272083925,0.080781018,0.128373102,0.032616,1.440808,374.7768,3,0.001353,0.869144,1441.153149,26
0.424024867,-99.619448,35.480932,-0.997587559,0.368768,1.469405433,4.34665,2.019171,0.245275,11.786951,604,1,5,53,9,0,5,74,0,4.876299,0.036356,106.857143,20,-1061.435897,0.189349,534.173913,226.652174,239,3.262296935,26.10944,4.259884848,70.80183,2.625067,1615.257735,0.030419,1.56203,15.487451,2.076917,-7.837055,1.385885,3264.621318,0.26656,0,0.173251205,0.326071429,0.005658811,0.666667,0.13747,1.230703,2,0.0144,0.067094,0,0
0.048959,111.27797,29.891445,0.000149989,1.00015,2.358247305,10.572405,2.982197,0.112442,10.570824,180,6,1,4,9,0,1,43,0,16.101221,0.192204,78.410754,97,-1391.371115,8.698355,335.66055,430.577982,233.669725,3.486714003,32.67839,3.486564046,32.67349,13.305467,4081.406339,0.02897,4.449834,15.746983,4.961266,-4.325922,0.571686,10203.47768,0.518321,0,0.340979499,0.318409091,0.405425968,0.237049,0,142.781771,1,0.016109,1.972512,0,32
0.024285,105.226571,29.333022,1.71792364,5.572945,3.915998552,50.199173,5.998591,0.027791,9.007656,350,5,7,6,15,0,1,43,0,11.584795,0.070859,81.062273,91,-1520,19,265.681818,440.087879,294.166667,2.814994861,16.69309,1.097071102,2.99538,6.758296,4316.255917,0.02994,28.886574,17.651871,3.901227,-4.337092,0.613486,10952.82915,0.423665,0,0.574502242,0.161228304,0.010587444,0.522333,6.089015,903.194916,1,0.018619,0.831242,0,0
0.181514418,-97.016805,34.555405,-2.342511655,0.096086,0.559492923,1.749785,1.592391,0.394367,18.210625,293,3,5,8,9,0,5,74,0,3.739585,-0.060575,105.588997,16,-1052,0,409,406,185,2.443870223,11.51753,4.786382795,119.867,1.596071,2796.985139,0.031285,0.894065,16.922157,3.040101,-9.216615,0.986957,5879.798649,0.36601,0,0.003683241,0.8325,0.0053407,0.013559,4.907015,14.28067,1,0.005571,0.454337,0,0
0.711382114,9.848055,47.220773,-1.540602387,0.214252,1.766283358,5.849074,3.564671,0.078698,27.299933,727,5,1,24,10,0,2,23,0,19.824394,0.057299,88.0625,160,-1407.298335,12.431498,305.634921,401,292.666667,5.073394734,159.7156,6.613995709,745.4557,38.776123,1777.262758,0.02659,8.13794,2.837926,5.988959,-5.715691,0.361607,17864.89062,0.34997,0.095857605,0.042970792,0.333428571,0.023655349,0,1.878875,22.063439,1,0.026741,4.019775,0,27
0.075609,109.65202,27.565887,0.022573295,1.02283,2.327339167,10.25063,2.859196,0.122324,10.021835,391,3,1,4,9,0,1,43,0,17.287381,0.104484,83.055541,101,-1520,19,272.5,419.55,307.4875,4.075735652,58.89379,4.05316226,57.57925,21.618765,5236.81264,0.025903,0.497505,15.687959,7.373632,-4.140783,0.762439,12387.9832,0.593384,0,0.146894546,0.113065693,0.585723701,0.048451,0,58.257103,1,0.006765,1.842396,109.313739,27
0.696551724,25.772189,-32.520261,0.750849419,2.118799,2.932310995,18.77096,3.637782,0.075566,8.859246,744,3,1,109,6,0,3,12,0,7.625329,0.000616,104.454042,114,-1608.537916,11.689034,527.184211,246.842105,225.926316,7.327116718,1520.99,6.57626732,717.8548,10.346499,999.667035,0.015718,1.979875,15.264238,1.815874,-8.15348,0.32877,2359.864784,0.240175,0.004055744,0.080235278,0.451237458,0.014999785,0,0.793311,25.726371,5,0.002565,0.033584,0,33
0.020689655,19.240392,-33.83974,0.160064871,1.173587,2.493077841,12.098456,3.150412,0.100755,10.308958,468,3,1,56,13,0,3,12,0,22.062514,0.108506,111.21215,147,-1250,27,718.176,156.744,124.816,4.094649849,60.01832,3.93458496,51.14092,32.94997,1286.24703,0.016688,2.828327,14.061291,2.42657,-6.839134,0.199438,4076.114795,0.353645,0,0.03368984,0.291360947,0.108210339,2.257962,0.026315,2.222606,2,0.045895,0.856271,0,0
0.098718,-120.692166,38.028125,-3.113097896,0.044463,0.212425518,1.236674,1.654431,0.365344,27.813272,341,2,1,56,12,0,5,77,0,2.772205,0.009652,68.336167,15,-1250,9,355,426,219,0.168516707,1.183548,3.281604584,26.61845,7.353916,879.752941,0.030653,0.475233,15.071761,2.414851,-7.975804,0.760651,3714.793675,0.336293,0,0,0,0,0,0.265107,1.148913,1,0.007603,1.867241,0,0
0.363333,24.271707,44.810621,2.421278026,11.260241,3.506720414,33.338751,2.802661,0.127309,2.960749,160,3,15,46,9,0,2,22,0,2.362849,0.020241,108.687254,32,-1520,19,296.198864,331.965909,371.767045,5.103269776,164.5591,2.681991606,14.61417,4.833673,885.055544,0.032225,0.159025,10.424637,2.894017,-4.109631,0.285316,5998.422683,0.383823,0,0.571719149,0.078331539,0.1789284,0,3.49191,71.691655,4,0.001484,0.252522,25.767956,40
0.539770969,-84.968883,39.611967,-0.367530799,0.692442,2.00777595,7.446737,2.524465,0.156914,10.75431,250,6,5,60,9,1,5,74,0,8.77483,0.141157,80.727273,41,-1413,0,212.831169,506.415584,280.909091,3.876294268,48.2451,4.243824925,69.67384,2.483418,1985.060288,0.032329,6.712739,11.082994,3.571158,-5.199881,0.785577,9148.192602,0.381,0,0,0,0,0,9.807714,51.884246,1,0.007103,0.68271,0,0
0.741666667,-122.651768,38.403804,-3.670960954,0.025452,0.311018888,1.364815,2.413274,0.171707,53.622764,114,8,3,42,13,0,5,77,0,8.97808,0.059403,71.49605,39,-1250,9,365.8,404.5,229.7,3.326872104,27.85109,6.997827218,1094.253,10.712421,1249.348646,0.026385,8.712314,14.063549,2.299346,-11.599164,0.869898,6031.421943,0.423494,0,0.112179797,0.543333333,0.011232479,0,7.786446,43.977626,1,0.013449,0.626624,0,0
0.074872,116.736429,31.295115,3.802900667,44.831036,5.680215311,293.012512,12.345021,0.006562,6.53593,65,9,15,34,9,0,1,43,0,6.136744,0.069837,101.054545,76,-1312.780285,5.860986,187.47075,482.267722,330.347557,6.622156768,751.5643,2.819255801,16.76437,12.342435,4612.534852,0.028169,7.943895,14.770119,5.251132,-4.464956,0.149274,11130.55629,0.507424,0,0.249468872,0.088862334,0.34649516,0,0.377505,168.510058,4,0.022838,1.799768,0,46
0.46,37.465795,-0.885748,4.719915154,112.158736,6.070742924,433.00225,11.5337,0.007517,3.86062,1046,10,7,44,4,0,3,11,0,4.949154,0.013551,116.307807,124,-1373.92503,1,349.325141,225.357062,425.354802,8.775893521,6476.228,4.05597875,57.74165,6.620131,3387.712101,0.02109,7.576727,16.584055,4.431774,-12.176046,0.919879,8293.414922,0.505614,0.000765333,0.471990012,0.201258677,0.281731233,0.119084,0.949976,292.817455,5,0.082604,1.217544,1707.705765,36
0.403,-97.201113,31.928964,2.641356613,14.032227,4.447093996,85.378473,6.429544,0.02419,6.084456,159,5,9,99,9,0,5,75,0,4.416549,-0.017844,90.273592,29,-1167.609032,6.329189,300.517606,369.491197,330.045775,6.313644056,552.053,3.672287313,39.34179,1.239853,2706.088182,0.031903,1.775341,19.14239,2.950286,-8.053217,1.327417,4689.737078,0.376197,0,0.349001701,0.077327809,0.036777838,0,7.439367,26.42706,4,0.002971,0.398397,0,39
0.354474,-0.842427,10.878592,1.467898081,4.340103,3.081509156,21.791264,2.950716,0.114854,5.020909,191,8,9,57,4,0,3,14,0,3.883522,0.039929,108.023883,23,-1410,1,533.716981,210.150943,255.578616,4.988215846,146.6745,3.520317597,33.79516,1.383205,3895.135609,0.019083,1.147475,28.041012,2.459033,-10.772378,0.61071,4176.053454,0.239717,0,0.953633751,0.089923077,0.007257156,0,0.469371,209.350689,3,0.002945,0.303418,0,28
1.228121,113.246145,40.256024,1.490046985,4.437304,3.158314409,23.530899,3.151186,0.100705,5.302972,1158,1,5,53,6,0,1,43,0,6.405348,0.061575,103.337238,44,-1280.566599,1.134012,534.00463,344.087963,121.833333,6.56125907,707.1615,5.071212229,159.3674,4.416039,567.679011,0.028068,2.615884,5.246114,2.021387,-4.539499,1.405274,2671.616697,0.171669,0,0.592227936,0.103690476,0,0.703945,2.684043,105.092324,1,0.013464,0.091381,0,0
0.25,-64.2762,-32.17665,2.11505974,8.290081,3.549849831,34.80809,3.410326,0.085982,4.198763,410,1,5,51,15,0,6,64,0,4.480675,0.048543,94.483245,46,-1323.713141,3.53507,351.171674,402.95279,246.034335,5.961195528,388.0738,3.846135735,46.81182,2.875845,2110.166538,0.021439,11.217952,16.007236,2.85553,-7.1138,0.79347,4064.650392,0.33358,0,0.516842273,0.121476274,0.086607902,0.062167,2.336166,13.091092,1,0.003957,0.038188,0,37
0.298977183,-97.014202,39.399601,-3.471190753,0.03108,0.046899807,1.048017,1.676951,0.355598,33.719574,402,3,13,53,9,0,5,74,0,2.441006,0.037731,109.833333,9,-1413,0,54,590.5,356,0.564210928,1.75806,4.035389535,56.56495,0.781132,2359.426357,0.032503,0.846016,12.514419,2.886248,-7.354119,0.566788,5078.50566,0.307113,0,0.788679245,1,0,6.5,0.930539,1.317452,1,0.003298,0.197929,0,0
0.562963,111.880805,31.572602,1.504598594,4.502346,3.78009394,43.820158,5.82572,0.029465,9.732739,152,5,1,44,9,0,1,43,0,17.13672,0.103018,83.943641,106,-1595.181106,14.951787,335.45977,432.810345,231.752874,5.450985662,232.9877,3.946387137,51.74807,14.755069,3270.28857,0.028181,8.587635,14.234106,4.013584,-4.325048,0.432247,8927.598343,0.540011,0,0.020816749,0.319902755,0.63947266,0.208458,0.006358,74.084655,1,0.02207,1.005805,0,43
0.045228,123.108275,48.245933,0.947206283,2.578496,2.606847032,13.556241,2.381503,0.176318,5.257421,289,2,5,44,27,0,1,42,0,10.703738,0.276983,100.140607,64,-1410,1,309.31405,413.446281,277.239669,5.346585013,209.8903,4.399378713,81.40028,7.969232,876.546131,0.034258,4.895502,1.945157,2.002645,-17.063888,1.059247,4421.508311,0.292616,0.000605144,0.515473489,0.321269488,0.043739492,0.330091,0.0035,27.112126,1,0.009871,0.14876,0,0
0.65275,31.300584,40.924029,0.876188478,2.401728,2.790797126,16.294003,2.96593,0.113678,6.784283,260,5,1,4,9,0,1,22,0,15.680145,0.164089,79.513873,74,-1562.810858,13.783275,302.038462,395.335165,302.478022,6.542403947,693.9528,5.666215593,288.939,21.009285,941.928173,0.025235,0.13796,9.451564,3.996354,-6.591829,0.275145,5464.452787,0.538995,0.000830565,0.141297152,0.146748634,0.618038563,0.740876,1.17755,140.023959,1,0.003922,1.08704,0,33
1.126,-98.502884,32.001716,3.330803386,27.960796,4.962682218,142.976777,7.627563,0.017188,5.113473,354,5,5,56,9,0,5,75,0,3.527236,0.007828,107,37,-1459.483905,19.825219,351.218437,359.08517,289.654309,7.398980871,1634.318,4.068177334,58.45033,1.48465,2198.096511,0.032713,1.81268,18.565868,2.338741,-8.952433,1.620096,3748.262359,0.331274,0,0.221694997,0.461868818,0.021735256,0,1.214447,4.822679,5,0.007969,0.124216,0,35
0.733333333,26.346553,-25.455352,0.686472957,1.986696,2.342026839,10.402299,2.081894,0.230719,5.235979,1051,8,7,56,5,0,3,12,0,4.687777,0.047355,83.254237,33,-1563.037975,16.682571,625.76,151.56,222.68,6.320274647,555.7256,5.633801615,279.7235,5.395586,1618.335102,0.020255,3.168305,18.415858,2.078024,-8.571613,0.8402,2723.269319,0.335989,0,0.035477004,0.139766537,0.055501401,0,0.166637,8.101376,2,0.024861,0.068177,0,0
0.155051,-97.588359,31.018063,3.386781571,29.570628,4.83217375,125.483434,6.509553,0.023599,4.243516,190,5,5,51,9,0,5,75,0,5.815712,0.020585,107.32092,75,-1432.781625,13.512533,224.267091,389.510334,386.414944,8.003910218,2992.637,4.617128401,101.203,2.323322,2319.119806,0.030405,1.314486,19.118937,2.597368,-8.586601,1.464965,3995.349527,0.355084,0.000600327,0.3982382,0.155512438,0.007835235,0.000503,3.189642,25.765594,4,0.001986,0.209382,0,37
0.083871,-100.528327,45.281697,7.246014076,1402.50342,8.120492341,3362.67592,25.329588,0.001559,2.397624,486,1,7,51,18,1,5,74,0,5.674693,0.054128,98.308532,67,-1491.961693,14.726008,261.40261,390.13045,348.449693,11.22618895,75070.95,3.980175177,53.52641,2.651407,652.231431,0.032132,1.323273,7.173807,1.801118,-6.191863,0.608215,3213.16028,0.236474,0.006889536,0.193430191,0.159487423,0.0024355,0.060582,1.271173,4.08,8,0.023795,0.063832,9726.938984,33
0.155263,-96.649436,39.452266,4.881856112,131.875212,6.348329088,571.536923,14.039698,0.005073,4.333922,328,5,5,42,9,0,5,74,0,8.352181,0.079155,105.74,76,-1411.888488,0.216401,96.554918,582.332751,321.134049,9.267542674,10588.7,4.385686554,80.29333,1.402346,2017.330071,0.034171,5.960483,11.743986,2.779767,-6.977359,0.52251,5155.982889,0.292709,3.41E-05,0.642990438,0.377585671,0.003005194,0,1.224806,4.445037,6,0.007618,0.270049,97.833249,47
0.278947368,-6.793628,30.933815,3.797406317,44.585394,5.331452615,206.738067,8.734121,0.013109,4.636901,1103,8,7,112,7,0,3,15,0,5.407224,0.048065,107.944021,113,-1203.193603,2.190415,471.096828,299.143573,229.611018,9.481466142,13114.4,5.684059584,294.1411,11.319921,246.154785,0.029207,6.507735,14.108896,0.750727,-8.230417,0.691084,1360.046545,0.091253,0.903284765,0.033056541,0.097644357,1.37E-05,0,0.451113,28.521052,3,0.007953,0.158096,0,35
0.410828039,-84.877083,38.207148,-1.505753801,0.22185,1.415534666,4.118688,2.466746,0.164343,18.565203,144,5,13,56,9,0,5,74,0,5.140065,-0.105784,114.68,22,-1261.257862,16.834382,111.818182,629.772727,258.409091,6.155693838,471.3938,7.661448019,2124.832,2.907531,2672.532179,0.029113,5.884456,13.02385,3.929309,-21.65142,0.574739,9112.539874,0.514063,0.000956633,0.057875714,0.816470588,0.292538141,2.020833,15.222684,81.932384,4,0.002224,1.098629,91.796658,27
0.594754,114.097709,37.21149,0.881593691,2.414745,3.101791835,22.237762,4.036923,0.061362,9.209155,388,8,7,44,6,0,1,43,0,13.987817,-0.026241,100.952218,121,-1410,1,381.25,411.820755,206.886792,6.172966602,479.6068,5.291372809,198.6159,15.788221,1627.265048,0.027411,5.011298,10.499738,2.831239,-5.105768,0.619714,4105.682986,0.325262,0,0.320496127,0.493352273,0.15402512,0.5105,0.517034,95.58641,2,0.009674,0.241408,0,31
0.156733,105.234757,30.229132,2.585824034,13.274223,5.461242753,235.389774,18.225443,0.003011,17.732847,327,3,9,6,15,0,1,43,0,9.338942,0.070036,79.049787,88,-1520,19,217.283993,445.624785,336.982788,4.877415472,131.2909,2.291591686,9.890668,3.62158,3798.045072,0.033334,20.154526,17.309852,4.08871,-4.451289,0.904144,10887.85412,0.449648,0,0.841378024,0.108353276,0,0,0.443645,253.2947,1,0.004633,0.928692,0,35
0.183032,103.237321,35.983026,2.801801469,16.474298,4.806274234,122.275199,8.498259,0.013847,7.42218,1620,1,3,44,6,0,1,43,0,12.227691,0.061105,106.77253,147,-1367.282728,11,342.75467,469.069738,188.105853,6.802871427,900.4291,4.001069793,54.65659,16.127401,554.76425,0.027752,2.545806,7.023263,1.77847,-3.804351,0.282979,3478.659207,0.146701,0.000147412,0.416422356,0.276745363,0,0.482511,1.263638,123.448982,5,0.017858,0.276542,332.929994,33
0.818201058,66.392631,40.003782,2.471687325,11.842412,2.852327211,17.328061,1.420447,0.495621,1.463221,489,5,16,32,12,0,1,46,1,4.503913,0.08445,113.438053,37,-1371.601171,11.676421,257.40201,431.296482,311.336683,8.35865105,4266.935,5.886963939,360.3097,4.203148,157.583999,0.037286,0.711835,12.401351,1.531877,-6.089535,0.782193,2188.293763,0.173857,0.141957867,0.704434775,0.027276265,0.001265655,0,3.97576,169.218624,3,0.00164,0.082984,371.483846,37
0.095454316,-95.772279,33.003696,-1.414837879,0.242965,0.997885834,2.712541,1.552386,0.414955,11.164339,136,1,9,56,9,0,5,75,0,2.952966,-0.060286,90.978201,16,-1302.945783,7.548193,291.096774,448.258065,260.645161,3.046686285,21.04549,4.461524963,86.6195,0.641587,3258.755363,0.032559,1.366505,18.218921,3.526922,-8.463721,0.911047,6875.565321,0.461784,0,0,0.171818182,0.22747948,0.001377,3.283682,8.997323,2,0.002756,0.727155,0,0
0.362593,75.875792,12.492007,2.630996644,13.887604,4.439303896,84.71595,6.412784,0.024317,6.100113,854,9,11,66,2,0,1,45,0,8.136292,0.044232,82.003073,75,-1410,1,417.70202,281.417508,300.861953,6.027848789,414.8217,3.396852289,29.86993,10.289054,6660.893666,0.020227,0.877022,21.561769,7.349519,-22.055021,0.55656,17151.5478,0.660811,0,0.087048839,0.189688645,0.287359817,0,1.741378,175.604691,2,0.075825,6.030132,0,29
0.335165,-83.601656,39.247894,-2.560475381,0.077268,0.783556736,2.189245,2.221721,0.202591,28.333132,311,6,5,60,9,0,5,74,0,4.099332,0.03529,105.621622,24,-1413,0,129.296296,607.592593,262.407407,0.635655241,1.888259,3.196130295,24.43778,2.049296,2150.248148,0.028108,6.202968,11.676938,3.702002,-9.981712,0.874823,9016.200704,0.4225,0,0.414612676,0.630909091,0.150035211,0,17.821981,16.045511,1,0.027305,0.984771,0,0
0.264062549,-84.677325,37.409714,-3.588672194,0.027635,-0.225560219,0.798069,1.354274,0.545239,28.879027,321,6,5,7,9,0,5,74,0,20.73825,0.260157,110.652778,65,-1340.072464,8.043478,153,585,262,1.407240942,4.08467,4.99591684,147.8084,4.495826,3091.380471,0.027143,0.486521,13.199939,4.206051,-20.994303,0.631345,10317.20367,0.533509,0,0.138297162,0.0675,0.608313856,1.224638,6.204602,16.720911,1,0.008615,1.130431,0,0
0.715517241,25.151045,-33.174173,3.09976264,22.192683,4.130069798,62.182263,3.723546,0.072125,2.801926,239,3,15,105,7,0,3,12,0,2.797217,0.004545,89.17134,77,-1366.845041,21.016116,629.544402,162.555985,207.92278,9.184982973,9749.614,6.085220565,439.3167,5.520876,829.794644,0.015875,1.166137,17.080345,1.357394,-7.233836,0.576566,1668.819971,0.183786,0.074144854,0.010820308,0.099789235,0.010441566,0,0.143988,4.770052,5,0.007893,0.019698,0,37
0.515,-92.442484,40.755451,-1.264076728,0.2825,1.694685268,5.444932,2.88987,0.119741,19.274097,249,6,9,60,18,0,5,74,0,4.560282,0.077836,102.905473,24,-1413,0,67.026316,569.052632,363.789474,1.446398141,4.247787,2.710474593,15.03641,1.254211,2254.648118,0.034873,15.957208,10.73136,3.117822,-6.03578,0.591884,7282.511485,0.369997,0,0.19754977,0.468372093,0.000566616,0,22.536261,14.069829,1,0.010947,0.855338,0,43
0.927586207,26.888578,-30.060227,0.308630367,1.361559,2.042916292,7.71307,1.864679,0.287602,5.664881,1411,3,11,106,6,0,3,12,0,4.371846,0.047668,97.37037,53,-1520,19,569.717949,204.974359,225.102564,3.615088662,37.15464,3.306458405,27.28831,5.761048,1119.306877,0.017774,1.441876,15.256351,2.665891,-8.396176,1.245752,3160.326935,0.258619,0.008609272,0.058988202,0.560883978,0.016204759,0,0,0.979488,1,0.006339,0.073399,0,0
0.451333,77.279397,18.845709,2.691840057,14.758808,3.958894301,52.399356,3.847648,0.067547,3.550379,390,2,5,98,4,0,1,45,0,2.085316,0.017643,97.699394,24,-1250,9,311.592262,278.485119,409.604167,6.153403959,470.3156,3.461563774,31.86677,3.040281,3827.049379,0.028893,10.478081,26.616544,2.771075,-11.832703,0.788771,4084.692386,0.29817,0,0.946729453,0.112440771,2.49E-05,0,2.905372,292.162844,3,0.010086,0.588174,0,32
0.269394,69.656035,22.177302,1.215241474,3.371108,3.007055968,20.227761,3.107825,0.103535,6.00033,43,2,11,8,5,0,1,45,0,2.448692,0.006518,89.828121,16,-1250,9,511.883721,266.381395,221.609302,4.708204999,110.853,3.492963714,32.88326,0.877897,3236.24163,0.026525,2.107708,26.236655,1.850752,-9.116597,1.852172,2406.67695,0.205156,0,0.911589784,0.050023981,0,0.062649,3.884778,226.449592,3,0.003658,0.253254,0,31
0.139619,115.277758,28.026648,1.391279664,4.019991,3.993101558,54.222804,7.628945,0.017182,13.488291,43,5,9,4,9,0,1,43,0,3.646721,0.009381,106.278689,38,-1650,12,230.731463,481.042084,288.086172,2.499751747,12.17947,1.108472186,3.029726,1.485376,5720.54251,0.030187,2.240931,18.412901,6.093489,-5.047323,0.944683,12243.66708,0.354,0,0.860348475,0.057902622,0,0.705061,0.114506,169.310013,1,0.001284,1.181919,0,0
0.027143,73.539264,18.388042,2.965973748,19.413598,4.624032793,101.904163,6.524301,0.023493,5.249113,632,2,3,42,2,0,1,45,0,13.766355,0.112895,76.734371,129,-1250,9,317.689655,263.763547,418.550082,4.879463781,131.5601,1.913489963,6.776698,16.3034,7113.331829,0.028718,8.310583,22.742752,6.76921,-8.13579,0.641078,17444.22202,0.455134,0,0.160512789,0.171306914,0.065350839,0.425188,2.357201,161.64397,1,0.017591,7.48631,0,28
0.729485525,-121.50477,41.883317,3.749085047,42.482195,4.329611395,75.91478,3.285625,0.092633,1.786979,1227,10,16,37,13,1,5,77,1,1.876622,-0.002555,80.986928,33,-1395.42997,10.351666,373.086111,401.433333,225.375,7.465549409,1746.815,3.716464465,41.11876,4.036748,183.421023,0.027809,0.746146,8.210101,1.903864,-9.958575,0.690952,2500.990776,0.215694,0.028652774,0.290726458,0.070097612,0.085136247,0,1.001156,3.649078,4,0.000662,0.098505,0,44
1.453036,12.236837,46.420332,-2.272269296,0.103078,1.039856836,2.828812,2.48551,0.161871,27.443341,854,6,3,24,20,0,2,21,0,21.276279,0.259379,82.273583,82,-1180,6,433.7,400.6,165.8,5.653379661,285.2539,7.925646185,2767.352,34.532436,1082.987903,0.025938,13.196549,2.043369,5.516929,-5.825755,0.219856,13984.75716,0.258505,0.194823692,0.032556165,0.367647059,0.012373331,0.074115,7.038655,30.154803,2,0.028072,2.171784,0,27
0.577037,13.572024,41.507298,0.257105848,1.293182,2.88782279,17.954177,4.4538,0.050413,13.883718,73,6,3,8,12,0,2,21,0,5.208135,0.020799,68.142857,47,-1052,0,282.624113,391.439716,325.794326,7.688530938,2183.165,7.43142526,1688.212,13.774253,1758.180823,0.026746,3.291341,12.674576,4.012869,-6.420743,0.245244,7900.780327,0.497493,0.007587366,0.548302888,0.190394089,0.254405436,0,18.091347,188.518161,3,0.012494,1.204027,0,33
0.198485,36.479972,34.721637,-1.752286865,0.173377,0.950542969,2.587114,1.752731,0.325514,14.92192,546,6,5,44,12,0,1,21,0,8.381159,0.115629,94.912568,37,-1250,9,232.25,327.5,440.25,2.390801077,10.92224,4.143089646,62.99716,4.998062,557.992136,0.031532,0.983019,16.910816,1.111516,-7.297678,1.376779,3445.848191,0.274889,0,0.47994186,0.298636364,0,0,6.656299,250.232121,1,0.008886,0.514774,0,0
0.364333,70.862537,22.066025,0.427174413,1.53292,2.528490906,12.534576,2.855913,0.122606,8.17693,168,2,11,98,5,0,1,45,0,2.315615,0.006935,70.779238,16,-1250,9,396.538462,309.592308,293.823077,3.526379936,34.00066,3.099205409,22.18032,1.186242,3088.720862,0.028833,5.645565,26.403845,1.97016,-11.270796,1.39332,2529.870847,0.233975,0,0.877370145,0.002712766,0,0,4.236698,558.066039,2,0.006342,0.289761,0,0
0.134035,21.171978,51.007607,0.589824587,1.803672,2.686570352,14.681238,3.083749,0.105158,8.139639,188,1,5,22,10,0,2,24,0,4.003791,0.005919,118,32,-1061.628708,0.390909,529.777778,331.833333,138.518519,6.250700848,518.376,5.660876365,287.4004,2.645605,536.813755,0.025213,0.061941,7.757732,2.494495,-5.053433,0.863685,7244.88132,0.512571,0,0.1796859,0.131454006,0.011388947,0,13.672583,246.785928,3,0.006386,0.465091,0,39
0.678520834,-107.209886,32.718039,-4.492466696,0.011193,-0.509937685,0.600533,1.601233,0.390024,53.651489,1270,1,7,113,8,0,5,75,0,2.691077,-0.000655,106,10,-1052,0,530,274,195,-3.138586994,0.043344,1.353865173,3.872364,3.465046,483.75,0.029049,1.616996,16.894211,0.834094,-7.111699,1.334281,1120.218845,0.144,0,0,0,0,0,4.571429,24.90457,1,0.02577,0.24197,96.074148,0
1.902809415,-95.660643,40.988904,-6.031453555,0.002402,-1.36435676,0.255545,1.470843,0.46224,106.383572,348,5,5,42,18,0,5,74,0,3.034801,-0.001325,98.34523,11,-1413,0,57.375,599.5,343.75,-2.841604451,0.058332,3.189806167,24.28372,1.444444,2481.666667,0.034871,42.294041,10.663914,3.051982,-6.066717,0.413069,6396,0.28,0,1,0,0,0.076551,4.332417,5.866868,2,0.018793,0.533517,0,0
0.180132955,-98.292875,29.381328,-4.531919724,0.01076,-0.628172505,0.533566,1.451001,0.474968,49.58579,165,3,9,56,9,0,5,75,0,2.860597,0.033409,116.984006,9,-1650,12,398,314,287,2.922943277,18.59594,7.45482006,1728.173,1.180209,2661.632193,0.032389,1.749835,20.636202,2.60416,-7.977826,1.365355,4237.937651,0.367314,0,0.213197908,1,0.011472245,0.239921,18.729312,62.113196,1,0.003629,0.119168,0,0
0.187421908,-101.12665,47.240494,-3.861139795,0.021044,-0.065239567,0.936843,1.821793,0.301302,44.518537,570,1,5,82,19,0,5,74,0,2.69433,0.005858,108.017013,18,-1413,0,332.466667,372.733333,295.8,1.526144343,4.600405,5.38728932,218.61,1.403042,647.204835,0.035332,1.270286,5.461775,1.861086,-5.05239,0.594895,3664.674271,0.27,0,0.941698352,1,0,0,0.60417,0.283591,1,0.006708,0.065426,307.905718,0
0.066098,111.301639,25.969711,0.761584498,2.141667,2.770848459,15.97218,3.078813,0.105495,7.457827,180,6,11,4,9,0,1,43,0,13.786899,0.063661,105.809816,79,-1307.52609,10.875998,412.506173,306.648148,280.524691,2.91315849,18.41487,2.151574046,8.598382,7.291405,4510.6392,0.027146,7.127282,16.526155,5.504798,-4.398604,0.433616,12725.56478,0.488125,0,0.604696017,0.170330882,0.183442348,3.427184,0.001628,142.054096,1,0.027097,2.779335,0,37
0.323269856,-82.628839,34.870696,-4.031313427,0.017751,-0.191239201,0.825935,1.748772,0.326989,46.529709,314,8,5,4,9,0,5,73,0,10.613313,0.107771,105.062802,40,-1410,1,458,305,237,0.520907629,1.683555,4.55223797,94.84443,4.343096,3907.810924,0.02448,0.317114,15.166973,4.060763,-12.387408,0.247029,10353.24268,0.552,0,0,0.23,0.54665272,0,17.019845,58.636454,1,0.012715,1.608043,0,0
0.126452,118.414447,25.206133,3.055714995,21.236364,4.866542343,129.87109,7.950006,0.015822,6.115505,87,10,3,34,9,0,1,43,0,16.983522,0.010809,76.124021,166,-1321.417162,5.429142,331.038323,381.385629,287.4,6.435302252,623.471,3.379587562,29.35866,17.850802,5403.202067,0.025786,3.55946,18.304198,5.277206,-11.444907,0.393699,9876.646423,0.539254,0,0.318708549,0.140772328,0.090815948,0.084225,6.784943,520.210827,4,0.201089,2.303135,0,32
0.058574,8.307022,46.566777,1.08813122,2.968721,2.361595141,10.607859,1.736753,0.331531,3.573209,1870,6,1,44,31,0,2,23,0,32.608351,0.037994,97.786793,375,-1373.156307,8.033796,479.27907,331.682171,189.085271,4.334424808,76.28107,3.246293696,25.69493,43.171026,969.037124,0.031408,97.916649,-3.354347,6.079825,-0.963854,0.176062,14382.44854,0.284344,0.463679245,0.014657174,0.08944,0,0.663966,0.092067,3.17047,1,0.2262,5.370907,0,32
0.396774194,28.50654,-26.592433,-1.753677866,0.173136,1.662293516,5.271387,3.573772,0.078297,30.446594,1556,2,5,56,16,0,3,12,0,3.889083,0.025108,81.020225,25,-1352.028725,6.707361,583.086207,153.724138,263.586207,4.009307417,55.10869,5.762988051,318.298,3.799582,1817.10398,0.023513,16.115324,15.553075,2.652263,-7.599338,0.954908,3636.492544,0.277946,0,0.400563066,0.907,0.06462439,0,3.968502,6.808265,3,0.005634,0.137264,0,0
0.020347,114.544758,23.847692,5.970105674,391.547045,7.493425741,1796.194862,25.606873,0.001525,4.587431,100,3,7,44,15,0,1,43,0,15.219126,-0.036588,107.420074,201,-1419.676157,12.998885,405.626661,321.249588,273.120347,8.103178136,3304.955,2.133072352,8.44076,11.154267,7507.0522,0.026182,1.856636,19.508625,6.201833,-8.271292,0.453587,13885.58094,0.554005,2.27E-05,0.283010726,0.108866748,0.34987891,1.297721,1.23686,147.598593,5,0.134956,3.433367,357.441208,36
0.277778,104.720279,29.113815,0.7473716,2.111443,3.95431402,52.159901,10.126099,0.009752,24.70344,335,5,5,6,15,0,1,43,0,9.570902,0.062372,109.070399,107,-1221.191275,4.253595,315.438127,367.906355,316.531773,4.725907077,112.8328,3.97853539,53.43871,2.400399,3996.660774,0.03292,1.250837,17.766539,4.035009,-4.516315,0.639957,11641.13426,0.459843,0,0.9527112,0.230989761,0,1.129863,0.080767,468.984742,3,0.044357,0.983294,0,35
0.108493,-38.810845,-4.191191,0.742369156,2.100907,3.149157362,23.316409,4.537883,0.048562,11.098259,214,8,1,44,4,0,6,63,0,19.050478,0.177019,101.657025,111,-1410,1,610.83105,180.506849,208.853881,4.712313711,111.3094,3.969944495,52.98159,13.303816,4347.769097,0.023649,0.740262,24.391621,3.316658,-25.745655,2.419044,7956.550238,0.583658,0,0.003801354,0.17473029,0.631400985,0,4.059427,97.168004,4,0.017848,0.999567,0,80
0.052952,113.754588,26.77674,0.022100964,1.022347,2.140949773,8.507514,2.373551,0.177502,8.321549,215,3,1,4,9,0,1,43,0,18.087449,0.036421,71.460752,168,-1483.937644,15.215935,295.102273,420.443182,284.454545,3.464407521,31.95752,3.442306695,31.25898,22.455505,5174.29029,0.026038,0.837135,17.138441,4.924894,-5.594366,0.425748,14223.23675,0.577093,0,0.032556968,0.202720588,0.256481171,0.096508,0,172.240222,1,0.039405,2.372691,0,33
0.629412,26.871482,46.641868,0.892651514,2.441595,2.823311185,16.832494,3.038832,0.10829,6.894057,175,3,7,58,10,0,2,22,0,8.145895,0.16006,110.302558,71,-1520,19,235.337209,381.965116,382.534884,3.535579079,34.31488,2.642927687,14.05429,4.374077,615.303302,0.032935,0.394417,8.835114,2.263206,-8.121936,0.473192,5307.155021,0.38423,0.013333333,0.670022318,0.096650602,0.081311588,2.246567,6.774752,98.18468,2,0.001617,0.123154,0,40
0.09,-113.744866,50.16506,1.744271382,5.721731,3.684501485,39.825264,4.69667,0.045334,6.960352,1039,5,9,19,19,1,5,71,0,6.923813,0.060048,112.758621,53,-1052,0,335.054545,375.29697,289.59697,4.335281927,76.34648,2.591010639,13.34325,4.759663,245.076941,0.024394,0.295876,3.880978,1.768371,-16.494212,0.966159,4023.235658,0.245307,0.0027498,0.628805873,0.639712644,0.013586698,0,1.084722,1.028282,1,0.003608,0.082584,0,0
0.130348241,-84.289094,33.172601,-2.374081095,0.0931,0.638196152,1.893063,1.750191,0.326459,20.333674,236,8,5,4,9,0,5,73,0,4.553763,-0.01918,107.547619,21,-1410,1,539.173913,276.434783,184.173913,2.84833027,17.25894,5.222412627,185.3809,1.823064,3767.366946,0.024482,0.090042,16.873692,3.717067,-18.56841,0.268611,8685.874271,0.446312,0,0.008122398,0.450769231,0.044937552,0,28.756236,118.402038,1,0.008281,1.002282,0,0
0.272727,-0.656352,52.654572,2.428927482,11.346706,3.549749591,34.804601,2.91472,0.117708,3.067375,83,5,9,8,10,0,2,23,0,4.248421,0.039809,87.54623,32,-1293.400912,20.954215,365.357401,350.870036,283.898917,4.307800944,74.27697,1.878873119,6.546124,2.774295,413.968955,0.025428,1.259739,9.353223,2.320927,-3.718845,1.514618,8534.944047,0.49885,0,0.412492638,0.085498615,0.032634273,0.017429,13.622464,205.020634,1,0.002482,0.741991,0,0
0.381468,114.251876,38.267898,3.994845557,54.317451,4.873434817,130.769315,5.005313,0.039915,2.407501,115,11,15,6,6,0,1,43,0,3.180581,0.028117,93.781893,47,-1240.734959,3.644173,469.398136,340.926764,189.673768,7.13418941,1254.12,3.139343753,23.08871,8.456872,1381.92496,0.028847,2.034345,11.906521,2.34594,-5.463609,0.460768,3260.309407,0.231765,0,0.638939146,0.13521307,0.037758704,0,7.08436,373.838359,4,0.007734,0.135673,0,35
0.103225806,28.75303,-24.302035,1.685980718,5.397742,3.432368508,30.949861,3.757922,0.070812,5.733854,1189,2,5,78,5,0,3,12,0,5.689308,0.058988,85.642633,79,-1250,23.655545,692.128571,159.260714,148.646429,4.167283327,64.53988,2.481302663,11.95683,5.805892,1789.273086,0.019615,10.442083,18.288901,2.090216,-7.548009,0.790893,2966.014791,0.325522,0,0.012076867,0.177632712,0.030259457,0.274576,0.110535,0.709544,2,0.019588,0.062817,0,0
0.427907,105.217632,29.828018,0.260458604,1.297525,2.846050186,17.219633,4.264431,0.054989,13.271137,390,3,5,6,15,0,1,43,0,14.752687,0.21847,93.739019,79,-1520,19,259.62069,449.232759,291.327586,2.088669954,8.074169,1.828211288,6.222746,6.193727,3830.084785,0.032326,25.157703,17.329413,4.048222,-4.407317,0.885399,10970.89852,0.45683,0,0.612961255,0.288571429,0,0.040039,0,404.167759,1,0.121245,0.823625,0,0
1.448,-98.088232,34.285234,3.742697007,42.211682,4.974208626,144.63432,6.279862,0.025357,3.426405,290,3,13,53,9,0,5,74,0,2.78431,-0.002701,102.258065,17,-1402.845206,20.159188,323.121354,405.864644,270.882147,7.230894742,1381.458,3.488197675,32.72691,1.222836,2492.721964,0.032937,1.660645,17.112235,2.639278,-7.872065,1.176004,4389.434846,0.331032,0,0.216926006,0.148560174,0.011595809,0,4.674318,11.376946,4,0.002821,0.238759,0,34
0.34,-88.676389,38.874907,-2.256035532,0.104765,1.106693878,3.024343,2.635832,0.143934,28.867843,164,3,16,102,9,0,5,74,0,2.783479,0.006033,103.169014,15,-1413,0,193.736842,553.947368,251.684211,1.025117154,2.787422,3.281151788,26.6064,0.407674,2408.739348,0.03691,7.788844,13.102731,3.515604,-7.422989,0.512683,8197.038369,0.319,0,0.77529976,0.4,0.101870504,0,2.863728,5.660249,1,0.001403,1.007169,0,29
0.216667,65.567406,38.36735,4.037160742,56.665227,3.566092645,35.378088,1.325779,0.568929,0.624335,389,5,15,109,6,0,1,46,1,3.605992,0.011947,78.392285,20,-1520,19,347.488571,372.928571,279.717143,4.65312381,104.9122,0.615963175,1.851439,1.178878,68.081716,0.040232,0.32149,16.901651,0.825392,-6.849309,1.102551,872.99506,0.111989,0.243057733,0.173816245,0.104208462,0.018734762,0,1.326305,93.341787,1,0.013163,0.028954,3212.558197,0
1.309572026,-96.212859,39.571172,-3.553649505,0.02862,-0.164128459,0.848633,1.415078,0.499389,29.651759,356,1,5,43,9,0,5,74,0,3.260047,0.005486,85.478164,13,-1413,0,119.090909,508.909091,372,0.531158699,1.700902,4.084808236,59.43054,1.910506,2590.074803,0.035017,0.766223,12.079198,3.129534,-6.707547,0.541874,5976.357977,0.342,0,0.237354086,0.99,0,0.177373,0,2.136627,2,0.00589,0.426589,0,0
0.071377587,-76.526778,42.224691,-6.646930661,0.001298,-1.861862242,0.155383,1.216554,0.675674,119.69328,417,3,1,7,19,1,5,73,0,8.67319,-0.013062,106,23,-1413,0,303,474,223,0.065872943,1.068091,6.712668796,822.7635,6.125,1202.541667,0.027758,0.050959,7.799107,3.663937,-16.825091,0.82662,9711.595238,0.465,0,0.056011905,0,0.844166667,0,7.909591,16.102795,1,0.01414,1.268568,0,0
0.505472,65.209008,32.339116,3.753947319,42.689258,4.661825236,105.829069,4.569206,0.047898,2.479056,1010,5,7,105,7,0,1,29,1,7.89369,0.122284,112.911764,119,-1394.525615,17.836093,383.544118,334.571078,281.953431,10.75230447,46737.61,6.998357119,1094.833,21.482454,61.501084,0.028914,4.593022,7.355235,1.261957,-4.322308,0.694785,1999.497861,0.070275,0.254465741,0.07402872,0.15275441,0.009530542,1.290569,0.004187,26.322923,1,0.004031,0.229251,2134.479914,22
0.154,-95.601921,35.271595,6.026297456,414.178672,7.274010475,1442.323271,19.992348,0.002502,3.48237,178,3,15,43,9,0,5,74,0,5.359232,0.026665,108.928571,85,-1313.273829,18.317994,330.941678,479.297158,189.773072,10.05095495,23177.91,4.024657521,55.96114,2.112411,2101.966434,0.031158,1.60786,15.811946,2.488346,-9.424818,1.275782,4586.383607,0.331891,0.001501215,0.119009952,0.106847036,0.093800482,10.363636,4.018937,18.109429,7,0.011501,0.335604,1300.082201,36
0.012165,113.101255,26.017095,0.040113584,1.040929,2.873832513,17.704742,4.895242,0.04173,17.008598,152,5,5,1,9,0,1,43,0,11.756958,0.078275,85.405608,98,-1520,19,312.951724,408.917241,277.910345,1.74084505,5.70216,1.700731491,5.477953,5.271989,4828.991135,0.02711,12.031981,18.596659,4.789019,-5.268965,0.352566,11795.72395,0.491311,0,0.292746955,0.502391304,0.105926928,0.00527,0.804744,329.795571,1,0.012314,2.124012,112.57069,0
0.637989,-98.176693,43.067416,-2.842976852,0.058252,0.783159259,2.188375,2.557776,0.152853,37.567562,452,1,5,53,18,1,5,74,0,2.225696,0.029405,73.956259,11,-1413,0,163.708333,478.208333,358.083333,2.248654324,9.474977,5.091636312,162.6558,1.300463,1266.979402,0.035217,9.26667,9.108364,2.330374,-6.010164,0.413109,4443.954997,0.283507,0,0.673024487,0.974285714,0,0.003549,0.420838,3.554722,1,0.011602,0.141054,0,0
2.1,115.670656,24.782987,0.201001005,1.222626,3.028414349,20.66444,5.271957,0.03598,16.90168,220,3,7,44,9,0,1,43,0,7.356199,-0.003238,108.965517,74,-1509.242871,17.273353,383.421801,345.976303,270.654028,5.898974736,364.6634,5.697973636,298.2624,9.537049,5260.276256,0.026404,8.554687,18.668041,5.829474,-8.684421,0.247026,12424.65273,0.508239,0.002036949,0.6812017,0.047727273,0.140194801,1.514286,2.856264,297.046764,3,0.008076,2.637817,0,36
0.146153846,-4.454039,32.009126,2.528633621,12.536365,3.658642155,38.808611,3.091985,0.104598,3.095683,1093,6,7,44,8,0,3,15,1,8.131319,0.018443,94.353224,77,-1107.214919,2.588199,502.992187,281.609375,215.425781,8.391541529,4409.61,5.862907618,351.7454,14.78497,248.042326,0.027725,3.591439,13.502603,1.120074,-6.405656,0.566244,1016.215748,0.091722,0.893325226,0.035694521,0.05812065,0.000142122,0.994083,0.261437,18.243444,1,0.00295,0.139743,0,44
0.233991,114.918642,26.238481,4.621256711,101.621661,6.541787052,693.524836,19.407247,0.002655,6.824577,89,9,5,4,9,0,1,43,0,12.784901,-0.010158,81.436373,150,-1426.141164,14.359656,333.012595,393.199783,273.704017,8.239816502,3788.845,3.618559452,37.28382,11.056856,5026.754011,0.023627,7.23096,18.716429,5.745214,-5.523206,0.417007,11755.13378,0.446955,0,0.286471572,0.18468885,0.016655518,0.050472,0,106.413267,6,0.107061,1.964931,15426.716,38
0.466222489,-76.50075,39.632,-4.247635612,0.014298,-0.526558743,0.590634,1.393417,0.515036,41.309859,165,8,5,4,9,0,5,73,0,6.981763,0.079013,102.542857,21,-1410,1,306,445,249,0.698425227,2.010584,4.946084684,140.6233,2.703947,2470.376238,0.025647,1.861473,12.010222,3.709374,-22.521112,0.69511,8822.993421,0.492526,0,0.473289474,0.13,0.348256579,0.209677,22.190485,112.53644,1,0.013626,1.493438,0,0
1.373558989,-100.049387,39.068913,-4.422015643,0.01201,-0.657062148,0.518372,1.33436,0.561634,43.163279,745,1,5,53,9,0,5,74,0,3.13567,-0.045639,113.018182,12,-1194,0,161.818182,538.363636,299.818182,2.840417917,17.12292,7.262469402,1425.773,1.026869,1428.424786,0.031238,1.246878,12.359237,1.974927,-7.705192,0.638134,3258.64486,0.225,0,0.639466511,1,0,1.7,0.106925,0.763375,1,0.004799,0.056971,0,0
0.601626016,39.070216,8.393385,5.216920748,184.365601,5.353296426,211.303698,4.389977,0.051889,1.146112,1590,2,16,105,4,0,3,11,1,3.662665,-0.001575,103.249595,83,-1225.355715,10.355903,302.149695,377.856397,319.979983,9.221104233,10108.22,4.004183503,54.82704,4.807055,3277.050757,0.022087,11.966202,16.72005,4.621281,-7.472079,0.856801,5359.661341,0.278706,0.000886055,0.843933685,0.117551002,0.045632855,0.047089,0.418561,183.349522,1,0.003403,0.624509,484.20609,33
0.149090909,27.017049,-30.499813,-4.42836381,0.011934,-0.683139426,0.505029,1.304144,0.587962,42.319869,1479,2,5,102,16,0,3,12,0,2.824937,0.012045,106.088742,15,-1520,19,595,200,205,-1.323022892,0.266329,3.105373813,22.31756,5.527778,1158.714286,0.017875,2.150998,14.224149,3.094191,-7.823349,0.911301,3350.027778,0.246,0,0,0.995,0.013888889,0.275682,0,0.588888,1,0.04606,0.108782,0,0
0.37963,78.032361,12.064278,-0.624653367,0.535447,1.735200934,5.670067,2.185874,0.209291,10.589415,355,9,9,56,4,0,1,45,0,4.852506,0.049796,105.466656,39,-1410,1,410.58209,275.656716,313.477612,5.39115358,219.4564,6.015807586,409.8567,1.928883,4048.674898,0.026985,75.48983,26.041759,2.761019,-9.9285,0.316933,3960.420888,0.336402,0,0.958209258,0.055081967,0.004388676,0.016086,6.93195,476.490931,1,0.003972,0.368751,0,41
0.34532,-98.622402,31.852544,-0.835736617,0.433555,1.456690847,4.291734,1.838678,0.295794,9.89893,448,6,5,51,9,0,5,75,0,2.895131,0.024857,111.905736,18,-1173.401222,7.613035,296.235294,373.019608,330.745098,3.660986539,38.8997,4.496722242,89.72256,1.905887,2095.297933,0.029537,1.015905,18.509045,2.360832,-7.953353,1.665578,3705.077615,0.349679,0,0.346473566,0.530645161,0.031657293,0.002551,0.549195,1.482384,1,0.005085,0.164461,0,0
0.247744766,-81.069243,35.871563,-3.156206237,0.042587,0.132603337,1.141797,1.560794,0.410496,26.81095,298,8,9,4,9,0,5,73,0,5.043712,-0.011669,102.429719,22,-1410,1,573,244,183.888889,2.517380294,12.39608,5.673587493,291.0769,2.25982,2727.518581,0.024059,0.352501,14.394889,3.686518,-19.522659,0.382259,9140.994388,0.521747,0,0.05037037,0.392,0.27362514,1.246964,14.766685,113.279593,1,0.002829,1.333169,0,0
0.606818182,34.468231,11.603551,6.436015901,623.916098,6.871552601,964.444802,10.892043,0.008429,1.545792,483,8,16,105,5,0,3,17,0,2.521935,-0.001213,102.423272,109,-1202.854615,13.021284,303.314486,292.117884,404.534042,9.580051179,14473.16,3.144035462,23.19729,3.265633,3989.107795,0.021081,1.832082,26.70993,2.926564,-10.744877,0.639874,4013.19538,0.301392,0.000272654,0.108018452,0.324532227,0.101374275,0.035959,0.059229,22.311208,3,0.016228,0.477694,7028.031207,56
0.365122,82.825937,24.101995,5.985932395,397.793249,5.982315661,396.357135,5.605999,0.03182,0.99639,265,3,16,105,12,0,1,45,0,5.846467,0.104054,71.658247,88,-1429.558365,4.20046,202.698077,419.308333,378.005128,9.195945663,9857.084,3.21001347,24.77942,4.125746,4250.84038,0.027769,4.515655,23.935486,4.242335,-8.7156,0.476884,6511.342565,0.388517,0.000131942,0.450260436,0.057418594,0.092568345,0,2.203596,157.64016,5,0.007596,0.930461,2184.538944,35
0.719147,114.015121,40.85328,1.728854458,5.634196,3.651182623,38.520194,4.577913,0.047716,6.836857,1190,8,5,44,6,0,1,43,0,9.060221,0.172462,90.094318,69,-1250.810615,8.959469,440.142857,369.204082,190.765306,6.898945486,991.2289,5.170090736,175.9308,3.83678,509.531574,0.029753,0.345567,4.17356,1.755726,-4.362466,1.451931,2478.99432,0.17039,0,0.344156317,0.458970252,0,0.003405,2.437293,117.512667,2,0.007012,0.070692,0,41
0.135483871,-5.735114,34.946249,3.633502121,37.845123,5.007132654,149.475523,6.854254,0.021285,3.949664,51,9,7,56,12,0,3,15,0,11.700275,0.094525,111.762365,108,-1489.596384,14.024863,268.409449,371.586614,359.951444,7.500082177,1808.191,3.866580143,47.77871,13.536963,1670.89049,0.028088,5.713201,16.678566,3.260192,-13.536445,0.234549,4901.934248,0.359215,0.005055315,0.416508724,0.079087183,0.172764428,0,0.585646,77.723401,1,0.007873,1.009254,0,53
0.058623,112.126623,26.001132,0.303415402,1.354477,2.806831803,16.557378,4.013293,0.062087,12.22419,320,3,1,4,9,0,1,43,0,19.200916,0.144598,73.442021,174,-1520,19,303.531915,378.992908,317.22695,3.684809684,39.83754,3.381394254,29.41175,19.945574,5623.71798,0.025032,1.483204,16.851986,6.79371,-5.776144,0.340052,13722.71625,0.591464,0,0.156492349,0.145284091,0.3881135,0.079777,0,143.869599,1,0.079559,2.809967,0,38
1.636619358,-99.211349,38.36898,-4.463670624,0.01152,-0.819883427,0.440483,1.15773,0.74608,38.237992,649,1,9,53,9,0,5,74,0,3.249595,0.037479,78.96074,10,-1413,0,105,580,315,1.662261835,5.27122,6.125974024,457.5902,0.734355,1540.320972,0.032399,2.477509,13.077902,2.187582,-7.856638,0.974894,3336.988506,0.267,0,0.571813538,1,0,0.088478,0,1.174818,1,0.001761,0.030209,0,0
0.02766,-120.835917,38.268509,2.115878576,8.296872,4.107470884,60.792771,5.953739,0.028211,7.327192,174,2,5,56,12,0,5,77,0,14.440221,0.165668,86.946377,206,-1440.634092,15.143106,429.876574,369.395466,200.760705,4.653331581,104.934,2.537453242,12.64742,10.475628,1056.401975,0.026828,1.888289,14.851842,2.726351,-12.331842,0.229043,4059.885942,0.395232,0,0.22265622,0.128416,0.022797508,0,3.420484,12.976215,3,0.180817,0.355646,282.104344,43
0.605607,-87.152251,34.71995,5.148021053,172.090595,6.239035558,512.364127,11.017808,0.008238,2.977293,167,11,15,105,9,0,5,74,0,7.037967,0.06467,115,82,-1202.633996,9.017866,211.118594,556.025837,232.867006,9.243683268,10339.05,4.095662194,60.07911,4.257346,3878.543797,0.026236,6.988424,15.56774,4.37683,-19.020251,0.281409,10302.76556,0.507581,8.30E-05,0.165978529,0.040275955,0.387622772,0,10.196833,52.406017,6,0.039268,1.747757,483.046751,36
0.297879,78.309832,20.270015,1.83874817,6.288661,3.634461969,37.881466,4.261306,0.05507,6.023773,313,2,9,56,4,0,1,45,0,4.906023,0.079413,102.206544,42,-1250,9,241.202643,331.365639,427.45815,5.376315832,216.2242,3.537567782,34.38319,2.691715,4112.323966,0.028876,8.29997,27.099483,3.743877,-9.847694,0.968242,4642.126904,0.336603,0,0.663760938,0.14474359,0.042134426,0,3.111588,196.948302,3,0.006961,0.77342,0,33
1.861184,-104.550571,48.789881,-1.066485912,0.344216,1.345643706,3.840658,1.846653,0.293244,11.157707,634,3,5,53,6,1,5,74,0,5.62243,0.093729,86.846405,24,-1413,0,349.395349,331.55814,319.209302,3.992924052,54.21318,5.059410855,157.4977,2.30442,435.339975,0.035144,1.75195,4.654129,1.498907,-4.253022,0.719524,2680.601022,0.214674,0,0.681057131,0.224210526,3.75E-05,0,2.345032,0.461601,1,0.025208,0.057767,0,0
0.342198228,-96.827934,32.092724,-1.323240692,0.266271,1.577065123,4.840728,2.646331,0.142795,18.179737,150,1,13,99,9,0,5,75,0,2.467865,0.004434,114.514451,11,-1400,15,117.446809,448.893617,434.021277,1.856618095,6.402049,3.179860531,24.0434,0.763636,2887.498221,0.02998,1.657748,19.16317,3.138513,-7.112743,1.311273,4982.755682,0.36863,0,0.675,1,0,0,5.558226,8.003098,1,0.031383,0.370312,0,0
0.544815,71.58168,22.718339,1.790871909,5.994677,3.445708499,31.365498,3.613802,0.076572,5.232225,72,1,16,98,5,0,1,45,0,1.812889,0.001859,105.753846,17,-1501.245865,18.305402,391.509653,330.3861,278.007722,4.992610486,147.3205,3.201738618,24.57522,0.269506,2871.239282,0.028491,4.725689,27.257766,1.733408,-11.069761,1.80027,2020.15153,0.234944,0,0.931444857,0.144274406,0,0,4.995539,338.466091,2,0.010173,0.164154,0,46
0.268245614,31.931562,-25.035184,-3.107379174,0.044718,0.58263676,1.790754,2.388865,0.175233,40.045818,214,9,9,56,5,0,3,12,0,3.06324,0.032889,113.924266,22,-1337.927928,4.603604,399.130435,307.869565,293.043478,4.650261136,104.6123,7.75764891,2339.398,2.215301,2591.00886,0.019907,1.290747,22.448187,1.956602,-8.908691,0.908146,3789.557937,0.319262,0,0.100162983,0.625,0.025382898,0.047041,0,0.067649,1,0.003024,0.049479,0,0
0.589844,11.947672,46.132346,-2.417782724,0.089119,1.037349818,2.821729,2.666398,0.140653,31.662439,708,8,1,24,20,0,2,21,0,16.705339,0.161751,67.131212,83,-1180,6,388,427,185,3.315034372,27.52334,5.732815572,308.8376,39.769829,1935.221837,0.026271,0.587323,7.39326,6.057802,-7.674035,0.31823,12577.78301,0.466857,0.050821256,0.046967798,0.253076923,0.201966717,0.025381,0.326292,0.216268,1,0.026616,2.789543,0,35
0.022895,111.328056,29.514885,0.09303031,1.097495,2.228024141,9.281509,2.499265,0.160094,8.456992,117,6,7,4,9,0,1,43,0,7.043964,-0.01868,94.32824,75,-1512.819876,18.725466,309.123457,435.345679,255.45679,2.90348759,18.23764,2.81045756,16.61752,12.743548,4813.869604,0.030922,11.711852,16.22187,5.701082,-4.369165,0.756678,10651.67145,0.524359,0,0.551650963,0.107905405,0.189803359,1.521143,0.40544,482.006142,1,0.003849,1.782551,0,0
0.147807306,-98.189333,39.096576,-3.228522202,0.039616,0.268825652,1.308427,1.854419,0.290793,33.027516,450,5,5,53,9,0,5,74,0,3.745968,0.049474,113.354031,15,-1413,0,181,444.833333,374.333333,1.429726626,4.177557,4.658241648,105.4505,1.988836,2000.698873,0.032043,2.539264,13.009645,2.560885,-7.712861,0.677775,4145.017544,0.275,0,0.358851675,1,0,0.191209,0.006116,0.59143,1,0.005767,0.135787,0,0
0.098573,124.276889,42.528656,3.831863591,46.14846,5.098892344,163.840328,6.803577,0.021604,3.550288,125,13,5,6,26,0,1,42,0,12.113725,0.09903,77.802809,105,-1399.009545,4.309097,407.865745,372.436328,219.684107,7.679570376,2163.69,3.847706753,46.88542,8.89035,1627.43658,0.033744,3.865214,5.40594,3.051744,-12.067087,0.904455,6407.540057,0.326291,0.003033949,0.318847384,0.191066318,0.196504887,0.009009,0.394147,69.953654,3,0.050689,0.397842,0,39
1.072632,106.692901,34.93512,0.157227655,1.170262,2.360033948,10.591311,2.76187,0.131097,9.050378,1084,8,1,6,27,0,1,43,0,23.410455,0.278773,105.792891,117,-1069.683656,0.717926,251.4,518.272727,230.609091,6.415632495,611.3273,6.258404864,522.385,19.134807,1008.208979,0.027277,2.455405,7.181494,3.191637,-5.804125,0.22871,6184.047873,0.405097,0,0.193278851,0.228313253,0.241807244,0.665904,0.016314,53.885692,2,0.023626,0.288124,0,42
0.765076508,-81.657065,39.347434,-0.32965751,0.71917,2.399997153,11.023145,3.666779,0.074376,15.327588,197,3,5,7,9,0,5,74,0,9.872468,0.089157,73.524302,48,-1359.146667,0,208.666667,524.333333,266.802469,4.003864449,54.80955,4.333521686,76.21221,2.989342,2223.056435,0.027302,0.153578,11.952871,3.90703,-17.577095,0.635147,8777.495216,0.511845,0,0.141588955,0.267809524,0.607847887,0.038921,8.655562,47.453042,1,0.00496,1.06191,0,0
0.8205,110.904197,-7.912684,4.231357091,68.810551,5.192162797,179.857127,6.11639,0.026731,2.613802,137,1,15,99,2,0,1,51,0,4.705786,0.09404,89.041704,95,-1213.098957,6.394056,338.413519,327.292247,334.297217,6.885713126,978.199,2.654356132,14.21583,6.449834,8104.702599,0.025062,29.205722,24.031657,8.363783,-6.385788,0.986516,13536.37271,0.527703,0.196603992,0.438453233,0.087900172,0.181005329,0,4.058383,499.716983,3,0.016219,3.223342,720.508766,34
0.038102,105.512119,32.182185,0.454387327,1.575208,2.976195518,19.613057,4.408302,0.051459,12.451088,670,3,5,6,15,0,1,43,0,16.935497,0.178385,125.128015,75,-1520,19,245.662037,467.458333,286.930556,3.222929597,25.10155,2.768542422,15.93539,11.265489,3363.764706,0.025365,0.262216,14.410359,4.854969,-6.118843,0.683044,8935.977997,0.542163,0,0.53044586,0.175674419,0.057993631,0,0.024123,242.012847,2,0.025336,0.896183,0,32
0.145939,10.736912,47.611538,2.7780261,16.087235,3.978938275,53.460244,3.759978,0.070734,3.323147,773,1,7,60,10,0,2,22,0,7.173041,0.014384,114.883813,219,-1233.096357,12.236224,302.216667,434.066667,263.770833,7.194152276,1331.621,4.416126446,82.77503,33.196204,1406.127295,0.026482,4.917173,1.757689,5.879866,-6.316883,0.468324,16448.89168,0.379607,0.090709395,0.031753838,0.086536937,0.005824935,0.162844,5.203234,44.642526,2,0.009855,3.607458,0,31
0.012495,112.052992,28.149926,1.94654609,7.004453,4.261327047,70.904014,7.557511,0.017508,10.122705,149,6,3,4,9,0,1,43,0,16.905039,0.023645,81.093709,154,-1496.281407,9.749058,287.540076,427.21374,285.316794,5.247181954,190.03,3.300635704,27.12988,13.673561,5164.181097,0.027096,18.644286,16.230058,6.184622,-4.519458,0.859479,12495.72489,0.503572,0,0.501445481,0.117275641,0.345526861,0.309075,0.126998,248.883039,3,0.057352,2.997581,0,31
0.025437,112.511585,27.215229,1.808456298,6.101022,4.363181105,78.506475,8.966011,0.012439,12.867759,104,9,9,1,9,0,1,43,0,9.229382,0.037642,90.26201,77,-1446.214062,21.18625,329.209581,428.784431,242.063872,3.998096843,54.49434,2.189640558,8.932002,5.456915,4850.246207,0.028546,3.034084,17.254238,5.794624,-6.038725,0.884788,12161.35239,0.463302,0,0.404169819,0.200904585,0.237528373,0.222702,0.984944,333.622462,2,0.044492,2.712631,0,31
0.020689655,-9.209266,30.69042,1.892528359,6.636126,3.640813079,38.122821,4.174676,0.057379,5.744741,625,3,7,12,6,0,3,15,0,12.314126,0.104563,96.182991,224,-1520,19,477.485915,277.158451,245.538732,7.175443041,1306.939,5.282914855,196.9431,18.775316,450.30011,0.026697,7.587624,16.313946,1.249471,-27.448074,0.133195,2192.296414,0.164372,0.281168766,0.100060683,0.260435268,0.011677626,0.000837,0.126589,26.962555,1,0.078893,0.386671,0,30
1.449,-89.850734,39.241723,-0.274215817,0.760168,2.411446852,11.150082,3.6076,0.076836,14.667923,173,3,10,60,9,0,5,74,0,7.74004,0.10604,101.808406,37,-1413,0,86.990654,689.813084,223.495327,3.952751428,52.07846,4.226967605,68.50917,0.58955,2239.65715,0.036075,8.74552,12.480512,3.356712,-6.748456,0.519518,7565.408406,0.3413,0,0.667139755,0.099561404,0.234291007,0.347583,5.589089,5.685549,2,0.013832,0.743955,0,29
1.088462,109.627879,-7.383751,1.953400313,7.052628,4.057732824,57.843022,6.144274,0.026489,8.201626,226,10,9,99,1,0,1,51,0,6.571376,0.070689,114.24,84,-1520,19,281.475452,360.258398,358.139535,6.919706577,1012.023,4.966305766,143.4958,13.158263,9940.231913,0.027964,17.503879,21.264946,12.340583,-6.290734,0.366143,23772.79234,0.627181,0.015178087,0.271525237,0.091236495,0.56580684,0,4.603061,762.66575,1,0.393176,12.642426,644.625243,29
0.105152471,-96.4648,43.382746,-1.540009802,0.214379,1.595490498,4.930747,3.004117,0.110807,23.000159,416,3,5,42,18,0,5,74,0,3.597606,0.034028,107.691848,24,-1413,0,121.285714,530.809524,348.142857,2.754241435,15.70912,4.294252239,73.2774,1.224076,1485.485429,0.034201,7.369505,8.058412,2.678511,-5.399526,0.31563,5293.644815,0.30191,0,0.925705205,0.484,0,0.048449,6.054255,3.271898,1,0.004624,0.2407,0,0
0.445217,1.541455,35.41263,1.46731705,4.337582,3.557662182,35.081088,4.751648,0.044291,8.087706,919,3,9,12,6,0,3,15,0,5.468856,0.073763,107.511073,46,-1306.762744,10.846811,377.385757,367.896142,254.709199,6.08506941,439.2503,4.617752693,101.2662,2.269991,361.799236,0.029046,0.86191,14.580026,1.621674,-8.492143,0.880165,2352.663764,0.168249,0.001749911,0.932127419,0.091607717,0.00025203,0,9.097986,454.766869,1,0.096462,0.162658,0,0
0.3728,8.899817,40.878871,-0.990510633,0.371387,1.666804716,5.295221,2.451128,0.166444,14.257967,22,2,3,8,12,0,2,21,0,11.859624,0.135605,70.923077,68,-1250,9,454.925,328.1,216.975,6.188578858,487.1533,7.179089958,1311.714,11.542184,889.098354,0.025766,0.890396,14.488694,2.265134,-8.037621,0.982414,4786.052542,0.488291,0.003911756,0.551554109,0.170714286,0.19886313,0.064516,5.067108,25.0696,4,0.001566,0.512489,0,41
2.323906083,-82.370257,37.42111,1.349317828,3.854795,4.170105022,64.722249,9.299252,0.011564,16.790063,231,3,1,7,9,0,5,74,0,25.215041,0.220187,99.64336,139,-1143.264829,8.096074,356.769616,422.72621,220.509182,6.924959435,1017.353,5.57564148,263.9188,15.997173,2172.498194,0.026045,0.999677,11.915423,4.264146,-18.452721,0.737717,9643.135106,0.521505,0.006760647,0.00019345,0.122309059,0.910940394,0,6.8972,19.160448,1,0.010272,1.291247,0,32
0.235294,25.734027,45.257304,-0.084400606,0.919063,2.257028994,9.55466,2.811498,0.12651,10.396093,630,5,1,7,19,0,2,22,0,15.137383,0.139295,112.333333,71,-1409.017981,14.75657,373.704762,357.27619,269.019048,4.754586247,116.1156,4.838986975,126.3413,19.168418,1017.038007,0.027263,0.191255,7.186045,3.405372,-4.330621,0.542525,7372.680173,0.471674,0,0.055182045,0.111730769,0.496479767,0,2.886935,30.734956,2,0.013434,1.352597,0,62
0.131852,21.101687,49.542968,0.946188506,2.575873,2.833754021,17.009194,2.989624,0.111884,6.603273,385,3,1,7,19,0,2,24,0,15.154603,0.137678,107.895028,106,-1430.728324,15.375723,304.719008,471.173554,224.14876,5.309641506,202.2777,4.363452957,78.52782,11.742268,927.532705,0.028631,0.508025,6.580031,2.966896,-3.729677,0.436771,9445.38279,0.487082,0,0,0,0,0,2.375396,22.599194,2,0.058787,2.064851,0,33
0.742926205,-117.909037,33.925987,-4.356748827,0.01282,-0.494037339,0.610158,1.520152,0.432739,47.592853,116,3,7,42,6,0,5,77,0,2.713452,0.029857,106.179104,11,-1052,0,346.506173,381.864198,271.530864,-3.845580049,0.021374,0.511131177,1.667176,2,582,0.03229,0.367348,16.857433,1.260231,-9.05065,0.889288,2030.333333,0.32,0,0,0,0,0,62.785713,835.631653,1,0.005523,0.115745,0,0
1.242381,-89.860859,39.059734,-3.258760759,0.038436,0.310552782,1.364179,1.962907,0.259538,35.492631,176,3,9,102,9,0,5,74,0,6.643264,0.146609,104.481982,22,-1413,0,106.6,661.7,231.7,2.907290601,18.30713,6.166063234,476.3073,0.372406,2320.111921,0.036899,7.844339,12.744249,3.371673,-7.361747,0.485834,7532.816891,0.363677,0,0.788005096,0.1175,0.136661813,0.063348,9.209936,26.09222,1,0.001614,0.756087,0,0
0.170625,127.536677,36.410775,3.819554101,45.583878,5.576141804,264.050878,11.032579,0.008216,5.792637,70,8,7,44,15,0,1,42,0,17.309067,0.329265,81.166102,154,-1406.879273,1.507118,394.697277,341.327282,263.908703,8.026130325,3059.878,4.206576217,67.12632,13.833347,4219.863877,0.027422,6.21336,10.978787,3.794007,-7.157871,0.604454,11518.80513,0.465797,0.000767857,0.324367744,0.130723237,0.19805997,0.028474,10.435149,111.030429,4,0.016001,1.311502,38.997177,41
0.048899,111.970498,27.072492,0.035454978,1.036091,2.307546166,10.049734,2.785164,0.128914,9.699667,203,6,7,1,9,0,1,43,0,20.601338,0.113512,81.514134,120,-1520,19,257.514019,438.11215,304.691589,2.186027119,8.899785,2.150572077,8.589771,12.823883,4449.627789,0.02794,7.706467,17.029089,5.438193,-6.13063,0.796706,12274.03179,0.469,0,0.141391753,0.256357143,0.192972509,0.037925,6.20E-05,237.292877,1,0.019533,2.169802,0,23
0.276939,-0.347647,42.306482,-1.767466937,0.170765,1.155275191,3.174897,2.167332,0.212887,18.592218,879,6,1,12,10,0,2,21,0,14.860027,0.090839,102.458363,85,-1479.376499,19.553957,358.666667,411.583333,229.75,4.173005084,64.91022,5.940473049,380.1147,18.218778,910.506567,0.024074,1.718649,9.966519,3.460128,-10.061428,0.533604,5981.054963,0.489406,0.003275109,0.18119022,0.2692,0.00206846,0.570922,1.341819,4.476092,1,0.007227,1.124892,0,0
0.032724,110.903787,27.398194,1.633479581,5.121665,4.054488663,57.655674,7.186733,0.019361,11.257212,345,6,3,4,9,0,1,43,0,21.735595,0.115262,74.332776,141,-1518.718977,18.790378,290.027778,430.08547,279.863248,5.785702496,325.6107,4.152222828,63.57516,14.653331,5343.819691,0.024929,1.38184,15.625271,7.229175,-4.015654,0.527625,13221.41475,0.52597,0,0.314388218,0.311134328,0.063676305,0.024548,0.080782,358.175538,3,0.143351,2.631766,0,38
1,-6.709024,33.90369,3.679268491,39.617403,5.51614137,248.673644,11.145045,0.008051,6.276879,49,6,1,102,12,0,3,15,0,14.553375,0.102063,113.135839,128,-1283.608245,10.59341,326.346391,349.230554,324.383884,9.159756195,9506.739,5.480487662,239.9637,8.755298,659.114996,0.030012,11.32306,16.230988,1.737686,-13.367797,0.411653,2795.221478,0.212045,0.191159902,0.485544052,0.132368894,0.019324972,0,0.615932,46.789385,3,0.035018,0.299061,0,40
1.620313,-96.201285,32.42808,-2.093929994,0.123202,0.940717163,2.561818,2.058899,0.235901,20.793687,111,1,15,56,9,0,5,75,0,3.996532,0.010886,101.833333,18,-1300,22,285.064516,440.096774,275.258065,1.188709511,3.282842,3.282642048,26.64608,0.366337,3326.100686,0.033307,0.078069,18.922308,3.345161,-7.322429,1.117699,5969.673267,0.365,0,0,0,0,0,10.690995,34.953304,1,0.002876,1.320153,0,0
0.96506,-81.03347,41.007256,2.547967674,12.781102,4.70163736,110.127343,8.689726,0.013243,8.61642,312,3,9,60,10,1,5,74,0,4.143218,0.04356,87.436125,30,-1577,0,253.586705,504.518786,241.933526,6.227222205,506.347,3.679254785,39.61686,1.34929,1535.537124,0.031512,2.692591,9.842198,3.69452,-9.481549,0.825012,8801.539165,0.425551,0.00061149,0.464773976,0.138657685,0.245695108,0,19.031832,101.192809,3,0.002598,1.027557,0,29
0.28768,101.067908,23.08423,0.648853019,1.913345,3.149331215,23.320463,4.755932,0.044211,12.188324,1341,3,5,1,16,0,1,44,0,7.685412,-0.016327,109.104575,91,-1591.317957,15.159802,295.423729,392.372881,312.158192,3.657404783,38.76062,3.008551752,20.25804,12.081703,4576.657361,0.024846,4.826051,17.718222,6.694761,-15.770953,0.640331,9840.669723,0.584424,0,0.386081907,0.237008547,0.156094132,3.958599,4.226131,217.760746,1,0.01269,2.810695,0,27
0.107890068,-83.449912,37.302114,1.337993952,3.81139,4.267000221,71.307408,10.303577,0.009419,18.70903,250,3,5,7,9,0,5,74,0,23.274529,0.259112,98.769054,119,-1135.759919,7.430315,351.645833,426.956845,221.546131,6.253879964,520.0266,4.91588569,136.4401,11.252088,2595.392006,0.026015,0.532782,12.860065,4.163595,-19.733674,0.72925,10259.4119,0.531431,0.020271731,0.000651828,0.114623853,0.885819488,0.003844,4.506074,12.995623,3,0.000493,1.528106,36.720864,32
0.4116,42.716622,36.800523,5.807471379,332.776595,6.613529636,745.108344,11.522272,0.007532,2.239065,308,5,8,111,12,0,1,29,0,11.234146,0.19179,116,159,-1334.327078,11.461997,209.947449,389.839275,400.285802,9.297861203,10914.65,3.490389795,32.79873,11.570141,566.76835,0.031717,5.113728,15.065873,2.474645,-6.499235,0.399578,3818.899561,0.183994,0.054359792,0.772091643,0.05989304,0.000944469,0,3.261856,147.208326,5,0.05046,0.778101,1714.390364,46
0.179011196,-96.413615,35.124108,-2.053368419,0.128302,0.80330925,2.232918,1.758537,0.323368,17.403641,241,3,11,43,9,0,5,74,0,3.411667,0.039125,104.375676,14,-1520,19,438.730769,395.846154,165.846154,1.66303991,5.275323,3.716409987,41.11652,1.149134,2886.743169,0.038759,0.882293,16.723681,3.138101,-9.574666,0.907602,6171.274301,0.398533,0,0,0.826,0.049174434,0.118644,22.466998,9.259356,1,0.003725,0.571637,0,0
0.176912895,-39.518356,-5.132479,2.893599931,18.058201,5.053621492,156.588523,10.394839,0.009255,8.671325,234,8,5,56,3,0,6,63,0,4.534829,0.02506,87.041667,60,-1410,1,598.993049,226.600794,174.398213,7.557435825,1914.929,4.663836185,106.0421,4.608112,2569.919578,0.023585,3.096931,25.672097,2.197383,-9.650432,3.210627,4098.104626,0.378502,0,0.106351417,0.276671381,0.085053805,0,0.523125,23.821949,4,0.06054,0.267149,0,46
0.277288,0.132585,40.815388,-1.256189332,0.284737,1.15254508,3.166241,1.673851,0.356916,11.11986,613,6,3,12,12,0,2,21,0,4.485817,-0.010434,66.503307,22,-1412.150313,17.782881,325.97561,489.487805,184.804878,4.141991851,62.92804,5.398179443,221.0037,15.560756,886.698765,0.022528,0.01678,11.878683,2.228358,-6.042061,1.273268,4112.872908,0.469105,0.008732719,0.021707998,0.222272727,0.001233726,0,0.120176,14.734274,1,0.007217,0.31663,0,0
0.091463,-2.051451,53.800012,-2.535072159,0.079256,0.924610824,2.520887,2.525997,0.156724,31.806963,303,1,1,35,10,1,2,23,0,9.208878,0.044332,64.767541,45,-1224.215827,14.568345,405.545455,373.909091,220.545455,1.159915582,3.189664,3.694989997,40.24517,4.970488,1166.118893,0.022954,0.07343,7.635671,3.691324,-2.978935,1.264241,22757.42906,0.533,0,0,0,0,0,7.535883,9.896601,1,0.111336,1.037171,0,0
0.309411,113.323028,26.646702,0.358662068,1.431413,3.067199175,21.481652,5.06501,0.03898,15.00731,106,6,3,1,9,0,1,43,0,16.678329,0.07052,75.501014,156,-1520,19,301.982063,421.923767,276.139013,6.112510254,451.4706,5.753848016,315.402,4.900871,4641.80367,0.029771,1.72439,18.243258,5.855885,-5.104262,0.426236,12106.40237,0.468418,0,0.68819023,0.271384615,0.160210573,0.620619,0.280907,334.335441,5,0.025578,2.118699,0,35
0.125,27.801686,-32.906488,0.719608959,2.05363,3.103071495,22.266237,4.383095,0.052052,10.842382,168,3,1,56,9,0,3,12,0,9.335965,0.095099,104.95614,93,-1517.571235,11.006784,446.073892,313.261084,240.502463,6.124553404,456.9406,5.40494463,222.5039,5.366015,2035.271407,0.018535,0.379391,16.97342,2.672497,-6.820132,0.214709,4767.33606,0.470857,0,0.241397802,0.109303136,0.241262948,0.088372,3.986665,62.720874,3,0.156318,0.126459,0,0
0.180952,118.833548,35.838229,3.18394163,24.141724,4.632724894,102.793785,5.901709,0.028711,4.257931,153,9,9,44,15,0,1,43,0,4.416422,0.031366,99.270492,44,-1405.177146,1.315067,421.364865,365.800676,212.731419,6.260859614,523.6689,3.076918174,21.69145,3.210619,2302.710957,0.032235,29.942966,12.260929,2.630806,-5.435153,0.225397,5564.966029,0.250503,0,0.903631683,0.143316032,0,0,4.268697,415.896863,4,0.028441,0.366507,0,42
0.011409,113.317564,28.326195,0.099874294,1.105032,2.755748786,15.732817,4.221961,0.056101,14.237435,78,3,5,1,9,0,1,43,0,6.284511,0.051501,105,41,-1520,19,262.447552,471.216783,266.363636,2.203985007,9.06105,2.104110739,8.199808,2.940784,4546.070275,0.02853,1.924789,17.753877,6.259698,-5.636136,0.502207,11580.83653,0.476703,0,0.637197665,0.188410596,0.133169308,7.291667,0.70872,270.739854,1,0.011531,1.778312,0,0
0.366667,77.007934,9.980362,-0.367438377,0.692506,2.785908494,16.214542,5.496524,0.0331,23.414313,449,9,1,5,2,0,1,45,0,16.166793,0.164482,97.436482,97,-1410,1,400.012346,282.055556,318.018519,5.759035203,317.0423,6.126474128,457.8191,19.398544,6891.775303,0.020523,14.70063,20.196329,7.374454,-15.539671,0.374321,13829.3174,0.628259,0,0.065597483,0.456627907,0.543933438,0,3.881232,166.234514,2,0.045859,5.618905,0,30
0.203682,103.754697,23.664996,0.486348078,1.626366,2.65511071,14.226561,3.146921,0.100978,8.747455,1483,1,7,44,15,0,1,43,0,6.119665,0.098245,72.941606,58,-1147.948617,1.726482,249.678261,409.713043,340.478261,5.072371141,159.5522,4.586023044,98.1035,10.267383,3214.435353,0.024728,4.066167,15.076917,4.111495,-4.956156,1.231556,10600.02895,0.471176,0,0.275326462,0.583990385,0.034378144,0,0.892525,75.699624,2,0.00797,1.464072,0,31
0.061467,112.207645,26.944341,1.562434351,4.77042,4.029846378,56.252269,7.265354,0.018945,11.791889,114,3,5,1,9,0,1,43,0,15.85625,0.052088,82.383372,109,-1379.254161,13.57181,278.518519,441.787654,279.812346,5.376328319,216.2269,3.813893836,45.32659,8.256531,4585.692515,0.029177,3.549942,17.527559,5.366821,-5.643388,0.86452,12127.00797,0.515117,0,0.754469735,0.118034865,0.127352566,0.0112,0.099587,422.63648,3,0.003471,2.242136,0,28
0.475,48.502559,32.685287,4.28524418,72.620277,5.225143917,185.887921,6.15343,0.02641,2.559725,323,6,1,82,12,1,1,29,0,16.215255,-0.008277,112.957566,898,-1253.29741,15.127708,267.156053,420.03219,312.759272,9.083470854,8808.486,4.798226419,121.2951,19.71886,536.668388,0.031847,3.960536,13.275171,2.409918,-5.318658,0.483439,1722.295316,0.118696,0.223292121,0.518227395,0.118951035,5.80E-05,1.256352,3.354116,82.194013,3,0.005862,0.383524,0,38
1.249206,-96.705506,31.872776,-1.780629636,0.168532,1.089148313,2.971742,2.042042,0.239812,17.63308,139,1,5,99,9,0,5,75,0,2.785858,0.032304,102.344828,11,-1307.017544,21.508772,448.5,280.45,271.1,1.107343725,3.026309,2.887972215,17.95686,1.233735,2838.574648,0.028055,1.12274,19.302895,3.160294,-6.903516,1.280089,5244.578313,0.413,0,0.18313253,0.264545455,0,0,1.006037,0.063691,4,0.016386,0.337569,0,0
0.05574136,-98.249204,31.041508,-2.221134147,0.108486,0.887798249,2.429774,2.081011,0.230914,22.397154,358,5,5,51,9,0,5,75,0,4.970106,0.011067,98.678571,26,-1180,6,323.62069,423.034483,254.344828,3.312405876,27.45109,5.533542046,253.0386,1.802198,2235.286676,0.03105,1.808691,19.036109,2.541866,-8.521008,1.460878,4046.817207,0.366482,0,0.517191102,0.645714286,0.005419459,5.32,0.080244,2.641534,1,0.006925,0.201229,0,0
0.5,-92.883404,40.714738,-2.226485534,0.107907,0.905549652,2.473291,2.123953,0.221672,22.920517,285,3,9,43,18,0,5,74,0,6.682488,0.146955,113.746667,32,-1413,0,76.857143,564.714286,358.428571,0.77947349,2.180324,3.005956329,20.20553,1.522388,2330.136508,0.033174,12.046174,10.649736,3.113254,-6.076255,0.606735,7263.355224,0.382,0,0.300477612,0.755294118,0.005014925,1.369231,31.362771,115.969171,2,0.012843,0.613189,0,0
0.01,-108.128656,50.015897,2.658100074,14.269153,4.412301394,82.459016,6.157921,0.026371,5.77883,804,3,9,53,19,1,5,71,0,8.776966,0.256302,119.579505,47,-1052,0,311.35,435.216667,253.335185,7.406393133,1646.477,4.748293429,115.3872,2.06216,315.112757,0.033198,0.448361,4.204225,1.538681,-4.846828,1.479627,3610.80984,0.233909,0.00114101,0.652781514,0.21916699,0.002610728,0.012844,0.738807,0.501685,4,0.104328,0.057372,0,33
0.185909,77.306404,11.562625,-0.501859275,0.605404,1.483556045,4.408595,1.598352,0.391431,7.282067,308,9,4,44,4,0,1,45,0,4.088488,0.071364,107.787791,22,-1410,1,392.125,309.625,298.25,3.743585892,42.24922,4.245444737,69.78679,24.002588,4921.902909,0.021359,150.469253,24.505556,4.258315,-20.721218,0.155816,3389.046984,0.475807,0,0.252864822,0.132222222,0.142769261,0,1.469565,149.368182,1,0.006271,0.313842,0,0
0.141927853,-78.244528,38.306931,-4.516976175,0.010922,-0.724844267,0.4844,1.307494,0.584953,44.349098,139,3,5,4,9,0,5,73,0,5.571583,-0.020849,103.281124,22,-1650,12,291,463,245,0.313128303,1.367697,4.830065003,125.2191,2.369458,2340.950495,0.024771,0.291765,13.097702,3.508727,-21.497715,0.588281,8478.330049,0.526,0,0,0.29,0.701428571,0.078838,4.44113,26.630854,2,0.01404,1.392683,0,0
0.696444,101.388704,4.425354,-1.156755305,0.314505,1.833770357,6.257435,3.147587,0.100936,19.896154,1070,8,1,4,1,0,1,44,0,22.020046,0.332042,107.428612,98,-1410,1,328.945946,310.986486,360.067568,4.233312566,68.94524,5.390068949,219.2185,14.526819,10449.76319,0.02079,1.638897,20.26242,10.093061,-10.282046,0.075529,26614.0519,0.687708,0,0.240124162,0.002727273,0.67569779,0.099601,36.338901,244.454306,1,0.026867,6.644195,0,28
0.370566,-4.962117,36.551327,0.368189595,1.445116,2.363756577,10.630812,2.494653,0.160687,7.356372,95,5,7,8,12,0,2,21,0,14.693337,0.161401,92.33924,109,-1074.674173,0.063336,365.213235,345.963235,289.242647,4.963148081,143.0434,4.594958423,98.98402,27.266429,1231.666275,0.021424,0.61932,15.229266,2.470989,-5.849955,0.308852,4764.067499,0.414111,0.040736393,0.012839179,0.22875,0.014016188,0.024056,4.007777,23.533946,1,0.010792,1.265227,0,36
0.615384615,-82.121403,40.022154,1.968274199,7.158312,4.182173479,65.508079,6.906923,0.020962,9.151331,224,3,5,7,9,0,5,74,0,9.114529,0.0861,86.748156,65,-1052,0,134.849624,592.145363,273.150376,4.941450261,139.9731,2.973176289,19.55393,3.933136,1858.97107,0.027942,2.278607,11.037381,3.604423,-19.403982,0.673754,8853.442973,0.455833,0,0.1598535,0.177405704,0.419223834,0.024485,11.126939,44.604429,3,0.009475,1.086747,9.625457,35
0.219618,115.473997,28.226564,0.564006705,1.757701,3.053837064,21.196521,4.51011,0.049162,12.059231,35,5,13,1,9,0,1,43,0,2.801967,0.015952,106.319495,24,-1281.897898,9.896096,237.158228,503.955696,258.968354,1.332424856,3.790223,0.768418369,2.156353,0.774451,5948.022305,0.03211,1.851573,18.230484,6.302725,-5.427383,0.988211,12254.56088,0.341,0,0.911856287,0.018969957,0,0.493225,4.17681,413.649488,1,0.002279,0.979351,0,0
0.064237382,-118.422423,35.670687,3.663637207,39.002947,4.655146951,105.124667,4.74844,0.04435,2.695301,785,9,7,56,13,0,5,77,1,9.505123,0.10486,82.146437,85,-1309.549015,18.698494,512.863281,307.015625,180.044922,8.577747034,5312.124,4.914109709,136.198,21.037285,365.110174,0.022375,3.590265,8.688698,1.762769,-13.262107,0.643927,3209.670258,0.224671,0.066799814,0.028642308,0.252104044,0.060263396,0.00053,0.213872,1.77982,2,0.007895,0.567371,0,50
0.162197232,-80.510017,35.981987,-2.130061379,0.11883,0.828037275,2.288822,1.873028,0.285044,19.261347,213,8,9,5,9,0,5,73,0,3.441349,-0.000334,105.116691,19,-1410,1,396,354,250,2.587456469,13.29591,4.717519821,111.8904,1.707419,2828.47604,0.028128,1.604709,14.711856,3.663165,-21.750064,0.371693,8386.630094,0.50583,0,0.007257053,1,0.312560084,0.213433,15.919293,61.833745,1,0.004718,0.96507,0,0
0.244417,112.488024,25.660702,0.165877932,1.180429,2.952693501,19.157485,4.974089,0.040418,16.229251,225,5,5,4,9,0,1,43,0,8.702495,0.056765,82.487016,75,-1234.352679,18.978237,299.086486,372.237838,328.859459,5.373570005,215.6313,5.207692195,182.672,8.14959,4538.411524,0.028227,10.721913,17.234377,5.559352,-5.517692,0.315336,12905.70826,0.448856,0,0.721720434,0.14,0.120159146,0,1.368915,216.864417,3,0.025357,2.278952,0,33
0.036394791,-79.161895,38.394975,-2.803328381,0.060608,0.373117521,1.452255,1.66408,0.36112,23.961566,539,3,3,7,9,0,5,73,0,13.376408,-0.042671,107.423077,71,-1520,19,349.789474,438.105263,211.526316,3.725370725,41.48661,6.528704423,684.5108,19.219718,1363.194381,0.027242,0.356498,9.836684,3.445451,-19.032142,0.968162,9523.239987,0.570505,0,0,0.223333333,0.95112048,5.04,0,0.031382,1,0.015085,1.612584,0,0
0.015384615,27.273044,-32.605537,-0.068695416,0.933611,2.487756917,12.034252,3.51343,0.08101,12.890013,1018,2,7,60,10,0,3,12,0,8.053645,0.141841,93.024119,57,-1300,11.148554,415.431373,284.607843,299.764706,3.146231581,23.24829,3.214927641,24.90149,8.932483,2157.74562,0.015177,0.633867,14.448543,3.245324,-19.613361,0.295008,4275.544804,0.60249,0,0,0.163432836,0.714915993,0.109228,1.162355,4.768923,1,0.010936,0.270495,0,0
1.11,28.188978,-25.629004,0.377193197,1.458186,1.859856807,6.422817,1.500425,0.444193,4.404664,1204,10,11,56,5,0,3,12,0,3.875155,0.035018,90.353846,28,-1410,1,657.067797,128.20339,214.338983,5.745292552,312.7151,5.36809946,214.4549,4.219092,2124.024416,0.022029,7.485602,17.58635,2.134842,-8.070609,0.53774,3429.504527,0.289327,0,0.006924009,0.144202128,0.03968263,0,58.294607,1759.479003,2,0.012432,0.080541,0,0
0.40625,27.706589,-32.979789,1.956240323,7.072686,4.028219468,56.160826,5.95712,0.028179,7.940523,158,3,5,56,9,0,3,12,0,11.142388,0.128847,100.903226,170,-1599.310169,11.619826,475.653759,297.84738,226.432802,5.569027477,262.179,3.612787245,37.06923,6.540711,1973.726027,0.018544,0.500534,17.749071,2.298517,-6.870607,0.157496,4864.758319,0.491028,0,0.137370778,0.08825998,0.270533374,0,14.132109,694.020839,3,0.006891,0.107673,0,0
0.45,66.256481,39.796726,4.252340127,70.26966,5.014836623,150.631525,5.069055,0.038918,2.143621,507,1,15,109,12,0,1,46,1,3.481595,0.052201,74.657715,44,-1151.25504,0,286.969356,442.540963,270.573483,6.466471576,643.2102,2.214131513,9.153456,1.922065,142.45688,0.040391,0.734241,14.126751,1.379109,-6.163655,0.996281,1847.067137,0.144846,0.259553022,0.440547179,0.094801464,0.000331736,0.00242,2.045005,194.900418,1,0.025057,0.028627,0,0
0.439894,-96.360421,35.032589,0.479157851,1.614714,2.894606335,18.076384,4.012904,0.062099,11.19479,241,3,9,8,9,0,5,74,0,4.102057,0.01373,114.702032,29,-1230.625705,17.178692,463.903226,354.620968,181.475806,2.847471216,17.24412,2.368313843,10.67937,1.949042,2909.096109,0.032979,0.396372,16.782574,3.163052,-9.334033,0.902388,6314.402772,0.408117,0,0.012429678,0.235493562,0.102898492,0.653396,1.744317,5.27547,2,0.01578,0.652269,0,0
0.015532,110.603067,29.598273,3.616153131,37.194211,5.763023263,318.309208,14.723349,0.004613,8.558031,221,3,1,34,9,0,1,43,0,26.837861,0.011267,78.670092,584,-1297.188601,8.427584,256.15727,455.110534,288.662463,7.206983932,1348.818,3.590830753,36.26419,27.832497,4591.657692,0.026709,1.880787,14.063605,6.623009,-3.803974,0.416239,12597.31342,0.555225,0,0.128589719,0.236556025,0.496398137,0.234267,0.029415,69.220099,4,0.172301,2.737792,181.665088,37
0.3073,-1.603819,38.213317,0.772447151,2.165058,2.895053117,18.084462,3.467096,0.083189,8.352876,291,6,3,12,6,0,2,21,0,8.514682,0.028187,108.676906,116,-1240.788763,11.135602,329.941176,411.301471,258.610294,6.567816782,711.8141,5.795369672,328.7737,6.743703,326.499785,0.02735,3.714314,13.504506,1.531044,-6.660945,0.540049,2331.951865,0.211974,0.065627971,0.595286737,0.316325879,0.002317928,0.065993,3.240537,41.178123,3,0.029609,0.126611,0,0
0.135714,21.168981,50.948283,0.913666091,2.493447,3.291626533,26.88656,4.803195,0.043345,10.782888,199,1,5,8,10,0,2,24,0,6.352932,0.038934,68.076923,44,-1413,0,400.740741,424.374074,174.837037,5.721985785,305.511,4.808319988,122.5256,4.463785,545.507674,0.029846,0.133829,7.681524,2.435578,-3.74992,0.783765,7374.802205,0.402517,0,0.717750013,0.197603486,0.04041629,0,7.529321,94.569639,3,0.02736,0.504463,0,38
0.043529,21.502451,38.941618,4.136573726,62.58801,5.111347999,165.893829,5.91534,0.028579,2.650569,266,6,3,56,12,0,2,21,0,12.906459,0.042074,113.594714,203,-1361.109877,12.924789,334.191099,436.958115,228.768761,7.792661014,2422.756,3.656087373,38.70959,27.446708,1477.795815,0.025504,5.53284,11.690561,3.848382,-9.680429,0.210584,6773.046583,0.472096,0.025237032,0.029448591,0.074528382,0.084574962,0,0.674581,10.594576,2,0.007092,1.935887,13.637409,29
0.49,68.667571,23.664283,0.132899318,1.142135,2.056493488,7.818506,2.063765,0.23479,6.845521,20,3,13,108,7,0,1,45,0,3.613836,0.060857,100.955975,15,-1650,12,473.601942,304.349515,222.359223,4.936371412,139.264,4.803471714,121.933,1.265959,2084.207134,0.02752,6.588352,26.003628,1.04755,-8.786014,3.194997,1722.822619,0.155008,0.009711418,0.321783414,0.633986014,0.030929838,0,0.910001,28.03703,3,0.002572,0.13938,0,0
0.1619,9.377557,46.914356,-0.425154172,0.653669,2.068105152,7.909821,2.759833,0.131291,12.100656,1274,1,1,24,10,0,2,23,0,43.498125,0.190604,88.887952,277,-1286.902655,14.015929,389.936508,380.539683,229.52381,3.779671031,43.80163,4.204825446,67.0089,43.858883,1830.648593,0.028887,0.550004,0.668413,6.264061,-4.447752,0.294757,25834.80613,0.430076,0.285603577,0.019793814,0.101372549,0,0.07388,0.012221,14.492866,1,0.043315,4.731467,0,28
0.097276,-78.962849,40.165607,1.290016638,3.632847,3.113374455,22.496831,3.329606,0.090202,6.192616,496,3,5,7,10,0,5,74,0,13.197232,0.157435,102.261315,115,-1052,0,295.944785,456.159509,247.969325,5.342299802,208.9928,4.052282911,57.52864,5.627823,1445.956918,0.027003,2.293075,8.550293,4.332342,-9.399572,1.144083,10090.7229,0.451215,0.005186476,0.239012784,0.140457038,0.405760907,0.049697,11.089225,31.524032,2,0.110233,1.971214,0,33
0.020051,110.221453,28.374413,0.283736549,1.328083,3.254187755,25.89857,6.339547,0.024882,19.500713,276,3,5,4,9,0,1,43,0,18.43646,0.339567,101.357181,103,-1520,19,282.556,455.66,262.192,2.794456617,16.35374,2.510719773,12.31379,10.053118,5409.713353,0.025769,1.643648,16.400067,6.79479,-4.011258,1.312872,12396.2485,0.571,0,0.337625866,0.250511364,0.477916859,0.581777,0,126.116159,1,0.016041,2.060833,1431.94279,0
0.197151,105.248582,29.926139,0.490029883,1.632365,3.308916948,27.355482,6.039914,0.027412,16.758185,396,3,5,6,15,0,1,43,0,12.157945,0.181248,78.940234,69,-1520,19,201.113537,473.349345,325.537118,2.946290422,19.03521,2.456260231,11.66112,3.685692,3868.24454,0.033489,4.013595,17.197539,4.200772,-4.46283,0.883409,11012.39758,0.474124,0,0.667318217,0.251422018,0,0.0012,0.041269,262.874234,1,0.061221,0.890482,0,0
0.125863,114.434936,38.760682,3.695260949,40.256076,5.337623172,208.0177,9.248678,0.011691,5.167362,191,8,7,44,6,0,1,43,0,10.446809,0.075604,74.047022,177,-1260.490507,1.839831,471.785098,364.512941,163.917647,8.224549765,3731.441,4.529288642,92.6926,17.006593,1243.898465,0.028605,5.941495,8.270823,2.760306,-5.20054,0.616732,3203.206003,0.2646,0,0.239539357,0.124069322,0.057222797,0.045712,0.702006,67.871543,2,0.008956,0.145139,0,36
0.014,10.740668,46.937019,0.285339832,1.330214,2.211106115,9.125805,2.232058,0.200719,6.860401,1718,8,1,44,31,0,2,22,0,16.206438,-0.106694,79.09375,76,-1181.346741,0.361304,460.525253,345.878788,193.333333,4.657637391,105.3868,4.372296828,79.22539,30.587258,515.650913,0.029589,0.28344,-3.12687,3.890858,-2.935947,0.210482,21937.87535,0.336,0,0,0,0,0,0.118223,3.47717,1,0.03952,1.928996,0,29
0.489375,-1.83734,37.741449,1.042851486,2.837296,3.1083537,22.384163,3.748725,0.071159,7.889258,454,5,7,12,6,0,2,21,0,6.161062,0.042701,95,63,-1308.897243,15.123225,308.6,423.595455,267.795455,6.882827036,975.3799,5.839975447,343.7709,9.71285,300.154904,0.026121,2.170691,13.15261,1.280135,-6.608971,0.578912,2409.719887,0.191537,0.16429511,0.410228735,0.093333333,0.012695044,0,2.259512,33.894078,5,0.034857,0.133095,0,29
0.682346,103.193422,35.818241,4.861372706,129.201436,5.493380973,243.077658,6.032627,0.027478,1.881385,1731,1,15,44,6,0,1,43,0,17.308323,0.154068,91.590361,227,-1407.597607,12.978938,331.213651,469.086016,199.776915,9.239074562,10291.51,4.377702173,79.65479,15.875858,582.076295,0.025594,1.915794,3.502515,2.587465,-3.653559,0.438093,4904.216017,0.215089,4.55E-05,0.3966133,0.093413912,0.001588128,0,1.036931,167.54404,5,0.106397,0.404969,991.011372,39
0.200203844,-96.366598,37.277818,-2.11041222,0.121188,0.702599863,2.018995,1.636062,0.373594,16.659972,319,6,9,42,9,0,5,74,0,3.013166,0.016048,108.163205,13,-1413,0,140.48,479.28,380.24,2.769812998,15.95565,4.880222083,131.6599,1.662243,2390.642364,0.033634,1.889074,14.132253,3.287487,-7.088445,0.760709,5695.645548,0.357001,0,0,0.825789474,0,0.021216,0,0.148502,1,0.00297,0.571431,0,0
0.433333,27.538641,47.083301,0.166234518,1.18085,2.479449453,11.934692,3.098196,0.104179,10.106863,62,3,5,60,9,0,2,22,0,4.904932,0.0359,113.537287,25,-1502.418855,15.878114,158.207921,406.643564,435.059406,4.09168787,59.84081,3.925453412,50.67605,6.532655,667.533759,0.029402,0.486379,9.466591,2.102362,-7.034347,0.326472,5365.370258,0.414415,0,0.532901838,0.102864322,0.218259679,0.384962,7.018855,149.001976,1,0.000929,0.187471,0,0
0.1,37.848147,57.25411,5.172386525,176.335164,6.284723141,536.315786,11.393212,0.007704,3.041457,109,5,9,21,19,0,2,28,1,4.340084,0.071098,108.363636,34,-1217.297117,5.635222,489.777293,352.907985,157.308796,9.599893554,14763.21,4.427506803,83.72242,0.959993,402.901021,0.030051,0.029889,4.539928,2.439116,-3.697562,0.742289,8629.392239,0.355336,9.55E-06,0.29218936,0.049212282,0.437060838,0,2.416307,33.167513,5,0.002008,0.621728,59.997404,27
0.541935,85.7939,23.729663,3.485573487,32.641141,4.26115171,70.891583,3.500315,0.081618,2.171848,257,8,7,57,15,0,1,45,0,5.508967,0.112643,106.262611,35,-1410,1,266.815029,402.303468,330.930636,8.303010125,4036.003,4.817436393,123.6477,3.618904,4251.069858,0.026127,8.067597,23.536878,3.803808,-7.878904,0.710919,6575.610611,0.362639,0,0.67300614,0.053667629,0.050844475,0.014571,3.659197,381.146374,4,0.003345,0.779701,33.095504,31
1.280792176,-97.652846,33.608066,-2.318369006,0.098434,0.465260523,1.592429,1.431804,0.48779,16.177698,313,3,9,56,9,0,5,75,0,5.292539,0.089363,105.102041,19,-1300,22,389.6,359.8,250.6,1.320898406,3.746786,3.639271581,38.0641,2.471374,2688.415354,0.034149,4.871194,17.910955,2.81649,-9.530241,1.161415,4606.959924,0.389,0,0,1,0.064522901,1.458333,2.657323,2.000657,2,0.008205,0.373099,0,0
0.366596,-101.372919,46.349934,-1.620180407,0.197863,1.689624671,5.417447,3.435639,0.08472,27.379801,665,1,5,53,19,0,5,74,0,6.760056,0.146835,105.967419,28,-1300,22,502.285714,267.767857,229.946429,2.92686118,18.66894,4.547042114,94.35291,2.014286,645.544948,0.028496,3.22558,6.300149,1.784339,-5.048919,0.698197,3285.52381,0.259126,0,0.117771429,0.598666667,0,0,0,0.093824,1,0.00347,0.072365,0,0
0.02,-99.459172,39.392418,2.736545849,15.433583,3.99043871,54.078609,3.883177,0.066317,3.503957,577,1,13,53,9,0,5,74,0,3.138716,0.030164,106.181818,21,-1287.419201,3.542551,303.658182,408.403636,287.970909,7.362078485,1575.107,4.625532461,102.0571,1.527452,1396.667491,0.030981,2.008891,12.229465,2.091538,-7.522583,0.573345,3150.204186,0.244251,0,0.31684826,0.187867804,0.000973796,0,0.631311,1.815174,4,0.005083,0.040737,0,0
0.088916983,-89.498637,40.670952,-3.188370868,0.041239,0.162370518,1.176296,1.634022,0.374528,28.523885,173,5,5,60,18,1,5,74,0,6.285609,-0.015114,106.854167,41,-1413,0,96,674,231,4.221828833,68.15802,7.410199477,1652.756,1.090162,2093.234614,0.035915,1.874278,10.781089,3.223311,-5.835798,0.668069,7797.446227,0.335552,0,0.670823305,0.546666667,0.064895893,0,25.292475,204.689218,1,0.006752,0.694856,0,0
0.010869565,30.412596,-22.64223,0.19426495,1.214418,2.647041939,14.112232,3.61249,0.076628,11.620571,571,3,3,78,15,0,3,12,0,7.970569,0.094102,94.477668,72,-1504.611399,18.430052,585.162602,177.04878,237.723577,5.051226862,156.214,4.856961834,128.6328,9.289496,3370.113089,0.019717,2.099315,20.438807,1.855431,-9.168682,1.590288,5000.47847,0.389901,0,0.020817569,0.231474359,0.123314906,0,0.614148,25.288326,1,0.062975,0.273402,0,40
0.320833,-99.293548,40.063766,4.000571119,54.629341,4.740231672,114.460716,4.368562,0.052399,2.095224,593,3,8,53,9,0,5,74,0,4.557713,0.026121,98.040816,52,-1373.066714,7.851279,300.682848,461.763754,237.545307,8.072468617,3205.004,4.071897501,58.66818,1.771331,1274.689006,0.032066,4.643369,11.193591,2.186539,-7.258101,0.342101,3665.998862,0.249247,0,0.526186686,0.126233735,0.002239406,0,1.22061,3.28255,5,0.01832,0.065644,0,34
0.403671,20.68824,49.731687,2.54681625,12.766394,3.806936874,45.012349,3.553797,0.07918,3.525847,256,3,3,7,19,0,2,24,0,16.796527,0.195339,94.047758,111,-1501.590909,18.252622,218.464912,549.798246,231.732456,8.132407385,3402.982,5.585591481,266.5579,12.482016,969.522655,0.028447,0.3032,5.750984,3.03803,-3.304453,0.560659,12116.1158,0.446607,0.009699691,0.304707317,0.063122271,0.056406526,0.008473,9.12426,141.083042,3,0.002897,1.196863,38.676814,24
0.325366,17.719233,50.031351,-1.845818691,0.157896,0.851264839,2.342608,1.663065,0.361561,14.836409,314,1,5,7,10,0,2,24,0,6.197271,0.100531,66.254545,20,-1490.638522,8.802111,229.275862,532.62069,237.586207,3.677966878,39.56587,5.523786212,250.582,6.12439,666.7788,0.027128,0.127186,7.435995,2.83753,-3.493646,0.991948,8363.905731,0.429573,0,0.318438154,0.085,0.004343885,0.304075,6.014172,49.120698,2,0.005754,0.643664,0,0
0.091455,44.924591,36.122674,5.599666429,270.336216,6.003550524,404.863723,6.946273,0.020725,1.49763,477,1,16,44,12,0,1,29,0,8.412907,0.02492,112.675676,670,-1196.164403,6.251717,196.713661,386.352298,416.904658,9.032332339,8369.357,3.43266601,30.95907,19.004451,789.615784,0.029922,15.541687,14.274523,2.964241,-6.873983,0.364366,4170.949722,0.192781,0.027355896,0.78955008,0.094823988,0.000593502,0.012405,1.528059,55.737246,3,0.092336,0.895786,472.408709,37
0.610687,-89.180218,38.347141,-2.725720404,0.065499,0.867540307,2.381047,2.624497,0.14518,36.352489,161,3,9,102,9,0,5,74,0,2.759259,0.012886,98.191388,19,-1413,0,125.310345,659.758621,214.931034,1.191706986,3.292697,3.917429365,50.27105,0.758691,2385.625,0.038687,20.729134,13.762594,3.565341,-8.141625,0.523923,8070.680982,0.364,0,0.990838446,0,0.007075665,0.014423,10.437759,6.561001,1,0.000829,0.975002,0,0
0.011082,111.415597,29.374193,0.812792038,2.254193,3.447188967,31.411968,5.901938,0.028709,13.934903,103,3,7,1,9,0,1,43,0,6.68712,0.048871,101.828025,66,-1554.556962,17.139241,275.875,447.71875,276.427083,2.173826635,8.791863,1.361034244,3.900225,3.56766,4539.533888,0.028555,2.879407,16.594431,5.447608,-4.635859,0.979258,10406.72426,0.470281,0,0.692885106,0.108770764,0.101242553,4.851312,0,284.242507,1,0.002721,1.569923,0,0
0.354048,72.398598,24.330474,3.492595647,32.871159,4.6740432,107.130016,5.271069,0.035992,3.259088,165,1,11,108,5,0,1,45,0,3.532025,0.020661,111.42268,104,-1081.517362,0.082451,431.030928,379.146907,189.898196,7.427018605,1680.789,3.934422845,51.13263,7.157918,3321.248461,0.026011,7.557141,25.100626,2.056029,-8.95433,0.698861,3370.646024,0.319686,0,0.638342131,0.021623607,0.021856494,0,3.624345,240.07852,4,0.004291,0.550424,0,36
0.173430991,-98.895516,31.290469,-4.550966132,0.010557,-0.603003049,0.547166,1.502272,0.443101,51.830832,408,3,5,53,9,0,5,75,0,2.733869,0.022399,108.701879,11,-1520,19,318.9,360,320.4,2.211971746,9.133708,6.762960694,865.2,1.285944,1939.492754,0.032038,0.695001,19.119767,2.312612,-8.173854,1.732516,3368.508434,0.333446,0,0.316634538,1,0.005437751,0.505041,0,1.143407,1,0.003558,0.100289,0,0
0.805195,13.353821,37.686101,-1.558340887,0.210485,1.303109472,3.680724,2.263176,0.195238,17.486908,502,6,1,12,12,0,2,21,0,10.681847,0.077381,64.568605,59,-1180,6,277.818182,354.227273,367.863636,4.298865789,73.61625,5.857208606,349.7465,19.847716,981.035073,0.025079,0.966488,14.331411,2.06833,-5.304351,0.340869,4086.403599,0.386077,0,0.638026765,0.043636364,0.069612367,0.009542,8.092132,71.811062,2,0.021887,0.708353,0,0
0.463311454,-100.054875,39.382867,-2.570150862,0.076524,0.604387003,1.83013,1.86629,0.287106,23.915875,720,1,5,53,9,0,5,74,0,4.558043,0.018849,103.248307,20,-1205.208661,0,227.24,489.48,283.68,1.837874471,6.283169,4.408029851,82.10754,1.602957,1413.439572,0.03159,1.207835,12.015788,2.030804,-7.492252,0.544666,3106.393875,0.253803,0,0.308489968,0.98,0,0,0.007812,0.390685,1,0.006462,0.045611,0,0
0.732127481,135.78278,33.944899,1.14415146,3.139776,4.13402943,62.42897,9.938753,0.010124,19.883255,137,3,1,44,9,0,1,41,0,33.094564,0.465824,75.738656,436,-1482.627172,18.232227,363.43311,319.06689,317.471572,5.87448906,355.8428,4.730337447,113.3338,29.163172,9337.245491,0.030898,5.602476,13.052708,8.263827,-15.455282,0.531485,18662.74518,0.694283,0,0.004698704,0.139431818,0.164144926,0.014831,0.403104,6.594789,2,0.003153,6.333632,1.566638,29
0.080698,76.771167,10.587177,0.504474498,1.656115,2.671240978,14.4579,3.169239,0.099561,8.730009,143,8,11,5,4,0,1,45,0,4.528361,-0.005943,90.440735,33,-1410,1,439.137931,284.396552,276.5,3.497620578,33.03675,2.993145932,19.94834,17.768779,6804.342184,0.026325,0.829638,23.811308,6.087377,-17.751644,0.457774,10431.01507,0.595296,0,0.442143587,0.042843137,0.393903935,0,2.570159,439.803544,1,0.02545,1.890463,0,24
0.425532,-89.619253,38.199788,-2.201853273,0.110598,1.267306412,3.551274,3.012349,0.110202,32.10971,158,3,13,102,9,0,5,74,0,2.794947,0.002631,97.853659,16,-1413,0,93.297297,640.891892,266.162162,0.688471768,1.990671,2.890323979,17.99914,0.847458,2623.537634,0.032899,1.645651,13.835852,3.500025,-8.067806,0.512597,7866.60678,0.416,0,0.894338983,0,0.105457627,0,13.873146,18.412057,1,0.004266,1.00733,0,0
1.216,-81.172624,40.480542,1.334950276,3.799807,3.915300987,50.164168,7.25952,0.018975,13.201767,294,3,5,7,9,0,5,74,0,13.325772,0.194333,90.935484,66,-1052,0,137.00883,581.686534,281.415011,4.5646772,96.03159,3.22972674,25.27275,4.310626,1727.108464,0.028164,49.597782,10.313609,3.703853,-18.740309,0.742518,8674.655993,0.504652,0,0.15867836,0.12421875,0.586426678,0,6.754702,14.481545,1,0.004722,1.043228,0,0
0.266812712,-97.09058,33.667775,-2.795619916,0.061077,0.360956465,1.434701,1.637632,0.372878,23.489905,246,6,9,56,9,0,5,75,0,3.860489,0.057057,110.792222,12,-1650,12,276.882353,415.411765,307.705882,1.662585427,5.272926,4.458199866,86.33196,1.621951,2958.006849,0.033765,0.993219,17.897389,3.099697,-9.544231,1.132623,5570.367209,0.412065,0,0,0.968888889,0.035271003,0.023675,7.945333,34.867291,1,0.004759,0.435522,0,0
0.107843,-95.533939,35.737378,-1.565913971,0.208897,1.255197146,3.50853,2.165479,0.213251,16.795492,191,3,11,43,9,0,5,74,0,4.440557,0.007471,107.190476,21,-1520,19,205.179487,559.717949,235.102564,1.27991833,3.596346,2.845831633,17.21587,1.313253,2944.719917,0.037332,1.172911,16.441565,3.442315,-8.948872,0.806061,6629.927711,0.422,0,0,0,0,0,7.035714,3.029374,1,0.006868,1.34868,128.436582,0
0.923077,-95.60296,38.670137,2.878760496,17.792206,4.529572454,92.718911,6.200811,0.026008,5.211209,297,3,9,43,9,0,5,74,0,4.528682,0.033779,105.850055,37,-1398.945753,2.736225,81.536585,536.172474,382.249129,6.684646227,800.0276,3.805885521,44.96505,1.399592,2528.471849,0.032299,1.076223,12.851089,3.166784,-6.844333,0.790966,6167.498577,0.354232,0,0.223505591,0.134640152,0.016147549,0.012222,2.284807,10.500805,3,0.00462,0.49564,0,52
0.447957,-69.010714,44.400032,-2.040066994,0.13002,1.257285014,3.515863,2.750567,0.132177,27.04098,18,3,7,74,19,1,5,73,0,5.713594,0.110329,113.68614,23,-1173.170678,0,471.619048,382.47619,145.904762,3.421818955,30.62507,5.461887543,235.5416,3.094551,1564.35628,0.026318,0.032427,6.928252,4.023416,-19.229224,1.106843,11733.97296,0.498396,0,0.012353766,0.112173913,0.791828926,8.149133,14.441438,38.348853,1,0.007579,2.060596,0,32
0.640807,101.777797,26.328699,0.188949543,1.20798,2.359799294,10.588826,2.717772,0.135386,8.765728,1461,9,1,44,15,0,1,43,0,14.871529,0.092909,74.787921,119,-1410,1,251.25,402.616071,345.776786,4.413524212,82.55991,4.224574699,68.34543,18.489231,3212.656829,0.022561,0.480594,16.505095,5.816743,-6.5559,0.866972,5506.507413,0.495824,0,0.277964569,0.330440252,0.020692774,0.608197,1.066728,46.481095,3,0.046574,0.908995,0,39
0.889757,113.483559,42.071053,0.394267987,1.483298,2.062109964,7.862542,1.821142,0.301517,5.300715,1366,13,7,53,6,0,1,47,1,2.875284,0.012816,89.768022,27,-1410,1,509.511905,301.630952,188.392857,6.642657843,767.1312,6.248389816,517.1794,3.757488,331.785071,0.031245,0.974079,3.157693,1.493682,-4.778281,2.432369,2122.069985,0.118458,0.000555401,0.074338576,0.608510638,0,0.025316,0.015751,22.3363,1,0.03025,0.080532,0,0
0.132245,114.15783,38.57228,2.329574286,10.273567,3.761402932,43.008722,3.785219,0.069794,4.186348,232,8,7,44,6,0,1,43,0,6.529064,0.02485,96.823881,95,-1192.850621,0.817175,462.851485,371.382838,165.485149,6.047361304,422.9954,3.717786588,41.17316,17.494759,1400.24455,0.028108,4.081985,9.602683,2.823637,-4.559538,0.466026,3175.872766,0.304435,0,0.273806556,0.232210526,0.143238181,0.721573,0.790776,87.233081,2,0.004734,0.142509,0,39
1.010526,73.560652,22.393074,2.122670198,8.353413,3.919204397,50.360362,4.915321,0.04139,6.028717,81,1,11,98,4,0,1,45,0,3.21839,0.013102,117.835937,44,-1410,1,297.726667,352.543333,349.76,5.256991078,191.9032,3.134320919,22.97303,3.278276,3563.493963,0.025852,114.085772,26.735556,2.95382,-11.755512,0.874991,4606.661387,0.364584,0,0.781719118,0.124738841,0.004419586,1.979798,3.248862,436.022841,2,0.005951,0.626665,0,29
0.21,100.332853,22.947865,5.700199621,298.927067,7.518749417,1842.261952,30.05826,0.001107,6.162914,680,10,1,1,15,0,1,44,0,27.407385,0.07917,106.248227,412,-1418.647478,8.819046,294.3752,348.852816,356.745719,9.705170751,16402.2,4.004971125,54.87024,21.084181,4667.006161,0.023179,8.994351,18.036863,5.769376,-15.004285,0.591324,9834.825403,0.578326,0,0.209750728,0.433795149,0.235176882,0,0.489056,62.714134,6,0.264549,2.257745,7482.532716,34
1.823077,24.661872,45.091753,0.395462583,1.485071,1.800805926,6.054525,1.401527,0.509093,4.076926,379,3,1,102,10,0,2,22,0,5.292507,0.135275,105.888889,27,-1520,19,380.111111,344.666667,276.222222,4.155710243,63.79726,3.760247569,42.95906,8.910645,874.137864,0.027732,0.056384,9.067467,2.642624,-10.472767,0.510079,6614.800779,0.514518,0,0.264485804,0.095226337,0.448072358,0,9.621298,328.532806,1,0.005047,0.313764,0,49
0.662973,79.62238,28.900588,2.365272903,10.646944,3.654222143,38.637455,3.340343,0.089623,3.628971,206,1,16,8,15,0,1,45,0,2.547531,0.01692,80.556821,22,-1052,0,358.759843,418.610236,222.673228,5.708850278,301.5242,3.343577803,28.32027,7.084515,6181.347718,0.025556,8.03477,22.452583,5.591532,-17.452947,0.354101,9719.326689,0.489165,0,0.356957344,0.15628331,0.353762879,0,4.003152,440.11372,1,0.00025,2.038179,1871.755322,29
0.547794,76.555294,11.395485,1.140384552,3.127971,3.402090749,30.026813,4.78931,0.043597,9.599454,2090,8,1,3,16,0,1,45,0,15.86181,0.242975,78.066366,67,-1410,1,343.432161,357.718593,298.532663,3.246405774,25.69781,2.106021153,8.215488,15.498854,7753.043478,0.021322,0.320947,16.098715,8.053906,-16.750415,0.20954,11373.53619,0.579476,0,0.014444808,0.192680965,0.174366197,0,0.097648,227.091918,1,0.015756,4.531318,0,22
0.92562301,-97.809553,32.936941,-3.010541389,0.049265,0.157931523,1.171086,1.488379,0.451412,23.771029,324,1,5,56,9,0,5,75,0,3.599245,0.015056,99.5,15,-1090,28,361,374,266,1.794618877,6.017181,4.805154828,122.1384,1.978443,2627.624396,0.03426,2.086511,18.326813,2.761901,-10.616176,1.251877,4433.761677,0.364495,0,0,1,0.036562874,0,5.624042,14.413417,1,0.005919,0.249356,0,0
0.038209,78.315892,12.313504,0.878234077,2.406646,2.38034785,10.808662,1.965445,0.258868,4.491172,426,9,9,56,4,0,1,45,0,3.155443,0.035967,71.485082,19,-1410,1,385.670732,300.085366,314.036585,2.780193483,16.12214,1.901959456,6.699008,1.127992,4000.979812,0.024856,3.492226,26.018262,2.265134,-10.367053,0.487079,4042.439646,0.415208,0,0.8305359,0.128475177,0.002330905,0,5.261112,485.039341,1,0.003391,0.146678,0,0
0.228659,10.765584,44.083816,-2.282341387,0.102045,1.206518262,3.341829,2.951093,0.114824,32.748509,530,6,5,75,10,0,2,21,0,20.61339,0.142073,114.36478,117,-1180,6,331.6,416.2,252.2,4.382771357,80.0596,6.665110815,784.5504,27.337311,1886.426842,0.026348,0.424388,9.345968,4.444471,-4.742037,0.130674,16212.17047,0.531461,0.002208904,0.079330921,0.21,0.705284108,0.981908,6.619182,26.93516,1,0.030558,2.419856,0,42
0.831111,-44.614703,-22.550899,3.532418988,34.206613,5.877276595,356.836108,17.211108,0.003376,10.431787,466,8,7,4,4,0,6,63,0,14.368236,0.150481,101.655738,176,-1329.338671,2.823006,536.581135,135.468825,327.858513,6.622060298,751.4918,3.089641472,21.9692,15.691591,6092.243721,0.018167,4.239125,18.98612,5.886829,-8.01612,0.415631,12607.9736,0.569502,0,0.009741788,0.326496317,0.424370087,0,2.256528,30.382992,5,0.015878,2.215986,24.860461,44
0.103636,27.792825,46.806249,1.419152569,4.133616,2.485956515,12.012605,1.666737,0.359969,2.906077,115,3,5,18,10,0,2,22,0,5.3808,0.041405,117.060516,31,-1413,0,231.719298,319.789474,448.552632,6.140625872,464.3441,4.721473016,112.3336,7.600384,633.166271,0.030813,1.751947,9.438164,2.039294,-8.184715,0.341331,5438.223471,0.390332,0,0.604764003,0.10296034,0.25574183,0,2.569985,51.872598,1,0.00083,0.217267,0,41
0.095353,99.21458,25.261393,1.302081157,3.676941,3.580485899,35.890976,5.280038,0.03587,9.761098,1783,6,1,44,16,0,1,44,0,18.469559,0.184859,73.087309,139,-1237.948828,9.724128,304.986014,393.951049,301.300699,4.73480186,113.8409,3.432720919,30.96077,16.638614,2830.80827,0.022929,73.869347,13.372081,5.199396,-8.666085,0.68523,8338.049581,0.545805,0,0.138579418,0.355193133,0.15327832,0.01132,1.065893,212.225833,1,0.035788,1.220851,0,33
0.057679,79.942056,18.230027,3.176464777,23.961893,4.136051125,62.55531,3.604945,0.076949,2.610616,207,8,11,56,4,0,1,45,0,2.725905,-0.000405,105.744901,70,-1454.761598,20.93299,357.816495,369.216495,272.962887,4.991580907,147.1689,1.815116231,6.14179,2.437115,4805.412065,0.028923,7.374074,27.221464,3.831989,-10.149307,0.866059,4479.215398,0.384826,0,0.766897068,0.07500509,0.021909539,0.137335,5.669557,148.148361,2,0.006033,0.561951,0,35
0.198249,106.599831,31.011126,0.00640246,1.006423,2.665349638,14.372974,4.041583,0.061221,14.281248,345,3,3,6,15,0,1,43,0,12.882879,0.063606,92.372851,76,-1520,19,220.630435,454.586957,324.76087,2.361999571,10.61215,2.35559681,10.54442,13.644938,4261.804615,0.030406,38.475452,16.764233,4.957405,-4.096823,0.92354,10999.96255,0.478259,0,0.467662968,0.219705882,0,0.284413,0.425449,255.508659,1,0.003092,1.139126,0,0
0.026429,7.960267,46.039902,-0.166320263,0.846775,1.685290006,5.394015,1.653572,0.365724,6.370069,2143,8,1,44,31,0,2,21,0,10.426211,-0.207327,91.082806,65,-1324.473068,17.327869,387.240741,426.592593,186.481481,3.634857176,37.89644,3.801177251,44.75384,36.269509,1137.575008,0.03163,11.762548,-3.658724,6.412322,-0.910295,0.543415,9161.192417,0.265845,0.538385965,0.013058527,0.05125,0,1.574251,0.430488,5.362582,1,0.094971,3.832483,0,27
0.394884541,-95.200943,39.525777,-3.927695175,0.019689,-0.328513789,0.719993,1.447478,0.477283,36.568388,307,1,5,43,9,0,5,74,0,4.517667,-0.026743,103,22,-1413,0,85.727273,550.454545,363.818182,0.186745922,1.205321,4.114444204,61.21818,1.615385,2698.379888,0.034505,5.432845,12.235841,3.285535,-7.216543,0.577039,6612.884615,0.345,0,0.634725275,1,0.023131868,0,6.905533,3.047491,2,0.018841,0.559377,0,0
0.434,76.311802,15.162246,-1.208714026,0.298581,0.882109141,2.41599,1.247266,0.642809,8.09157,492,11,11,56,5,0,1,45,0,3.35212,0.00889,112.242553,16,-1410,1,473,217,310,1.720272239,5.586049,2.928985984,18.70865,0.893175,3003.159396,0.023491,11.5915,25.22027,2.413935,-9.954103,1.310126,3070.980712,0.277252,0,0.882789318,0.1,0,0,5.823834,212.688673,1,0.008375,0.322321,0,0
1.145038,-88.691509,38.655217,-1.752581065,0.173326,1.210434185,3.354941,2.273252,0.193511,19.356201,147,3,13,102,9,0,5,74,0,6.003989,0.129628,106.534483,20,-1413,0,157.341463,654.658537,187.658537,3.138112958,23.06031,4.890691927,133.0456,0.580814,2490.064988,0.036637,10.08889,13.431937,3.540738,-8.118423,0.522539,8299.803198,0.374763,0,0.632174419,0.49375,0.194037791,0,3.454177,4.711219,1,0.001259,0.881001,0,0
0.136064,109.725651,29.091063,0.999360484,2.716544,3.790105352,44.261063,7.575451,0.017425,16.29315,318,6,1,34,9,0,1,43,0,20.704324,0.210864,77.415049,198,-1404.951109,8.902695,193.208437,494.754342,311.955335,4.918688851,136.8231,3.919328257,50.3666,14.119153,4587.158032,0.026944,0.65333,14.992557,6.822221,-3.546745,0.735958,12900.85721,0.542226,0,0.396524099,0.119648649,0.21788781,0.007954,0.020502,79.793678,1,0.002727,2.322099,0,36
1.368,-99.22548,35.43228,0.101050039,1.106332,2.327196336,10.249166,2.748786,0.132348,9.2641,527,3,9,53,9,0,5,74,0,3.693655,0.005786,113.071942,24,-1102.514064,4.481086,362.275,445.2375,193.0375,2.154123135,8.620328,2.053073182,7.79181,1.395292,1596.172147,0.031026,1.048031,15.625268,2.235802,-8.512098,1.436274,3493.201299,0.270755,0,0.499188312,0.412378049,0.00075487,1.584615,3.856521,2.793097,2,0.028458,0.095629,0,0
2.253333,86.231947,41.828384,0.438859264,1.550937,3.335286684,28.086434,6.362014,0.024706,18.109333,1050,9,2,116,8,0,1,48,1,7.985119,0.021152,108.932788,236,-1381.216047,14.940993,401.555957,421.018051,177.527076,6.381316908,590.7051,5.942457584,380.8698,4.158932,107.511228,0.040898,0,11.585532,0.339714,-5.626751,0.685421,827.537093,0.120463,0.531870353,0.280457955,0.156548026,8.94E-05,0.149338,14.004387,714.250041,2,0.000868,0.095131,2567.260325,43
0.867346939,-97.184164,39.912992,-3.964000745,0.018987,-0.122835654,0.884409,1.810583,0.305044,46.579392,429,3,9,42,9,0,5,74,0,3.629131,0.043808,95.689373,10,-1413,0,137.769231,585.461538,277.076923,0.670772218,1.955747,4.634765881,103.0038,1.478114,2143.681356,0.035309,1.211699,11.818875,2.818564,-6.755561,0.520392,5160.124579,0.297192,0,0.275084175,1,0,0,0,0.435793,1,0.002751,0.257173,0,0
0.672667,76.570804,11.366709,1.04526355,2.844148,3.315267093,27.529746,4.604911,0.047158,9.679436,2225,8,5,3,16,0,1,45,0,12.253667,0.141542,78.066366,102,-1410,1,342.534091,350.647727,306.909091,2.459689691,11.70118,1.414426175,4.114125,11.84964,7666.04902,0.021495,0.320947,16.745571,8.423638,-15.646264,0.239219,11355.71367,0.577421,0,0.002115108,0.185222552,0.076460432,0,0.505138,219.414431,1,0.402469,4.825403,0,0
0.613663909,-99.498956,35.561505,-1.353300688,0.258386,1.35216787,3.865797,2.145357,0.217271,14.961316,563,1,5,53,9,0,5,74,0,4.463396,0.004006,103.770833,19,-1650,12,435.209302,352.395349,212.790698,2.022678182,7.558541,3.375978372,29.25289,2.226433,1566.057197,0.030822,2.325289,15.44011,2.14317,-7.819485,1.44842,3339.472274,0.269172,0,0.280804067,0.262857143,0.000573013,0.217391,0.111361,0.035815,2,0.008705,0.050556,0,0
0.033923,110.509433,28.410308,1.909505171,6.749748,4.507127121,90.660986,9.844003,0.010319,13.431759,166,6,1,4,9,0,1,43,0,17.624921,0.09254,100.233522,194,-1582.934184,15.611236,310.300138,421.325035,268.28769,5.964283723,389.2741,4.054778549,57.67239,18.366667,4982.385655,0.026384,0.478585,15.348192,5.877564,-4.582041,1.271718,12316.26667,0.574667,0,0,0,0,0.047127,0.113514,80.042464,3,0.031875,1.226171,0,35
0.212448,106.522413,30.582745,2.097707572,8.147471,4.982325089,145.813016,14.41053,0.004815,17.896722,374,5,11,34,15,0,1,43,0,6.374653,0.051995,99.92,92,-1520,19,228.355615,450.23975,321.496435,5.744436455,312.4475,3.646728973,38.34902,3.828518,4072.15193,0.033368,2.548643,17.011711,4.921923,-3.910378,0.756091,11017.54875,0.464369,0,0.927353414,0.140825112,0.012412048,0,0.85408,487.656301,4,0.025373,1.141248,0,34
0.99375,-95.452636,39.180861,3.906882536,49.743636,5.335141513,207.502111,8.299441,0.014518,4.17143,265,1,5,43,9,0,5,74,0,7.670896,0.012186,111.185185,57,-1401.192889,2.29873,112.278966,509.276292,378.426916,7.683710264,2172.666,3.776827601,43.67726,1.801289,2555.374682,0.035365,6.798089,12.248294,3.173026,-7.035424,0.587059,6308.770699,0.361491,0,0.401875717,0.105002673,0.061103146,0,2.376984,9.810656,5,0.020849,0.467235,0,46
1.360192,12.883778,43.723525,-0.872429361,0.417935,2.425446501,11.307277,4.933993,0.041077,27.055079,57,6,5,8,9,0,2,21,0,3.456355,0.013857,110.073802,42,-1052,0,171.716667,471.658333,356.95,5.275904566,195.5673,6.148332817,467.9366,12.069948,1253.14969,0.029439,1.212315,12.714647,2.904123,-5.336722,0.603664,7634.930751,0.442858,0.005521386,0.839848547,0.003823529,0.091694237,0.052342,10.874491,80.525101,3,0.007869,1.311241,0,35
4.95,93.802055,27.345672,0.117759924,1.124974,2.551109566,12.821322,3.410018,0.085998,11.396995,547,3,1,65,15,0,1,45,0,19.847237,0.12663,99.35,192,-1410,1,377.295775,330.570423,291.795775,7.564094793,1927.723,7.446334776,1713.571,24.037752,9072.378846,0.022844,0.996877,14.763377,18.053885,-8.625989,0.093895,12507.14335,0.662851,0,0.006375261,0.323310811,0.553800974,0,0.193271,28.522048,1,0.052146,4.288503,2589.110476,33
1.130723,-94.049777,35.281814,-1.252592483,0.285763,1.344841699,3.837579,2.025112,0.243838,13.42922,147,3,15,1,9,0,5,74,0,2.797831,-0.015217,103.291667,16,-1474.847162,19.615721,146.177778,654.955556,198.866667,1.091561826,2.978923,2.344153049,10.42444,1.350588,3034.677083,0.029115,0.863684,16.20255,3.592704,-18.174075,0.506133,7887.637647,0.441,0,0,0.500263158,0.0256,0,10.275878,34.194179,1,0.001604,0.937143,0,0
0.221277,-79.207804,38.332833,-2.680264815,0.068545,0.701266628,2.016305,2.172526,0.21187,29.415989,585,3,3,7,9,0,5,73,0,16.358037,0.092845,103.403409,80,-1637.142857,12.692308,339.04,387.2,273.76,1.488911868,4.43227,4.1691836,64.66264,16.653495,1336.697997,0.026797,0.326557,10.357229,3.368833,-19.100431,0.919118,8731.016717,0.566761,0,0,0.114444444,0.97775076,0.093023,0,0.01171,1,0.015909,1.049238,0,0
0.657044,97.398524,37.391787,1.085901177,2.962108,3.265029412,26.180881,4.291201,0.054305,8.838599,3021,5,8,44,6,0,1,48,1,9.932681,0.107703,66.376307,112,-1135,0,568.735537,285.305785,145.913223,8.910553734,7409.763,7.824652627,2501.517,12.743608,118.488668,0.024032,9.471532,-4.84382,1.440454,-2.743155,0.941504,3161.349564,0.042712,0.093963508,0.020438779,0.290660592,3.37E-05,0,0.014998,4.219024,1,0.077757,0.307375,0,26
0.037399,111.673957,27.558431,1.973920596,7.198845,4.343334818,76.963772,8.091891,0.015272,10.691128,172,6,5,4,9,0,1,43,0,10.330573,0.022759,94.062744,81,-1180,6,310.328452,400.10251,289.625523,5.177208494,177.1875,3.20328776,24.61332,14.032616,4712.898089,0.02743,7.046616,16.02464,5.481908,-5.312869,0.581831,12566.71222,0.526662,0,0.541581367,0.08544102,0.167804564,0.144892,0.24906,342.416105,3,0.015991,2.485369,0,32
0.082632,114.239777,33.040305,4.732765404,113.609304,5.226737887,186.184457,4.927556,0.041185,1.638813,52,1,16,32,15,0,1,43,0,2.373718,0.002333,95.148148,19,-1186.638468,6.885129,225.602817,456.650704,317.661972,7.417243409,1664.439,2.684477877,14.65055,1.675898,3245.194988,0.038082,6.762248,15.211542,3.475347,-5.173943,0.272249,6739.444221,0.357931,0,0.80803932,0.175864252,0.021586037,0,6.349346,628.782276,4,0.00083,0.275987,0,58
0.177777778,32.158098,-28.118113,1.293726393,3.646349,3.749142575,42.484639,6.276216,0.025387,11.651281,80,1,5,56,9,0,3,12,0,8.311202,0.038654,97.95613,107,-1469.275518,17.767035,604.70317,143.126801,251.907781,6.589143785,727.158,5.295417666,199.4209,9.225638,2816.867129,0.021284,22.410527,20.437958,2.395999,-9.231878,0.267362,6165.186613,0.467718,0,0.271068028,0.144294737,0.182935097,0,0.840323,68.852456,1,0.001329,0.261352,0,43
0.55862069,-3.80993,35.087451,1.159224989,3.187462,2.916778132,18.481646,2.920204,0.117266,5.798232,133,10,8,46,12,0,3,15,0,8.540927,0.056795,101.751989,73,-1052,0,439.894118,303.552941,256.629412,6.652424353,774.6601,5.493198882,243.0334,20.598947,691.423087,0.027323,3.787217,14.030207,1.55693,-16.432298,0.368916,2978.126906,0.176797,0.200198869,0.27824623,0.08812362,0.018770579,0,0.901284,49.335496,1,0.0075,0.561545,0,28
0.041425,110.80488,27.385619,1.165316588,3.206938,3.45971104,31.807784,5.010524,0.039832,9.918427,466,6,1,4,9,0,1,43,0,21.61155,0.056962,96.414843,151,-1424.441187,15.346281,306.725352,420.816901,272.260563,4.953722732,141.7015,3.788406186,44.18592,21.221738,6616.288858,0.024787,1.023819,14.861253,7.56154,-4.456603,0.534661,15368.95122,0.54795,0,0.226761321,0.24,0.136649457,2.234078,0.000388,96.573131,1,0.009711,3.18796,0,37
0.795821,-87.437087,36.907969,-1.350942661,0.258996,1.266357852,3.547907,1.966623,0.258558,13.698719,174,6,5,4,9,0,5,74,0,4.527727,0.045454,111.776,23,-1413,0,138,639,223,2.790068187,16.28213,4.141012476,62.86644,2.445616,3076.793819,0.026946,5.279021,14.392234,4.087912,-22.819977,0.441811,9487.071248,0.469784,0,0.281365936,0.545121951,0.162415683,0,5.982894,23.175948,1,0.003255,1.315354,0,0
1.027778,67.654033,37.853229,3.418233309,30.515456,3.277701521,26.514759,1.354013,0.545449,0.868896,408,1,15,32,6,0,1,46,1,3.733549,0.024104,78.933472,38,-1520,19,270.697318,435,294.318008,7.731811855,2279.729,4.313578347,74.70734,12.529491,323.756,0.034061,3.591374,13.39247,1.622811,-5.075578,0.770156,2389.339002,0.134664,0.245537742,0.359333248,0.243348868,0.021720797,0.095594,2.604304,108.54949,2,0.001003,0.334962,2092.699741,25
0.032164,113.132692,27.064207,0.197402269,1.218234,2.647517088,14.118939,3.608542,0.076796,11.589679,111,3,3,4,9,0,1,43,0,10.449826,0.092906,101.924612,67,-1318.775357,7.7716,314.438849,430.352518,255.338129,2.16964998,8.755219,1.97224768,7.186812,12.353712,5516.729019,0.028959,3.525336,18.016516,5.97259,-4.999699,0.654888,12488.15022,0.478,0,0.710820961,0.043209877,0.162034934,0,0,196.894513,1,0.007021,2.405594,0,29
0.153333,-97.995829,38.629767,2.664317795,14.358151,3.799116356,44.661702,3.324919,0.090456,3.110547,445,1,9,42,9,0,5,74,0,6.138463,0.056817,107.336364,48,-1406.432912,1.278548,391.218905,367.268657,241.288557,8.726080889,6161.533,6.061763166,429.1314,1.19428,1526.245703,0.031736,3.688805,12.792146,2.225326,-7.765132,0.807377,3528.876838,0.264856,0,0.543848942,0.100832171,0.000702306,0.056604,1.73259,6.756192,4,0.013963,0.060754,0,33
0.357064832,-118.914187,36.080762,1.968819989,7.16222,3.567949923,35.443856,3.736046,0.071643,4.948725,197,9,7,56,5,0,5,77,1,6.344421,0.072295,90.657512,151,-1350.466685,11.110502,419.543624,320.781879,259.818792,6.918230225,1010.53,4.949410034,141.0917,22.5317,562.853061,0.024323,0.810329,12.282617,2.154022,-17.437806,0.265308,2908.979853,0.424039,0.00404166,0.145680416,0.399786408,0.007287325,0.035898,0.833819,5.35757,1,0.006518,0.583386,0,45
1.578889,77.410125,10.783728,1.05123902,2.861194,2.47269936,11.854403,1.976975,0.255857,4.143166,272,8,11,56,4,0,1,45,0,2.358161,0.025868,81.086199,20,-1410,1,420.05042,271.344538,308.411765,6.933022361,1025.589,5.881783322,358.4479,0.976517,3594.298883,0.028424,4.571849,25.638237,2.607734,-10.308996,1.369618,3247.714614,0.376403,0,0.943523141,0.096173913,0.002489575,0.027367,6.68232,457.946181,1,0.002607,0.088996,0,32
2.008819,6.017413,44.091647,-0.583511019,0.557936,1.767105202,5.853883,2.210787,0.2046,10.492034,428,6,3,24,10,0,2,21,0,5.314097,0.043821,83.84,51,-1052,0,248.029412,490.058824,261.911765,3.541108588,34.50515,4.124619613,61.84428,14.972307,842.043762,0.025372,2.10046,9.743511,2.769647,-4.998461,0.654586,5963.048955,0.411861,0,0.336187243,0.117888889,0.0900804,0.04,9.754645,100.577103,4,0.038549,1.083076,0,36
0.105361664,-93.912155,35.22783,-2.363886194,0.094054,0.780221264,2.181955,2.00702,0.248254,23.198891,151,3,5,4,9,0,5,74,0,8.918079,0.047809,106.317495,34,-1052,0,240,572,188,1.548931571,4.706439,3.912814492,50.03959,4.107303,3129.567527,0.029267,2.33508,16.305735,3.727687,-22.457882,0.476944,7992.181818,0.519492,0,0,0.755833333,0.035946349,0,1.979988,9.398801,1,0.007952,1.375183,0,0
0.547794,-84.040346,41.915078,-1.162447057,0.31272,1.618087596,5.043436,2.544155,0.154494,16.127626,231,5,9,60,18,1,5,72,0,4.081134,0.041394,89.87234,24,-1577,0,331.396226,407.867925,260.886792,4.513631704,91.25262,5.676077889,291.8027,0.676744,1082.568639,0.033117,5.082596,9.300189,3.058865,-5.441349,1.069751,8098.797747,0.352148,0,0.675748478,0.276444444,0.058285394,0,18.103072,85.137263,2,0.00739,0.724918,0,30
1.836166365,-95.660375,40.991068,-6.60174225,0.001358,-1.810862781,0.163513,1.251841,0.638119,120.436072,345,5,5,42,18,0,5,74,0,2.682491,-0.018413,105.151163,7,-1413,0,52,579,369,0.474535843,1.607268,7.076518671,1183.84,2.068548,2454.720648,0.035537,42.294041,10.672413,3.051415,-6.069592,0.413329,6397.560484,0.291093,0,1,0,0,3.652941,4.676089,5.135236,2,0.018793,0.533517,0,0
0.422222222,20.095091,-26.733112,-0.349845461,0.704797,1.888998545,6.612743,2.222003,0.20254,9.382478,823,1,12,78,7,0,3,12,1,1.648556,-0.004178,104.595506,17,-1520,19,703.134328,170.925373,125.537313,5.934752651,377.9465,6.284598046,536.2487,1.007288,656.367042,0.016295,0.592278,20.98134,0.663006,-9.150988,0.427107,679.978786,0.133481,0.088072153,0,0.347912088,0,0,0.037261,0.242271,1,0.003204,0.028998,0,0
0.026115,100.651572,25.671949,1.958081491,7.08572,3.846619833,46.834487,4.963281,0.040594,6.609701,1628,5,7,44,15,0,1,43,0,7.229176,0.048117,90.526051,94,-1166.340782,3.636872,310.475806,397.413978,292.47043,4.596442208,99.131,2.638360658,13.99025,12.412307,2423.478265,0.025465,1.976052,14.793365,3.656448,-9.351563,1.312025,5572.587381,0.398927,0,0.570461502,0.216786885,0.021152585,0.085699,1.551191,136.834073,4,0.025483,1.153028,0,32
0.138658,106.249957,30.705078,0.069555913,1.072032,2.925956757,18.652063,5.081805,0.038723,17.398785,305,3,1,6,15,0,1,43,0,17.784007,0.095006,87.386099,88,-1520,19,252.878947,423.521053,323.205263,3.850694261,47.0257,3.781138393,43.86595,12.398525,3960.407967,0.032599,14.711329,17.016357,4.548805,-4.321929,0.839174,10905.0879,0.50564,0,0.68040653,0.06647482,0.002745252,1.540452,0.927767,265.04254,1,0.044379,0.967341,0,26
0.032778,112.279407,25.618643,0.468014152,1.59682,2.594363713,13.388066,2.988718,0.111952,8.384207,270,5,1,4,9,0,1,43,0,14.307599,0.037116,82.504909,104,-1221.949733,7.60396,324.348214,350.491071,325.455357,3.82305517,45.74375,3.355041046,28.64678,9.097495,4886.858767,0.029107,3.425235,17.888204,5.038915,-5.325585,0.410697,12752.23951,0.470452,0,0.530592417,0.171029412,0.11095633,0.786035,0.067314,190.632395,1,0.131608,2.241693,0,34
0.033738,111.526762,27.696988,0.024967697,1.025282,2.941527112,18.944755,5.277916,0.035898,18.477609,359,6,5,4,9,0,1,43,0,12.212578,0.156084,85.438272,81,-1412.876712,14.90411,189.301205,486.903614,324.012048,2.529177092,12.54318,2.504209152,12.23388,8.78303,5145.278181,0.027078,16.631279,16.484649,5.26971,-4.1484,0.625494,12345.05636,0.497622,0,0.728169697,0.145238095,0.109127273,0,2.233276,211.768574,1,0.120201,2.493091,0,0
2.02125,75.820556,32.681588,-1.491001757,0.225147,1.138160192,3.121021,1.85549,0.290458,13.862138,1171,5,1,8,15,0,1,45,0,27.848627,0.29167,95.115447,163,-1520,19,403.921053,310.710526,285.368421,5.955602886,385.9095,7.446604352,1714.033,35.876286,3168.402973,0.024188,31.125184,9.875712,6.852333,-6.403536,0.745423,11632.8402,0.396733,0,0.2355081,0.708181818,0.067150447,0,0.286284,144.008561,1,0.023178,3.018245,420.258368,27
0.25483871,28.688868,-23.217425,1.264238585,3.540396,3.104182112,22.29098,3.341938,0.089537,6.296184,820,3,7,78,5,0,3,12,0,3.427332,0.034412,95.898707,56,-1277.970102,24.20299,718.666667,133.419048,147.92381,8.808824954,6693.05,7.544586573,1890.481,3.946075,1600.331342,0.022095,3.632019,19.669746,1.515406,-8.709881,1.579316,2602.109508,0.268753,0.002550783,0.165302027,0.191155556,0.01339376,0,1.965546,58.650554,4,0.000926,0.055877,0,47
0.975323,77.956382,18.14212,4.685195361,108.331434,4.818318487,123.756817,3.354185,0.088885,1.142391,426,8,15,105,4,0,1,45,0,2.919961,0.019536,82.904597,51,-1350.083682,12.43857,371.396078,280.789542,347.819608,7.91176637,2729.207,3.226571338,25.19313,1.26116,3610.37379,0.027208,4.868483,25.878752,2.696674,-10.784048,0.707011,4450.174523,0.338426,0,0.878487042,0.12251408,0.006891789,0.005312,10.21788,437.223831,5,0.005613,0.372832,165.277754,30
0.133242,105.062377,31.13125,2.037341778,7.670193,3.993200995,54.228196,5.523535,0.032777,7.069991,376,3,5,34,15,0,1,43,0,6.430774,0.047099,73.279349,111,-1139.365054,3.546872,243.740223,476.891061,279.536313,4.853286506,128.1609,2.815944504,16.70895,5.678647,3469.304058,0.031909,8.084902,16.616853,3.997111,-4.572424,1.071353,10101.75924,0.437736,0,0.834160504,0.200340909,0.030916022,0.015101,4.608063,689.038186,5,0.010892,0.969429,2599.630816,44
0.020635,-74.471559,41.825688,2.094545771,8.121751,3.601972726,36.670504,3.629837,0.075897,4.515098,256,3,1,7,19,1,5,73,0,11.865094,0.132745,105.472556,86,-1407.148694,1.139192,436.15534,411.145631,152.757282,5.506231943,246.2216,3.411686181,30.31632,13.89388,1657.362244,0.027407,0.109304,7.638283,4.471809,-16.033323,1.042148,12661.87516,0.514523,0,0.006067302,0.083878836,0.906372653,0,3.125175,11.795511,1,0.009141,2.958234,0,36
0.282759,35.561648,40.785085,1.268294583,3.554785,2.13119861,8.424959,1.260539,0.629343,2.370034,511,5,12,109,12,0,1,22,0,3.390881,0.023776,91.906619,18,-1052,0,239.245902,444.721311,316.262295,3.098350232,22.16136,1.830055556,6.234233,2.849267,300.891511,0.035325,0.87019,11.185592,2.135275,-4.207892,0.359467,3532.916716,0.21841,0,0.650325513,0.086636364,0.001067449,0,4.869207,68.668628,1,0.006689,0.132381,0,0
0.425,26.322231,46.933634,0.743864534,2.104051,2.713199521,15.077439,2.932206,0.116308,7.165909,317,5,3,8,19,0,2,22,0,7.045887,0.042509,103.451883,120,-1337.324561,12.015351,280.381443,370.257732,349.237113,4.410326028,82.29629,3.66646154,39.11326,15.995938,776.57746,0.027147,1.469588,6.479098,2.749869,-4.454108,0.689663,6086.080234,0.540033,0,0.151954539,0.126556474,0.57193245,0.652426,9.171784,428.37212,1,0.003414,0.441036,0,44
0.82625,80.3766,17.217987,2.412342409,11.160072,3.561540421,35.217405,2.973849,0.113074,3.155661,92,8,15,56,4,0,1,45,0,2.554011,0.048048,92.770297,24,-1410,1,379.27044,350.896226,269.773585,6.55681827,704.0281,4.144476049,63.08456,2.411459,5267.204956,0.027043,7.926876,27.467918,3.57248,-9.950959,0.83376,4819.586819,0.416199,0,0.82021872,0.074078947,0.034772492,0,3.325118,457.149141,1,0.026579,0.521694,0,28
1.371304,73.895858,22.898617,1.704997879,5.501374,3.729590186,41.662031,5.010718,0.039829,7.573024,161,8,7,4,4,0,1,45,0,5.397685,0.045227,86.980777,79,-1410,1,393.664452,349.45515,256.475083,6.030810252,416.052,4.325812569,75.62694,2.9884,3237.052193,0.025694,11.257276,25.99004,2.917886,-10.436373,1.041808,3753.668461,0.302495,0,0.768877246,0.147503566,0.023647808,0.603878,2.715009,526.08952,3,0.004183,0.507534,0,33
0.384167,-1.431316,38.287495,-0.455911393,0.63387,2.478601564,11.924577,4.225109,0.056018,18.812335,228,6,7,12,6,0,2,21,0,5.879984,0.03536,90.021729,61,-1453.085271,16.283376,268.488372,405.127907,326.534884,7.122080059,1239.025,7.577991496,1954.699,6.138619,308.967278,0.030089,0.980836,14.772445,1.105601,-5.615698,0.672997,2168.60773,0.185983,0.362425155,0.337419865,0.204444444,0.002526657,1.054492,4.764165,42.312249,5,0.010236,0.089891,0,0
0.258636,76.179206,20.719984,2.142943667,8.524494,3.674203791,39.41726,3.808441,0.068945,4.624,301,2,9,98,5,0,1,45,0,3.005196,0.010745,104.978525,32,-1250,9,271.578275,304.782748,423.709265,5.71368891,302.9867,3.570745201,35.54307,3.955521,3371.17393,0.028681,1.011922,26.033196,2.978136,-11.145165,1.263587,3066.101345,0.28723,0.002523474,0.807452988,0.113339605,0.026429727,0.951553,3.956467,254.326277,2,0.00816,0.439755,0,25
0.808333,-44.274305,-14.802961,-0.052969435,0.948409,2.719121949,15.166999,4.393361,0.051809,15.992046,566,6,5,57,4,0,6,63,0,11.374398,0.135472,103.5,63,-1579.28318,11.097232,431.648,240.408,328.232,5.839283759,343.5332,5.892253418,362.2206,3.624402,4315.261875,0.021121,2.385011,23.846135,3.682849,-10.944337,1.453517,5823.756921,0.46137,0,0.115368617,0.237181818,0.102869221,0,0.025904,11.182934,1,0.001711,0.504393,0,39
0.044444,-92.869515,34.806433,1.507050971,4.513401,3.664924256,39.053178,5.185605,0.037188,8.652715,226,5,5,4,9,0,5,74,0,9.565744,0.141847,115.8,70,-1145.320911,8.278468,281.457875,520.043956,198.483516,4.7351277,113.878,3.228076568,25.23108,6.420789,3640.552725,0.024682,0.099765,16.094416,3.846385,-25.021087,0.433012,9584.137436,0.590566,0,0,0.070061633,0.030397449,0,0.000304,0.049089,1,0.002267,1.303612,0,27
0.231579,-82.039417,39.538071,1.033487996,2.810853,3.502398268,33.194967,5.585322,0.032056,11.809569,220,3,5,7,9,0,5,74,0,12.930951,0.15527,106.380765,66,-1052,0,175.920863,525.557554,298.748201,4.450530837,85.67241,3.417042843,30.47915,4.230829,2122.872608,0.027995,0.156351,11.487305,3.82174,-18.74087,0.652342,8933.199552,0.513425,0,0.021281952,0.127867299,0.861218627,0.02693,2.071459,10.732724,2,0.018057,1.001839,0,0
0.106097485,-121.708776,37.121543,-0.126847494,0.880868,2.295301431,9.927428,2.983846,0.112317,11.270051,159,3,3,4,13,0,5,77,0,12.667823,0.097596,112.554373,79,-1401.298366,17.114359,323.317073,427.04878,250.060976,3.889697434,48.89609,4.01654499,55.50899,15.259555,1174.242874,0.019735,0.117645,13.506832,1.783126,-13.361307,0.945655,3973.704186,0.499517,0,0.081062579,0.44968,0.008791824,0.070445,6.87485,9.20507,1,0.004357,0.596828,0,0
0.105114,17.118343,50.463875,2.590676707,13.338795,2.743428156,15.540168,1.200307,0.694089,1.165035,207,12,15,58,10,0,2,24,0,1.481262,-0.009214,85.512887,18,-1192.7564,4.58495,248.284091,535.295455,216.352273,4.708811925,110.9203,2.118135554,8.315619,2.770925,618.140439,0.0289,1.607821,7.652106,2.798964,-3.405102,1.126184,6954.428198,0.371762,0,0.670615794,0.070431034,0.042594709,0.01792,8.028021,96.169849,4,0.015457,0.540698,0,43
0.386667,-95.224741,38.394074,-3.174380585,0.04182,0.541132302,1.717951,2.369818,0.178061,41.07987,297,5,5,43,9,0,5,74,0,2.649452,0.014267,108.419355,10,-1413,0,39.391304,611.086957,349.521739,0.773303574,2.166913,3.947689525,51.81551,1.372671,2754.410095,0.034178,8.404541,13.337077,3.284606,-7.618658,0.696047,6617.478261,0.388,0,0.389627329,0.995,0.006645963,0,3.98057,7.077228,1,0.010266,0.639505,0,0
0.0516,76.976013,9.788947,3.95156807,52.016869,5.821648259,337.527929,13.201786,0.005738,6.488817,723,9,1,65,2,0,1,45,0,17.76363,0.173285,109.257669,306,-1410,1,372.559465,303.487611,323.921705,6.515641889,675.6275,2.564073589,12.98862,12.457476,7992.453493,0.01932,7.782442,21.548388,8.983003,-18.481639,0.505816,14820.633,0.638679,0,0.117188475,0.135510105,0.522797119,0,2.875116,265.32014,2,0.03252,4.466443,99.972086,44
1.55,-93.012612,46.187886,-0.13136688,0.876896,1.817604913,6.157094,1.854799,0.290674,7.021467,332,3,9,60,19,1,5,74,0,4.097857,0.041102,105.717499,18,-1413,0,438.854545,375.527273,185.418182,3.575215112,35.7023,3.706582329,40.71442,0.77378,1125.323486,0.030435,0.036629,5.689239,2.736151,-5.844078,0.392339,7893.362985,0.327079,0,0,0.146275862,0.6077328,0.02259,2.077208,5.628393,1,0.003977,0.55009,0,0
1.218485,71.57717,22.096559,1.196203804,3.307537,2.82962267,16.939068,2.627437,0.144856,5.121355,104,2,11,98,5,0,1,45,0,2.385981,0.002892,98.17004,30,-1250,9,467.630137,311.410959,220.924658,4.328535796,75.83317,3.13233183,22.92738,1.2043,3316.368987,0.029846,3.063015,27.585629,1.804294,-11.398796,1.667943,2419.716413,0.240071,0,0.946563188,0.055277108,0,0,3.903989,296.061919,2,0.005949,0.232356,0,0
0.049367,-76.891032,39.426338,2.369533583,10.692404,4.899168886,134.178216,11.57549,0.007463,12.548929,128,4,5,4,9,0,5,73,0,11.12197,0.213805,102.314286,93,-1392.199426,4.398291,346.604143,443.560414,209.796318,6.001320071,403.9617,3.631787009,37.78027,3.132319,2261.75703,0.025648,1.068093,11.947934,3.586867,-20.120663,0.661694,8659.318923,0.49481,0,0.294509135,0.12755611,0.347236691,0,29.92395,169.080256,2,0.018973,1.267745,0,34
6.775714,23.155117,41.208234,4.265809313,71.222538,4.550559458,94.685366,3.164967,0.09983,1.32943,30,8,16,46,9,0,2,21,0,3.248099,0.019174,97,55,-1483.295906,12.993875,448.972152,352.574684,198.463291,7.248555991,1406.073,2.982746826,19.74197,16.169768,668.941093,0.029775,4.801993,12.165556,2.529225,-5.046263,0.271308,4368.055502,0.460397,0.019129017,0.31879564,0.104838944,0.302842548,8.5,2.729432,33.026402,4,0.052976,0.481058,0,29
0.05483871,26.898759,-25.710807,0.827813117,2.288309,2.40964731,11.130035,2.075555,0.23213,4.86387,1268,3,9,56,15,0,3,12,0,3.184713,0.014956,73.447368,26,-1487.676056,10.78257,683.081395,116.616279,200.302326,5.658370797,286.6812,4.830557618,125.2808,4.147531,1835.241001,0.018674,4.629332,17.268773,2.19036,-8.278584,0.59418,3270.404105,0.309079,0,0.102013917,0.123959732,0.052175203,0,1.364702,65.946301,1,0.012815,0.108301,0,0
0.965432,-101.588408,38.067734,-4.268555102,0.014002,-0.28618719,0.751122,1.790675,0.311865,53.645466,1023,1,10,53,6,0,5,74,0,2.835104,-0.004415,72.505906,12,-1413,0,204,547,248,3.518347032,33.72863,7.786931303,2408.914,0.372121,860.636874,0.031984,0.696198,12.663148,1.528237,-7.499259,0.802384,2149.538554,0.197076,0,0.845948328,1,3.20E-05,0.015715,0,0.070472,1,0.003384,0.003663,0,0
0.064677698,-104.834506,40.625744,-3.851586637,0.021246,0.092328466,1.096725,2.122544,0.221966,51.6209,1568,1,5,53,6,0,5,74,0,3.138143,-0.009646,102.304348,14,-1250,27,455,286,259,4.225261269,68.39237,8.076859582,3219.108,1.277096,363.384484,0.029808,0.570169,8.44099,1.614096,-5.65373,0.866154,2220.628033,0.164207,0,0.455857836,1,0,0,2.828216,3.676205,1,0.041063,0.013636,0,0
0.018854,118.934089,29.552414,6.234042175,509.812074,8.041681255,3107.833863,38.828249,0.000663,6.096038,100,3,7,4,9,0,1,43,0,16.779671,0.200685,112.482173,199,-1499.872945,17.176769,274.802115,421.073527,304.126047,8.876536313,7161.941,2.642494274,14.0482,16.402212,5160.577893,0.026933,6.530193,15.766371,6.042235,-5.112123,0.605141,13351.69346,0.545192,0,0.203566563,0.103333333,0.110944185,0.015901,1.595553,172.735974,5,0.105092,3.013126,4477.559733,46
0.07512,105.684134,29.185485,2.035923468,7.659322,4.899662034,134.244402,13.683465,0.005341,17.526931,368,5,13,6,9,0,1,43,0,4.018325,0.028382,90.369032,51,-1520,19,310.538462,421.560947,267.885207,4.416205814,82.7816,2.380281974,10.80795,2.016658,4123.536053,0.034121,3.863641,17.670193,4.157413,-4.395583,0.267448,10737.55839,0.435048,0,0.925133985,0.093984221,0,0.127166,0.106641,403.968691,1,0.039056,1.205073,0,33
0.136363636,-92.826856,44.863551,-2.594301961,0.074698,1.117912502,3.058463,3.156786,0.100348,40.944616,260,6,5,17,18,1,5,74,0,3.793921,0.023714,99.43379,24,-1413,0,383.111111,417.111111,199.777778,2.181643487,8.860857,4.77595124,118.6231,2.085165,1630.222145,0.025958,0.005335,7.170112,2.86869,-5.145239,0.458611,7169.489698,0.306048,0,0.935521978,0,0.049416209,0,20.398251,13.972601,1,0.010521,0.404717,0,0
0.379562,114.370042,37.447766,2.190400233,8.93879,4.137667188,62.656485,5.911827,0.028613,7.009504,117,8,7,44,6,0,1,43,0,6.004545,0.02413,84.742857,47,-1405.635898,1.833147,386.517544,399.83114,213.732456,5.90937938,368.4774,3.718979129,41.22229,10.664884,1575.618204,0.028912,3.309926,11.89882,2.345932,-5.16531,0.420411,3779.386651,0.260476,0,0.662420014,0.082547384,0.129516663,0,1.442254,124.722543,3,0.012566,0.184748,0,34
0.234342,77.39686,10.185071,-1.10325304,0.33179,2.041930856,7.705473,3.773661,0.070222,23.22396,2154,8,5,44,4,0,1,45,0,10.380133,0.104094,117.961005,50,-1410,1,337.098765,344.839506,317.444444,2.350995185,10.49601,3.454248929,31.63452,10.983092,7478.94412,0.020021,0.724257,18.24911,7.13078,-16.307752,0.32521,11249.33978,0.636335,0,0,0.184634146,0.393405797,0.091463,0.212632,121.332917,1,0.130454,2.502038,0,0
0.751923077,-75.403284,6.51932,-1.615642119,0.198763,1.353487813,3.870903,2.449285,0.166695,19.474942,2106,13,5,92,10,0,6,61,0,15.929698,0.203185,98.8,67,-1410,1,362.780488,349.902439,286.658537,2.022632934,7.558199,3.638274081,38.02615,15.452596,8676.171694,0.028176,61.457607,15.424055,9.513315,-10.10534,0.351123,16105.00677,0.642056,0,0.212844244,0.348518519,0.670282167,0,5.530707,92.40844,1,0.066457,6.025638,58.998425,26
0.4,-98.602112,33.144583,0.803127409,2.232512,2.857560646,17.418984,3.288675,0.092461,7.802414,328,3,13,56,9,0,5,75,0,3.758679,-0.010069,114.612717,25,-1479.447005,19.552995,323.441667,368.966667,307.391667,4.405461872,81.89696,3.602334423,36.68377,1.484162,2271.407757,0.03373,2.605056,18.525177,2.435031,-9.529705,1.442566,3838.20444,0.326469,0.000746562,0.045250505,0.242611465,0.012695446,0.014599,1.365853,3.418769,1,0.013876,0.102369,0,0
2.011695,121.273231,42.788145,0.134171563,1.143589,2.624617214,13.799291,3.64013,0.075469,12.066655,359,1,10,53,6,0,1,42,0,1.949002,0.00093,121.168539,24,-1413,0,514.677686,310.066116,175.123967,4.909517617,135.574,4.775345778,118.5513,2.205213,858.988406,0.032437,0.80292,6.67511,1.676728,-5.890839,1.409018,3318.646777,0.224638,0,0.759609495,0.629005525,0,12.6,0.010737,21.162023,2,0.001949,0.099009,0,0
0.302692,36.610523,41.107314,1.723190436,5.602374,3.15401499,23.429947,2.792417,0.128245,4.182146,120,1,7,12,12,0,1,22,0,7.195144,0.081467,96.944321,61,-1409.720177,14.522828,269.90625,395.875,334.0125,6.168216037,477.3338,4.445025612,85.20206,17.820262,876.095132,0.027111,1.727844,9.583725,3.750499,-3.661913,0.217804,5372.971776,0.468895,0.000301841,0.446466565,0.143636364,0.354498616,0,1.53021,131.725444,1,0.00417,1.110573,0,40
0.883721,78.331926,25.057125,4.799625719,121.464947,5.62723319,277.892178,7.112887,0.019766,2.287838,299,9,15,56,5,0,1,45,0,3.783071,-0.04002,114.542435,79,-1410,1,347.297771,383.863057,268.881369,8.028245817,3066.358,3.228619798,25.24479,1.66934,3408.685025,0.027918,7.192742,25.081685,3.12414,-9.258266,0.938901,4430.563015,0.312411,0,0.74060505,0.84,0.000163627,0.857974,1.22744,192.343532,4,0.003557,0.46674,191.318528,33
1.264634,-100.491816,31.379209,1.668551747,5.30448,3.968048002,52.881206,6.477017,0.023837,9.969159,570,1,13,53,9,0,5,75,0,2.19129,0.014348,69.95,36,-1259.938335,13.130524,286.543408,398.96463,314.601286,5.633642517,279.679,3.965090864,52.72506,1.569692,1362.542135,0.030559,1.593985,18.629471,1.902942,-8.51145,2.228609,2550.915188,0.257885,0.001166521,0.067407864,0.197458791,0.12085862,0.136691,4.350168,20.099325,2,0.00325,0.022778,0,0
0.398824,-99.448123,31.89233,-0.775978941,0.460253,1.817009975,6.153432,2.55867,0.152747,13.36968,526,3,9,53,9,0,5,75,0,5.960814,0.122324,94.463918,35,-1650,12,323.970149,395.552239,280.104478,2.803252496,16.49822,3.579231985,35.846,1.610252,1871.239736,0.030694,0.922283,18.293408,2.275628,-8.323545,1.612608,3224.613345,0.296,0,0.109085285,0.262131148,0.000857269,0,0.792766,0.564579,1,0.005565,0.059751,0,0
0.666818,1.019878,35.911656,3.012348801,20.335107,4.220557992,68.071457,4.258306,0.055148,3.347485,0,3,7,6,5,0,3,15,0,26.244871,0.079856,108.490686,197,-1484.222548,18.111567,309.760446,393.236769,297.114206,7.764399186,2355.243,4.752050213,115.8215,10.735142,619.438282,0.028159,6.836424,16.297936,1.726794,-9.463575,0.633719,2379.051693,0.175712,0.138203853,0.604559449,0.130243484,0.012781514,0,1.632436,63.1364,1,0.007552,0.508357,0,32
0.065876152,-38.977661,-6.390089,2.361337658,10.605128,4.201008723,66.753633,5.782452,0.029907,6.294468,177,1,13,56,4,0,6,63,0,2.517016,0.016048,101.12462,43,-1513.080756,17.86776,579.548975,205.924829,214.428246,5.824227446,338.3996,3.462889669,31.90905,2.970928,3348.491189,0.02356,0.486927,27.424038,2.403093,-10.308471,2.067907,4915.773575,0.39341,0,0.392041856,0.269247398,0.105757438,0,1.991796,38.455319,1,0.001911,0.26661,0,51
0.46,-92.174484,41.638003,-1.230741237,0.292076,1.569468055,4.804092,2.507601,0.159031,16.448088,244,6,5,43,18,0,5,74,0,6.573929,0.073799,104.571429,28,-1413,0,128.12,548.16,323.72,1.687996566,5.408634,2.918737832,18.5179,2.062871,2231.248111,0.03759,0.725011,9.658469,3.242709,-5.417505,0.510624,7559.641756,0.332221,0,0.478932384,0.169782609,0.090723606,0,3.039957,8.942841,1,0.039976,0.718198,0,0
0.176494416,-82.467056,39.538763,0.214771806,1.239579,2.58430558,13.254082,3.358208,0.088672,10.692406,231,3,9,7,9,0,5,74,0,9.239485,0.123177,103.770474,58,-1052,0,215.555556,500.54321,283.901235,3.610501069,36.98458,3.395729125,29.8364,3.841898,1924.637586,0.027485,24.56584,11.506764,3.86194,-20.04974,0.658451,8801.570636,0.519226,0,0.106803939,0.148315217,0.600050134,0.004671,8.465327,33.135136,1,0.002721,0.830675,0,0
0.33,-94.203432,44.896654,0.588413691,1.801129,2.212910682,9.142288,1.921664,0.270798,5.075865,317,6,13,42,18,1,5,74,0,2.935437,0.033768,106.637681,19,-1413,0,415,328,257,1.940801982,6.964334,1.35238824,3.866649,0.908297,1549.537433,0.032596,4.355509,6.731245,2.78755,-4.701596,0.543301,6399.279476,0.337771,0,0,0,0,6.063529,14.901669,83.493067,1,0.001581,0.374295,0,0
0.163855667,-97.550247,29.792094,-2.831116544,0.058947,0.288796451,1.33482,1.550912,0.415744,22.644436,122,3,5,56,9,0,5,75,0,2.452166,-0.013353,114.580271,9,-1529.310345,15.448276,195,426,379,2.180706005,8.852554,5.011823255,150.1783,1.369529,2856.732203,0.033374,0.019778,20.412128,2.793064,-7.900645,1.216177,5147.329966,0.440361,0,0.369427609,0.375,0.104478114,0,0.753136,4.388645,1,0.002486,0.253604,0,31
0.027756,118.625739,41.391827,1.700415812,5.476224,2.947815535,19.064263,2.298129,0.189344,3.481279,713,3,3,37,27,0,1,42,0,12.871455,0.107717,112.415076,115,-1410,1,391.25,439.901786,169.196429,6.270967827,528.9891,4.570552033,96.59742,16.264769,866.828084,0.030029,3.065254,4.20932,2.301278,-10.841726,1.092996,3963.422397,0.392862,0,0.196389433,0.231319199,0.082694905,1.425004,0.038172,34.053397,1,0.160541,0.168326,0,37
0.156389,74.546099,19.321032,3.614569212,37.135345,5.04112241,154.643491,7.158681,0.019513,4.164321,547,2,5,98,5,0,1,45,0,6.311095,0.088036,108.997429,59,-1250,9,302.888208,279.7366,417.260337,7.142438393,1264.508,3.527869092,34.05133,4.833034,2679.718656,0.02733,32.514364,24.623511,2.308922,-8.18492,1.489983,2270.311925,0.229099,0.009728922,0.798267027,0.120841876,0.000825408,0.141609,2.812572,249.933215,4,0.007961,0.237687,0,34
0.100778,-86.802579,36.060438,-0.938766429,0.39111,1.465265187,4.328691,1.95255,0.262298,11.067706,236,5,7,56,9,0,5,74,0,10.941066,0.059114,108.724199,64,-1647.183099,12.080483,195.452381,571.214286,233.619048,1.661732026,5.268428,2.600498397,13.47045,6.205534,3498.771509,0.027191,2.781177,14.952176,4.173008,-21.38052,0.479579,9802.942029,0.456,0,0,0.163214286,0.906192358,0,58.769462,121.936722,1,0.006319,1.142687,0,0
1.294915,-96.014236,32.729506,-1.875143252,0.153333,0.848510696,2.336165,1.682989,0.353051,15.235921,145,1,9,56,9,0,5,75,0,3.486495,-0.016758,98.592593,18,-1650,12,392.846154,336.076923,271.076923,1.80182316,6.060687,3.676968297,39.52638,0.865316,3264.806098,0.033732,19.736812,18.531673,3.466964,-7.650844,1.058205,6492.554231,0.409,0,0.011918951,0.338,0.036078665,0,26.760786,154.663448,1,0.001997,0.537237,0,0
0.572,-83.262073,36.741819,0.262535019,1.300222,2.695495655,14.812859,3.664589,0.074465,11.392563,395,3,5,7,9,0,5,74,0,18.679501,0.124635,91.111111,102,-1052,0,400.169643,396.633929,202.839286,4.372933795,79.27587,4.110398833,60.97103,16.240861,2714.200071,0.026473,6.815718,12.517484,4.457275,-17.631842,0.360319,10959.77277,0.532758,0.009631783,0,0.137112299,0.908451854,0,2.812282,5.032558,1,0.005607,1.721144,0,32
2.95,-4.647517,33.915966,1.323568064,3.756802,3.586916023,36.122503,5.257312,0.03618,9.615226,419,6,1,52,12,0,3,15,0,12.626841,0.124059,98.208695,109,-1363.338745,13.010011,259.302041,471.465306,269.273469,8.6101404,5487.019,7.286572464,1460.556,11.583105,488.023806,0.025945,3.823492,11.90653,2.152632,-19.180957,0.541886,1811.466029,0.190919,0.193345218,0.388285036,0.167760911,0.012493837,0.005166,0.402058,28.955624,1,0.005758,0.147094,0,48
1.595238,-2.946608,34.625841,3.731300545,41.733349,4.948792705,141.004627,6.15725,0.026377,3.378704,209,6,7,107,5,0,3,15,0,5.18247,0.069867,110.529754,101,-1383.686214,9.806969,423.320905,327.450067,249.118509,10.26433807,28690.98,6.533037538,687.4833,6.930863,265.802334,0.031176,2.236621,14.995062,1.112016,-8.715529,0.67691,1404.068549,0.128503,0.76036547,0.095515693,0.075044771,0.0030979,0,0.370039,21.623693,4,0.003002,0.076589,0,34
0.233333333,42.513862,57.305539,7.194492393,1332.073984,7.483972056,1779.294214,13.752405,0.005287,1.335732,80,5,16,105,19,0,2,28,1,5.210817,0.113212,61.72509,56,-1133.691815,2.724195,464.11847,337.344439,198.543332,11.28404222,79542.14,4.08954992,59.71301,1.307558,368.024694,0.030705,0.026672,3.525234,2.468595,-5.05292,0.678094,8523.729431,0.375468,0.000928446,0.131428664,0.14,0.556707491,0,2.215063,24.824622,5,0.02482,0.749194,221.777192,36
5.263157895,-84.638756,40.312265,-1.741775732,0.175209,1.43864105,4.214964,2.840606,0.12393,24.05681,304,6,15,60,18,1,5,74,0,3.678168,0.016252,109.869703,25,-1577,0,207.355556,470.066667,321.733333,3.59923835,36.57037,5.341015201,208.7245,0.47521,1681.745549,0.033813,6.820976,10.494057,3.451686,-5.291689,1.23506,8188.132808,0.306548,0,0.970672991,0,0.026511545,0.138495,4.903655,9.570362,1,0.000364,0.840878,0,0
0.909,-2.628298,10.662769,-1.548610958,0.212543,1.226108297,3.407941,2.085278,0.22997,16.034142,273,8,9,57,4,0,3,14,0,2.585384,0.023739,106.363636,17,-1410,1,481.057143,313.657143,205.285714,3.547260301,34.71807,5.095872487,163.3463,1.19859,3874.073576,0.023326,1.953251,27.465563,2.918857,-10.278489,0.610434,4062.43437,0.276022,0,0.530627127,0.165,0.025405931,0,0.087464,67.796294,1,0.001769,0.276324,0,0
0.087356322,-123.249205,43.392277,-0.524517261,0.591841,1.719746148,5.583111,2.04724,0.238596,9.43346,179,2,13,4,13,0,5,78,0,3.855405,0.011933,75.713344,31,-1520,19,250.515152,402.333333,347.151515,3.050157483,21.11867,3.574674105,35.68299,12.29935,1523.853329,0.027341,23.029175,10.745898,4.358334,-14.437412,0.170114,9840.542553,0.567813,0,0.211078605,0.389891304,0.004361702,0,2.209709,12.210557,1,0.006788,1.733957,0,0
2.242581,73.341747,33.725221,0.138693546,1.148772,2.059451949,7.841671,2.063891,0.234761,6.826133,700,5,5,8,15,0,1,45,0,13.052178,0.142816,99.91009,105,-1520,19,310.388235,417.541176,272.070588,5.08427106,161.4622,4.945577527,140.552,22.832766,3358.259069,0.02331,11.446677,16.889728,4.910429,-6.678553,0.909014,6430.341713,0.47354,0,0.181377193,0.144716981,0.027504971,0,4.966317,507.679763,1,0.354489,0.836164,0,44
1.221,-96.476243,33.099507,4.522038057,92.022955,5.576842378,264.23593,7.770319,0.016562,2.871413,144,1,9,99,9,0,5,75,0,3.786327,-0.038239,107.7,38,-1232.356963,10.971198,278.067649,394.957803,326.956463,7.093634666,1204.277,2.571596447,13.0867,1.251601,3136.775694,0.029732,1.168788,18.215205,3.402167,-7.250507,1.298968,6013.751976,0.364623,0,0.141671933,0.069997654,0.064207319,0,13.895981,85.732362,5,0.005626,0.57841,0,42
0.32,-111.119263,33.693923,4.38797333,80.477153,5.425897832,227.215256,7.144902,0.019589,2.823351,634,3,7,115,5,0,5,77,0,8.734696,0.08089,110.222786,137,-1173.57211,13.558033,390.902247,371.54827,237.605343,9.569601668,14322.71,5.181628482,177.9724,11.26109,640.035986,0.025628,2.119651,12.656164,1.823392,-23.802034,0.321259,2655.4663,0.321914,0.001823214,0.002975786,0.339021662,0.060755919,0.378286,0.509811,2.166992,4,0.030568,0.155131,0,44
0.108638566,-96.120717,36.935454,3.046902318,21.050037,4.831767255,125.432436,7.712204,0.016813,5.958775,224,3,9,43,9,0,5,74,0,4.914315,0.054808,93.87776,40,-1341.248044,13.691901,289.939394,456.046717,254.049242,7.219103096,1365.264,4.172200573,64.85802,2.563091,2511.919908,0.032554,1.271835,14.606746,3.265659,-7.626006,0.775155,5764.167283,0.369033,0.000891812,0.014453525,0.289339221,0.044338171,0.024939,0.178934,1.364857,4,0.00511,0.562409,0,37
0.36,28.257692,-26.973836,5.712816148,302.72238,6.623061746,752.244757,12.196409,0.006723,2.484933,1486,3,15,105,16,0,3,12,0,2.908782,0.029371,98.263158,67,-1422.102098,14.563825,568.330654,154.402465,277.373794,9.012486938,8204.901,3.299670619,27.10371,2.468766,1655.925213,0.023491,10.943211,15.154162,2.672441,-7.452102,0.617956,3832.028094,0.255334,0.00066331,0.227967743,0.128234046,0.061488321,0,0.601447,9.8408,6,0.205773,0.157663,0,40
0.020778,-7.96128,41.683027,1.098547953,2.999807,3.122456903,22.702088,3.697551,0.073143,7.567848,690,8,1,11,13,0,2,23,0,10.927775,0.148061,94.2,69,-1302.002555,21.617694,477.674419,355.618605,166.381395,4.436136079,84.44801,3.337587851,28.15114,12.366224,1807.03443,0.024951,0.674937,10.575133,5.187787,-4.605147,0.165341,10711.4375,0.488497,0.001638514,0.17186945,0.190849257,0.023768501,0,3.208806,16.100258,2,0.077244,2.13546,0,29
0.040935,8.976443,46.567608,-0.231393741,0.793427,1.62983017,5.103008,1.616099,0.382881,6.431605,1548,7,1,24,31,0,2,21,0,24.459909,0.154705,92.752799,199,-1334.436275,17.398284,411.512821,385.923077,202.666667,3.58884335,36.19219,3.820237267,45.61503,39.400522,1240.081137,0.029374,7.059552,0.115313,5.84023,-3.226427,0.3607,21341.74462,0.321626,0.255523466,0,0.109548872,0.001213307,0.771571,0.002066,8.38638,1,0.125464,3.348869,0,30
0.029626,109.567481,27.295539,0.644530301,1.905092,3.759973247,42.947277,8.777537,0.012979,22.543408,352,5,5,4,9,0,1,43,0,13.346447,0.177339,107.943925,101,-1520,19,250.807292,456.138021,293.078125,2.921573762,18.57049,2.277043465,9.747818,5.751027,4520.106801,0.027212,0.782127,16.323555,7.269189,-3.863535,0.626152,11155.56122,0.549156,0,0.437929334,0.423632653,0.239983566,0.240909,0,120.570131,1,0.00262,1.409755,0,0
0.045471,113.422695,26.257247,1.807126621,6.092915,4.224008781,68.306763,7.806318,0.01641,11.210851,239,5,1,4,9,0,1,43,0,18.890921,0.100315,97.773531,142,-1227.367799,4.970265,334.816047,369.753425,295.363992,5.00526758,149.197,3.198141139,24.48697,14.581083,4815.697759,0.024347,8.479304,16.841329,5.443003,-5.295315,0.121903,13326.29847,0.57176,0,0.149607104,0.213316708,0.328350973,0.07576,0.00736,103.300742,2,0.010038,2.279706,0,36
1.569749617,-95.629515,40.985853,-2.490192596,0.082894,0.614313908,1.848388,1.811035,0.304892,22.298232,332,5,5,42,18,0,5,74,0,4.517753,0.00255,114.126459,26,-1413,0,51,549,399,0.592294821,1.808133,3.082488243,21.81261,1.716846,2473.222642,0.036197,39.270869,10.66604,3.05433,-6.066338,0.415682,6395.318996,0.280538,0,1,0,0,0,3.880145,4.250822,1,0.046464,0.535847,0,0
0.068421053,28.274512,-25.877916,0.523348879,1.68767,2.496785895,12.143401,2.636888,0.143819,7.195364,1477,10,5,56,16,0,3,12,0,3.795543,0.031294,101.15404,28,-1378.184039,13.747557,642.192308,145.028846,212.625,4.674967667,107.2291,4.151618793,63.53677,1.984305,1930.475831,0.023083,2.314822,16.408778,2.274525,-7.801795,0.555076,3885.569339,0.28674,0,0,0,0,0,15.232884,100.611053,2,0.005951,0.239981,0,0
0.06,22.572332,46.802314,-0.255728728,0.774352,2.364113965,10.634612,3.409161,0.086041,13.733562,565,6,1,7,19,0,2,22,0,19.796821,0.252886,104.083333,115,-1271.943463,9.812721,348.327273,373.509091,278.163636,4.18624454,65.77531,4.441973144,84.94238,21.561438,1223.827762,0.027145,0.184648,8.175141,3.659093,-5.438454,0.437615,10131.50832,0.509047,0,0.009121803,0.194558824,0.634746915,8.574468,0.0307,14.519109,1,0.021442,0.837662,0,0
0.055232,109.866876,27.730483,0.195259993,1.215627,3.260717715,26.06824,6.669706,0.02248,21.44428,231,3,5,4,9,0,1,43,0,21.432795,0.230485,92.286888,118,-1520,19,328.024272,415.800971,256.276699,3.860640023,47.49574,3.665379992,39.07098,8.693502,4856.368024,0.025579,4.057755,16.466759,7.06566,-4.175114,0.768595,11418.23015,0.566984,0,0.053778809,0.277798742,0.485419334,0.331223,0.278138,90.401344,1,0.004791,1.542921,0,29
0.344857,-0.694599,40.972102,-0.112033844,0.894014,2.118572347,8.319252,2.482031,0.162325,9.305506,573,6,5,12,6,0,2,21,0,7.006044,0.053748,89.562784,36,-1198.343452,6.234172,342.481928,427.180723,230.180723,6.501284415,665.9965,6.613318444,744.951,9.727513,391.399095,0.025636,0.903842,10.286122,1.811641,-6.40111,1.199318,3229.270215,0.251883,0.008500217,0.360980809,0.242753623,0.034052736,0.717672,2.337687,10.055268,1,0.018131,0.219987,0,0
2.504280822,-101.772375,37.827915,-4.455716233,0.011612,-0.52586989,0.591041,1.547234,0.417722,50.898426,1057,1,9,53,6,0,5,74,1,2.763674,0.025615,99.673143,10,-1413,0,265.5,450.1,284.4,2.763288105,15.85188,7.218989558,1365.109,0.230111,896.732877,0.031048,1.796534,13.079825,1.532501,-7.53454,0.977393,2025.393926,0.203082,0,0.818220701,1,0.010333618,3.313501,0,0.117791,1,0.005355,0.004788,0,0
0.379310345,25.986555,-28.864712,2.708051601,15.000021,4.144808832,63.105557,4.596389,0.047333,4.207031,1249,3,12,78,6,0,3,12,0,2.406618,0.003091,104.248227,27,-1503.214225,16.193879,684.735802,95.05679,220.192593,7.784281374,2402.539,5.076230132,160.1691,1.432176,949.069215,0.020055,0.981656,16.884871,1.987863,-8.919477,1.035403,2619.238357,0.240968,0,0.255570062,0.123987946,0.030022918,0,0.640317,7.541182,5,0.05608,0.02032,0,54
1.287793,118.168976,42.117249,1.476668515,4.378335,3.36761733,29.009325,3.910914,0.06538,6.625653,867,3,1,44,27,0,1,42,0,17.104888,0.143589,99.338112,218,-1410,1,484.024648,367.90493,148.091549,7.32643864,1519.959,5.849770214,347.1546,13.157826,651.408279,0.030754,2.770927,3.157095,1.924574,-5.781317,1.328722,3510.295586,0.269081,0,0.228553274,0.501026393,0.004452614,0.330813,0.169113,74.796132,1,0.009878,0.135511,0,38
0.124006271,-97.846333,28.861007,-2.745627465,0.064208,0.61469633,1.849095,2.058548,0.235982,28.798676,93,1,9,98,9,0,5,75,0,2.291949,0.008568,102.653979,13,-1520,19,557.043478,196.826087,246.086957,3.123334498,22.72202,5.868967763,353.8835,1.342819,2647.827472,0.029566,1.47873,21.341482,2.49169,-8.089831,1.824806,4054.128061,0.354,0,0.156952349,0.511111111,0.07648908,0,17.029972,50.957139,1,0.002437,0.109852,0,0
0.696739,-83.136367,40.197049,1.322376447,3.752328,3.634377465,37.878265,5.516133,0.032865,10.094603,259,6,9,60,9,1,5,74,0,3.844543,0.032045,102.27264,38,-1577,0,164.413534,555.5,279.804511,6.73788919,843.7778,5.415512674,224.8678,0.603478,1553.814138,0.033201,2.683295,10.51543,3.484161,-5.326347,1.088298,7998.838723,0.340006,0.000555508,0.829512873,0.173345009,0.042512376,0.000974,15.20942,65.72317,3,0.006513,0.818815,70.675589,30
0.187135,107.330345,30.608646,1.054445819,2.870384,3.505171677,33.287158,5.54245,0.032553,11.596761,385,1,5,34,9,0,1,43,0,8.553435,0.035364,89.643193,61,-1520,19,299.417323,411.838583,289.094488,3.604229378,36.75335,2.549783395,12.80433,14.329045,4819.740799,0.030257,3.632576,16.625684,5.578186,-3.550839,0.435353,11556.80121,0.504383,0,0.667636181,0.146035806,0.048840201,0.086641,0.251912,434.968686,1,0.0269,1.595437,0,29
0.999706,72.832347,34.195811,5.548214122,256.778571,6.495461346,662.129626,11.656246,0.00736,2.578602,430,9,3,8,9,0,1,45,0,21.120543,0.03786,110.503311,672,-1322.974438,4.934772,296.381143,436.034094,267.553021,9.367203085,11698.35,3.818988873,45.55812,32.188926,1947.256262,0.025677,75.95487,9.893344,4.583398,-3.935043,0.583753,7005.021805,0.350392,0.004447178,0.326860534,0.100724782,0.024166533,12.367199,1.690179,385.988749,3,0.064865,1.605943,1334.651814,50
0.085152,127.941941,37.974877,3.674776169,39.439828,5.315582281,203.482963,9.140198,0.01197,5.159327,182,4,1,44,26,0,1,42,0,22.162473,0.412938,89.716544,151,-1410,1,364.730532,371.891842,263.379481,7.897287922,2689.977,4.222511718,68.20458,20.23021,4066.666161,0.028492,2.911413,7.75654,4.129307,-11.271223,0.883321,13033.63916,0.46773,0.000726892,0.083119837,0.116227545,0.629736171,0,3.208689,47.4067,1,0.008476,1.87109,5.819464,37
0.191071429,23.096271,-31.407193,0.57553413,1.77808,2.084339029,8.039276,1.700734,0.345722,4.521323,1287,3,8,109,8,0,3,12,0,4.656214,0.020079,93.695439,44,-1650,12,617.152941,196.623529,186.411765,5.647448779,283.5671,5.07191476,159.4794,3.308519,464.678878,0.016252,0.389127,15.304527,0.91612,-8.94496,0.79777,1315.889807,0.124467,0.066153846,0.002885778,0.661346939,2.63E-05,0,0.370209,0.505433,1,0.002983,0.008276,0,0
0.715116,70.297584,21.863418,2.514447976,12.359784,4.620877281,101.58311,8.151004,0.015051,8.218842,67,6,11,98,5,0,1,45,0,2.534253,0.003724,69.158393,54,-1249.46993,8.977283,448.408568,333.491118,218.293626,5.902496712,365.95,3.388048986,29.60813,1.053965,3018.404829,0.02732,7.174079,26.390703,1.909501,-11.005144,1.428719,2892.694882,0.239041,0,0.920579467,0.093511791,0.000245887,0,3.849709,138.119666,2,0.00495,0.235853,0,37
0.093827,-82.673203,39.025669,-1.33679207,0.262687,1.464148522,4.32386,2.379837,0.176565,16.460105,223,3,5,7,9,0,5,74,0,11.018686,0.175785,65.393824,50,-1052,0,182.538462,550.461538,266.884615,1.463942435,4.322969,2.800733297,16.45671,3.492284,2240.757774,0.027117,25.335875,12.205067,3.712124,-20.418764,0.587452,8896.216049,0.503306,0,0,0.222894737,0.707314815,0.024521,10.379095,26.723868,1,0.005458,1.008807,0,0
0.168788,77.166921,9.304653,2.727998439,15.302228,5.252105948,190.968014,13.771409,0.005273,12.479752,978,9,1,65,4,0,1,45,0,21.005456,0.266184,121.937184,189,-1410,1,347.737634,297.077419,355.223656,5.388025064,218.7709,2.660026643,14.29667,13.967966,7402.023112,0.01851,0.409319,21.657358,5.890141,-21.401992,0.637713,12672.57449,0.712731,0,0.00318872,0.215068568,0.758737605,1.331599,0.08101,171.128426,1,0.039333,3.810012,0,35
0.690833,84.992133,21.391655,5.902235312,365.854353,6.612615279,744.42736,10.979013,0.008296,2.034764,122,9,16,57,4,0,1,45,0,4.761255,0.016595,67.809735,121,-1405.433787,1.871732,332.414558,297.537958,370.073642,9.793688869,17920.29,3.8914537,48.98204,5.06476,4643.189668,0.025068,9.284963,24.437823,4.687386,-8.840788,0.433652,7427.441369,0.409318,5.14E-05,0.576852534,0.0944089,0.085385424,0,1.545591,225.125994,4,0.081115,1.315081,880.856436,36
0.195313,103.936581,29.342647,0.35546291,1.426841,3.240320006,25.541894,6.031988,0.027484,17.901014,440,6,7,34,15,0,1,43,0,7.380659,0.033877,109.601027,80,-1520,19,298.502347,382.380282,319.230047,2.183396971,8.876408,1.827934041,6.221021,2.786678,4987.124459,0.030187,3.198744,16.91733,3.984459,-4.52326,0.531354,13881.49241,0.502807,0,0.540193929,0.433195876,0.007984823,2.58247,0.362357,238.961445,1,0.030942,1.259467,0,0
0.49945701,-106.74325,44.167734,-4.030018564,0.017774,-0.122901236,0.884351,1.871228,0.285592,49.755238,1538,3,7,110,6,0,5,74,0,3.032855,0.006388,65.65,17,-1436.794872,20.134615,396.75,323.75,279.5,-3.48040294,0.030795,0.549598352,1.732557,3.077527,444.250797,0.03156,1.005107,6.568792,1.548961,-5.31262,0.849928,2502.456277,0.184458,0.002878635,0.226819892,0.140211178,0.015022121,0,1.464985,0.965522,2,0.034756,0.046301,0,0
0.28,-113.197913,49.321126,3.50930897,33.425162,4.732997409,113.635665,5.544635,0.032528,3.399704,1094,5,9,19,19,1,5,71,0,4.974025,0.03526,81.130335,38,-1199.352006,5.119589,228.216418,423.646766,348.256219,7.287827363,1462.39,3.778518355,43.75117,6.3476,229.911553,0.025343,0.470491,3.387566,2.134659,-9.587521,1.828887,4572.727486,0.267044,0.026558878,0.337260205,0.186640991,0.133558344,0,1.511521,3.748937,4,0.060527,0.363108,0,29
1.567647,-99.523848,31.897838,-3.4798186,0.030813,0.109240877,1.115431,1.792554,0.311212,36.20023,572,5,9,53,9,0,5,75,0,3.083119,0.0273,112.770882,17,-1650,12,275.764706,407.411765,316.823529,2.471159253,11.83616,5.95098338,384.1309,1.278941,1850.88642,0.030145,1.546031,18.190168,2.255179,-8.246612,1.61135,3221.389163,0.293547,0,0.097653941,0.51,0.072555419,0.079514,0,1.208985,2,0.007715,0.044124,0,0
0.090992,115.660791,26.414203,0.318776588,1.375444,3.509142704,33.419605,8.038499,0.015476,24.297324,229,3,7,4,9,0,1,43,0,10.833857,0.031731,75.030803,137,-1400.926766,2.474401,418.348485,322.490909,259.360606,5.935256828,378.1371,5.616480146,274.92,11.292278,5593.907867,0.025545,13.223461,18.025726,6.657847,-8.030791,0.31243,13149.50002,0.493833,0,0.472925426,0.110502793,0.024265238,0.075209,0.134809,184.470557,2,0.017066,2.441848,0,41
0.496932463,-96.572629,35.180145,-2.125502234,0.119373,0.703253935,2.020316,1.649537,0.367516,16.924459,252,5,5,8,9,0,5,74,0,4.815278,0.042616,88.634783,19,-1052,0,498,347,155,1.689526096,5.416913,3.815032475,45.37823,1.784974,2771.035762,0.030536,1.996407,16.595187,3.06216,-9.704828,0.926986,5921.089378,0.417,0,0,0.677058824,0.265712435,6.481132,5.727317,13.490441,1,0.002578,0.564194,0,41
0.024635,112.386119,27.252713,0.731795615,2.07881,3.174432322,23.913241,4.67871,0.045682,11.503333,118,5,7,1,9,0,1,43,0,7.655897,0.029588,94.309783,44,-1419.665049,2.581553,301.343373,428.512048,269.843373,2.93863374,18.89002,2.206838108,9.086939,3.932929,4984.705634,0.027747,11.196588,17.783684,5.723406,-5.127496,0.902851,11849.61091,0.487082,0,0.825583838,0.126300366,0.039846465,0.071186,0,205.547476,2,0.028847,2.84884,0,0
0.765455,24.728666,44.992522,1.384606688,3.993255,2.411650148,11.152349,1.574338,0.403463,2.792797,324,3,1,102,10,0,2,22,0,5.948938,0.157649,118.62419,45,-1520,19,392.652174,345.84058,261.652174,4.5914799,98.6403,3.206873282,24.70173,7.633987,849.784235,0.029798,0.067385,9.048325,2.743828,-6.917051,0.466326,6405.875331,0.474237,0,0.259173996,0.089710807,0.480982225,0,4.628037,78.574479,1,0.003576,0.313822,0,45
0.166667,22.857291,45.690572,0.82871425,2.290372,3.036062659,20.823094,3.88139,0.066378,9.091575,289,8,1,8,10,0,2,22,0,17.938317,0.111375,101.831325,217,-1410,1,349.068323,325.757764,325.130435,5.709309837,301.6628,4.880595703,131.7091,16.422293,1042.884103,0.027414,0.156042,8.043484,4.283446,-5.404092,0.532344,8507.090101,0.50363,0,0.061749095,0.164699739,0.553144471,0,0.683498,19.903666,2,0.089612,0.942016,91.313453,0
0.016132,113.092666,28.731634,0.431047081,1.538868,2.646777098,14.108495,3.2083,0.097152,9.168096,55,3,15,1,9,0,1,43,0,5.764325,0.068509,95.593561,33,-1410,1,218.55814,493.174419,288.5,2.740149463,15.4893,2.309101813,10.06538,3.57754,4552.261878,0.027716,6.116901,17.593353,6.124451,-5.649452,0.68227,11316.54108,0.45762,0,0.776071949,0.081886792,0.095498298,5.415984,1.310614,499.349309,3,0.021543,1.852682,0,0
0.040409924,-80.334156,41.384773,-3.985723368,0.018579,-0.445751309,0.640343,1.325238,0.569393,34.465531,368,3,5,7,10,1,5,74,0,2.604001,-0.019139,85.374359,10,-1413,0,206,600,194,1.105749756,3.021489,5.09146108,162.6273,2.469083,1780.293362,0.027601,2.00235,9.184487,4.068692,-16.565839,0.684364,9774.356077,0.423049,0,0.41565032,0.99,0.230063966,0,8.826847,30.421212,1,0.014079,1.471762,0,0
0.248889,64.699643,39.866553,2.87047779,17.645447,3.961365455,52.529003,3.527588,0.080361,2.976915,229,6,10,114,8,0,1,46,1,3.843214,0.017549,111.892857,27,-1367.532857,11.475647,331.876963,374.732984,293.353403,3.718784798,41.21428,0.848306923,2.335689,0.969944,51.880023,0.04001,0.403178,16.430994,0.585161,-9.561741,1.68443,709.154436,0.181,0.618785714,0.018986411,0.043632623,0.007648281,6.157895,1.859282,7.749915,1,0.003481,0.016973,0,0
0.071794872,30.619565,-25.864709,1.872364173,6.503654,3.380379315,29.381914,3.250098,0.094669,4.517755,1054,9,7,56,16,0,3,12,0,5.67734,0.010345,104.948097,120,-1362.58419,10.052109,457,255.290909,287.809091,6.188124688,486.9321,4.315760489,74.87054,13.304945,2533.559434,0.019441,11.185658,14.631536,3.351924,-14.068543,0.281523,5230.238398,0.432519,0.000682498,0.019323737,0.130272835,0.208661122,0,0.240919,2.256662,3,0.006722,0.472672,0,31
0.073446181,-78.889482,37.273411,-2.739587309,0.064597,0.373617308,1.452981,1.612689,0.384502,22.493186,173,7,5,4,9,0,5,73,0,8.888007,0.10768,110.492228,37,-1650,12,332.714286,404.142857,262.380952,2.571336608,13.0833,5.310931473,202.5388,2.215144,2447.931794,0.024637,0.085392,14.020869,3.498995,-24.059003,0.59125,8237.643342,0.542,0,9.40E-05,0.958,0.444715405,0.139037,3.918766,14.304119,1,0.004315,0.854178,0,0
0.014974,111.73839,28.613024,0.285165408,1.329982,3.012128321,20.330624,4.97305,0.040435,15.286385,115,12,5,1,9,0,1,43,0,14.299758,0.165794,96.813043,95,-1575.322581,14.578629,285.71345,437.497076,276.748538,2.891937199,18.0282,2.606770975,13.55521,5.763796,4668.539189,0.026784,0.104667,16.605232,5.65219,-4.305244,0.578013,11493.13754,0.551309,0,0.226709866,0.290578035,0.450923913,0,0,340.419602,1,0.005791,1.89655,0,0
0.70210791,-94.763413,41.030299,-3.949621036,0.019262,-0.421486264,0.656071,1.333495,0.562364,34.059783,347,6,9,43,18,0,5,74,0,6.190656,0.03117,118.48369,26,-1413,0,113,498,389,0.489983324,1.632289,4.439586683,84.73991,1.996032,2419.536,0.033414,14.589901,10.246076,3.137905,-5.940239,0.531672,7212.420635,0.371095,0,0.045039683,1,0,6.770751,6.820633,0.556832,1,0.012561,0.563221,0,0
0.12,-64.575727,-32.228813,1.203671459,3.332329,3.399755109,29.956763,4.629307,0.046662,8.989737,563,8,7,51,15,0,6,64,0,4.367773,0.041038,97,47,-1410,1,370.764192,409.868996,219.39738,4.671457802,106.8534,3.467786299,32.06568,6.154944,2296.918778,0.020007,3.318859,15.035331,3.937058,-6.581059,0.592014,3853.28121,0.385595,0,0.073450221,0.183822894,0.107253823,0,0.284591,11.813726,1,0.002686,0.063992,0,34
0.243333,85.505968,23.450197,3.358037204,28.732739,5.002682098,148.811752,7.831479,0.016305,5.17917,583,8,9,44,15,0,1,45,0,3.686398,-0.013856,71.079953,56,-1410,1,319.642932,350.559162,329.972775,6.492479806,660.1584,3.134442359,22.97582,1.697986,4484.041778,0.024763,5.005686,23.168815,4.613267,-8.232026,0.797801,7400.422638,0.326058,0,0.849037849,0.088242655,0.002281544,0.286457,16.234618,1703.958073,3,0.018537,0.989039,0,36
0.031618,110.655168,27.487868,1.096751893,2.994424,3.69021983,40.053651,6.529509,0.023455,13.37608,1171,6,1,4,9,0,1,43,0,14.006454,0.077572,82.699451,108,-1410,1,419.295337,339.834197,240.787565,3.908269169,49.81266,2.811517325,16.63514,9.976755,5864.480496,0.028144,1.252611,13.998921,7.904004,-4.350455,0.552414,16084.93302,0.504174,0,0.542679309,0.416692913,0.02537391,0.00229,0,174.002881,1,0.080001,3.27502,0,32
0.029137,112.253962,26.706216,1.206219578,3.340831,4.074288987,58.808652,9.076304,0.012139,17.603,107,3,5,1,9,0,1,43,0,11.64809,0.071643,100.796241,88,-1520,19,267.427495,444.278719,288.224105,3.699645047,40.43295,2.493425263,12.10266,3.393778,4413.398177,0.031732,3.211999,18.24492,4.983234,-5.194444,0.798173,11877.98464,0.459371,0,0.954761002,0.037256236,0.033516692,0,0.00664,321.861405,2,0.004161,1.891958,0,34
0.243208,76.853474,10.844947,0.937829498,2.554431,2.849501672,17.279169,3.049797,0.107512,6.764392,194,8,7,65,4,0,1,45,0,3.982245,0.006374,109.752212,40,-1410,1,421.756579,272.105263,306.131579,4.694826229,109.3798,3.756997109,42.81965,14.163121,5480.821911,0.019905,2.379335,25.479411,2.955619,-10.10568,1.015122,7418.153639,0.509017,0,0.617826087,0.040291262,0.103310207,0,8.064663,1798.239866,1,0.005449,0.600022,0,33
0.88,-88.659342,35.731683,-1.533342987,0.215813,1.248158097,3.48392,2.115557,0.223435,16.143251,143,1,5,60,9,0,5,74,0,5.63818,0.014392,102.142012,36,-1413,0,190.2,597.6,212.2,0.795944715,2.216534,2.329288366,10.27063,1.694969,3621.927336,0.029681,0.086379,15.702975,4.160004,-24.921804,0.348953,9629.644654,0.511,0,0.336666667,0.266129032,0.433867925,0.562691,9.687552,52.996274,2,0.00966,1.632474,0,0
0.032241,19.196083,50.447204,1.048463953,2.853265,2.872671133,17.684192,2.953311,0.114652,6.197879,284,1,9,74,10,0,2,24,0,3.974851,0.069265,83.916139,20,-1071.474781,0.91288,342.818182,468.923077,188.461538,4.876847107,131.2163,3.828383102,45.98812,1.742693,661.377218,0.02466,0.074045,8.026786,2.696604,-3.56929,0.847518,8302.566867,0.412747,0.00198248,0.380475477,0.091470019,0.006187443,0.533365,17.230269,179.390977,2,0.002486,0.593631,0,0
0.92,26.923143,46.580638,0.692940159,1.999586,2.805647884,16.537787,3.299153,0.091875,8.270606,158,3,11,46,10,0,2,22,0,2.136575,0.013752,108.269231,13,-1520,19,235.337209,381.965116,382.534884,5.279383752,196.2489,4.586443634,98.14477,7.347132,668.672914,0.030034,0.376248,8.527301,2.366003,-6.704611,0.486343,5323.724507,0.421124,0,0.298227213,0.110489914,0.383464707,10.3,13.179631,418.301711,2,0.001582,0.140651,99.578418,40
0.20175,73.776196,18.19963,3.625893088,37.558251,5.240691967,188.800701,8.690525,0.013241,5.026877,611,2,7,42,4,0,1,45,0,10.21931,0.087623,108.6,84,-1250,9,310.55861,268.382377,421.003234,5.61711213,275.0938,1.991219022,7.324457,5.882353,5631.084914,0.02696,55.903571,23.274126,6.302582,-8.118517,0.880653,5748.352941,0.356,0,0,0,0,0,1.2184,175.45072,2,0.084157,1.01661,0,33
0.287414,96.36029,40.553689,3.300543439,27.127377,4.223737087,68.288207,3.698596,0.073101,2.517317,1304,1,16,121,8,0,1,48,1,1.940191,0.029214,121.735096,36,-1199.823794,0.240266,329.030769,465.843077,205.015385,8.783506264,6525.718,5.482962888,240.5584,2.069953,56.469873,0.036992,0,8.085219,0.284871,-6.226786,0.918556,405.130572,0.102646,0.833722517,0.057601357,0.189040733,0,4.762661,0.218699,10.344526,3,0.006882,0.036173,778.160593,30
6.348,74.038301,34.090002,-0.725166367,0.484244,2.566111374,13.015115,5.276073,0.035923,26.87716,1212,5,1,44,10,0,1,45,0,27.589792,0.394912,109.092823,167,-1210.185317,7.293656,336.227941,414.183824,249.735294,6.409616832,607.6608,7.134782479,1254.864,39.084376,1418.277216,0.02663,17.264902,7.472804,5.538105,-5.195441,0.342707,7706.631274,0.341837,0,0.174148693,0.591549296,0.064002411,0.135751,0.761212,251.359402,4,0.012012,1.773977,372.854168,35
2.301410542,-123.48546,39.111595,-4.172284482,0.015417,-0.452811465,0.635838,1.444586,0.479196,41.243024,92,3,1,3,13,0,5,77,0,8.209781,0.116216,99.587662,34,-1520,19,414.909091,366.454545,218.636364,0.502061733,1.652124,4.674355706,107.1635,12.044355,1426.296748,0.023505,0.494954,12.562613,3.256134,-23.943867,1.129693,7761.931452,0.648,0,0.016814516,1,0.025806452,0,0,4.606495,1,0.121934,1.51221,0,0
0.051631,111.698146,25.728738,3.693503746,40.1854,5.050053129,156.030754,6.943383,0.020742,3.882772,155,3,1,4,9,0,1,43,0,18.170422,0.001319,88.616667,371,-1397.27378,14.307527,332.693957,367.74204,299.541261,8.378024683,4350.407,4.684520962,108.2584,12.852563,5390.998073,0.027598,3.171024,17.361704,6.283913,-4.920909,0.397898,13322.47289,0.501758,0,0.521716651,0.204,0.182641713,0,0.709366,208.417227,5,0.010538,2.47399,1191.778442,38
6.688687036,-118.716141,46.372817,3.434989412,31.031084,4.888135545,132.705919,6.720273,0.022142,4.276548,132,3,1,51,6,0,5,78,0,17.088509,0.441127,84.857143,147,-1306.312631,20.768503,449.708525,380.428571,169.864055,6.519063066,677.9429,3.084073682,21.84722,5.847758,142.133148,0.031297,1.740446,12.34058,1.129123,-8.333008,1.614122,1835.345788,0.223572,0,0.283182148,0.07888825,0.13940207,0,0.688263,1.63317,6,0.252095,0.017633,909.980671,25
0.454464,-89.084942,37.715764,3.346473649,28.4024,5.007784033,149.57292,7.91718,0.015954,5.266207,123,3,13,60,9,0,5,74,0,4.657284,0.030353,96.518248,34,-1413,0,48.063636,762.949091,188.978182,5.806187126,332.3495,2.45971362,11.70146,0.930731,2834.467898,0.031398,1.883661,14.096442,3.668773,-16.614983,0.492258,8733.310046,0.446077,0,0.141311804,0.069312245,0.280675115,0,15.437729,85.775998,4,0.004764,1.060438,0,30
0.981206,-96.242899,32.736756,-1.718655858,0.179307,0.887807715,2.429797,1.6187,0.381652,13.551042,146,1,9,56,9,0,5,75,0,2.896477,0.03591,105.423077,17,-1300,22,244.4,462.2,294.2,3.119859586,22.6432,4.838515126,126.2817,0.891263,3228.43238,0.033983,2.677129,18.574651,3.382026,-7.32917,1.162116,6132.648278,0.418614,0,0.245691964,1,0.017554209,0,7.289137,11.553897,1,0.001226,0.395705,0,0
0.4,-97.687253,32.783982,1.466996774,4.336193,2.924731477,18.629223,2.523687,0.157011,4.296216,272,1,5,51,9,0,5,75,0,5.081438,0.047409,115.715067,36,-1184.835165,25.290424,407.694215,330.231405,262.07438,5.141093218,170.9025,3.674096472,39.41303,2.016792,2554.694868,0.033045,1.594306,18.367655,2.79116,-9.672784,1.280184,4448.731204,0.360083,0,0.01522361,0.13986711,0.014319467,0.279167,8.976597,36.609447,3,0.007772,0.272494,0,27
0.5625,-99.539476,39.764557,-3.816667372,0.022001,-0.055969474,0.945568,1.798334,0.309214,42.979165,645,1,5,53,9,0,5,74,0,3.510768,-0.002218,82.886768,16,-1194,0,148,531,321,1.225261386,3.405056,5.041946605,154.771,1.732558,1469.666667,0.031186,0.614356,11.906072,2.240713,-7.204866,0.42185,3554.151163,0.25,0,0.244302326,1,0,0.051644,0,0.232094,2,0.006577,0.053849,0,0
0.05259,109.446912,28.48181,1.92175401,6.832933,4.60506347,99.989329,10.790589,0.008588,14.633442,469,6,11,4,9,0,1,43,0,9.206919,0.055207,81.507138,71,-1188.720044,6.11132,201.515856,480.824524,317.600423,5.329908568,206.4191,3.408154458,30.20944,8.66685,4315.846794,0.031544,9.05087,14.795292,6.709992,-3.908621,0.780421,12178.79817,0.480186,0,0.743304809,0.124488889,0.013935637,0.019749,0.578274,339.686307,3,0.051922,2.200319,0,35
0.85,-95.389092,38.91644,3.503795756,33.241389,4.793696793,120.746921,5.907878,0.028651,3.632427,267,3,5,43,9,0,5,74,0,7.473726,0.117188,93,50,-1406.352941,1.294118,76.758448,574.806008,348.420526,6.585258825,724.3385,3.081463081,21.79026,1.860978,2462.467249,0.03233,0.386394,12.82575,3.258257,-7.047734,0.712179,6290.903213,0.390339,0,0.183249195,0.095494461,0.076754864,0,5.611567,14.721099,4,0.010743,0.512006,0,32
0.2,36.704533,56.703223,5.376702948,216.30792,6.300825368,545.021568,10.45376,0.009151,2.519656,120,5,9,105,19,0,2,28,1,3.862639,0.072156,106.890909,41,-1144.114872,3.005674,467.625422,364.931532,167.463924,10.34899547,31225.66,4.972292862,144.3575,1.174655,425.420993,0.03002,0.04384,4.699152,2.474135,-4.122632,0.777788,8993.234277,0.357002,0.00082859,0.228205314,0.057912579,0.422878035,0.181818,3.591376,33.97049,5,0.002177,0.666999,79.526019,27
0.148077,-64.537664,-31.830814,3.03405595,20.78135,4.294930172,73.327094,4.537563,0.048568,3.528505,765,9,5,51,15,0,6,64,1,6.52329,0.09433,92.52,108,-1355.786775,9.270445,374.824561,419.964912,205.361842,6.808665616,905.6615,3.774609573,43.58049,8.499179,1871.043289,0.020203,4.505492,13.235389,4.288422,-5.550865,0.613326,4089.581528,0.349275,0.038857859,0.084675224,0.114462403,0.081864581,0.008389,0.725185,20.77187,1,0.014166,0.116871,0,37
0.050667,-96.87299,37.354402,1.476189223,4.376237,3.216721586,24.946202,3.363947,0.088369,5.700378,384,5,9,42,9,0,5,74,0,3.27553,0.046644,113.578947,27,-1413,0,247.700599,479.898204,272.39521,4.575505508,97.0771,3.099316312,22.18278,1.242358,2318.845843,0.03683,0.896999,14.054519,3.066909,-8.16538,0.916137,5288.959595,0.322674,0,0.079131474,0.144309816,0.002186775,0,0.285247,1.900293,3,0.009259,0.498359,0,34
0.228933529,-84.509812,39.257669,-0.420089526,0.656988,2.750100689,15.644207,5.44465,0.033733,23.812023,206,6,9,60,9,0,5,74,0,6.300296,0.039678,99.438596,30,-1413,0,110.5,526.589041,362.910959,4.238880598,69.3302,4.658970635,105.5274,1.672038,2263.065289,0.031569,0.124082,12.301668,3.543178,-8.551628,0.626235,8839.516451,0.48025,0,0.028603357,0.361052632,0.11651223,1.948229,60.131988,1287.682294,2,0.03195,0.880003,0,29
0.451143,71.037409,21.345239,1.703819479,5.494895,3.318503145,27.618978,3.323709,0.090522,5.026298,194,2,11,98,5,0,1,45,0,2.794873,-0.004596,86.44556,40,-1250,9,439.696517,317.641791,242.522388,5.253571015,191.248,3.549751573,34.80467,1.148325,2989.675855,0.027821,6.831838,26.106903,2.155124,-9.974835,1.704415,2654.863178,0.277052,0,0.884357301,0.176298984,0.005775714,0,4.912868,129.649719,3,0.006596,0.213002,0,28
0.448776,76.537234,10.506493,1.059505489,2.884944,3.337876288,28.159261,4.676787,0.04572,9.760764,72,8,7,5,2,0,1,45,0,11.131181,0.104695,108.73516,55,-1410,1,466.550633,254.955696,278.506329,3.893452639,49.08005,2.833947192,17.01248,22.412008,6371.810881,0.02301,0.97826,23.557448,9.154382,-22.30998,0.225916,17121.45123,0.652361,0,0.060479959,0.228803419,0.608809565,0,0.973609,723.571589,1,0.001064,4.696578,0,24
0.517381,74.459975,18.720213,3.11936046,22.631901,4.45956642,86.450018,5.126248,0.038054,3.81983,546,2,9,56,5,0,1,45,0,3.979453,0.060818,109.489467,40,-1250,9,308.546816,296.792135,394.593633,7.065725228,1171.131,3.94636472,51.74691,2.442785,2619.732788,0.027301,16.482832,24.76784,2.314145,-9.643591,1.499703,2176.897962,0.285219,6.63E-05,0.958076246,0.11264727,6.99E-05,0,7.007171,211.738592,5,0.00733,0.117509,269.441155,28
0.020657,111.274166,29.012284,1.110367261,3.035473,3.567448837,35.4261,5.735948,0.030394,11.6707,101,3,7,4,9,0,1,43,0,9.717256,0.058216,82.133784,87,-1520,19,293.4,426.192,280.456,3.577628569,35.78857,2.467261044,11.79011,6.025593,4951.759073,0.029564,10.173117,16.541009,5.330305,-4.436388,0.921748,11062.5215,0.540685,0,0.335445773,0.180915842,0.389679043,0.053097,0,137.582803,3,0.036756,1.557079,0,37
0.354545,-78.840892,36.162255,0.623354882,1.865175,3.273803421,26.411603,5.455443,0.0336,14.160389,104,8,9,4,9,0,5,73,0,8.081934,0.114283,106.897059,71,-1410,1,359.570681,393.157068,247.287958,6.061502139,429.0194,5.438147133,230.0156,1.834398,2937.826972,0.023999,0.088848,14.95655,3.676882,-21.918565,0.469144,8144.245402,0.52576,0,0.015885447,0.132177122,0.534529042,0.384615,10.63467,44.740586,2,0.002139,0.818472,0,28
0.623288,-99.766373,32.134583,-2.369665509,0.093512,0.835019937,2.30486,2.126203,0.221203,24.647619,582,3,15,53,9,0,5,75,0,2.837455,0.004653,110.537124,12,-1520,19,292.677419,385,322.322581,1.037066618,2.82093,3.406727065,30.16635,0.701031,1730.196809,0.033749,0.543293,18.193911,2.119839,-8.324096,1.69876,2976.992268,0.27,0,0.260902062,0.653076923,0.08371134,0.006331,4.539848,8.917126,1,0.002604,0.040771,0,0
0.165497,117.749039,28.599145,0.949599388,2.584674,3.064794376,21.430055,3.760239,0.070724,8.291203,229,5,3,1,9,0,1,43,0,14.93771,0.066176,110.977876,178,-1410,1,290.960894,401.759777,307.223464,3.993182812,54.22721,3.043583426,20.98029,21.355713,6319.479232,0.025978,3.057999,17.02063,6.521215,-5.810239,0.798929,14590.88949,0.515041,0,0.497813456,0.109300292,0.007780095,0,0,120.54324,1,0.011057,3.739251,0,44
1.030555556,31.116177,-24.072932,0.159584177,1.173023,2.779036205,16.103493,4.194324,0.056843,13.728203,311,8,5,56,5,0,3,12,0,5.189601,0.049465,104.265278,91,-1354.474106,3.776295,611.243655,161.304569,227.558376,6.829054005,924.316,6.66946979,787.9777,2.685444,2272.360247,0.023039,2.450135,21.700056,1.583429,-8.452881,1.153508,3958.089906,0.325531,2.54E-05,0.001836869,0.66435283,0.009803486,0.058863,0.527947,1.79411,5,0.017557,0.242073,0,27
0.765257368,-99.530885,35.492775,-2.519026156,0.080538,0.787705259,2.198346,2.185193,0.209421,27.295649,588,1,5,53,9,0,5,74,0,4.145925,0.014045,105.692308,18,-1052,0,512.814815,290.444444,197.259259,2.144560519,8.538288,4.66358248,106.0152,2.390663,1628.093466,0.030574,1.871777,15.503715,2.140497,-7.840118,1.411952,3363.957412,0.275,0,0.271678952,1,0.003316953,0,0.843414,0.512676,1,0.006825,0.068487,0,0
0.017143,15.917524,49.731138,-0.853212652,0.426044,1.767734159,5.857566,2.53154,0.156038,13.748722,595,8,5,7,10,0,2,23,0,5.644657,0.057301,69.197292,30,-1410,1,329.686567,461.746269,208.402985,3.809625208,45.13352,4.662837026,105.9362,4.100738,596.631197,0.026686,0.030974,6.830172,2.718978,-3.974929,0.726363,7645.198278,0.465382,0,0.152801968,0.305454545,0.002476015,0.00871,7.53599,51.152274,2,0.008571,0.551787,0,0
0.081326,107.151474,30.714957,0.726790832,2.068432,3.690202154,40.052943,7.856134,0.016203,19.363918,371,1,5,34,15,0,1,43,0,8.610991,0.036714,89.531523,52,-1520,19,293.305476,438.795389,267.948127,3.376511511,29.26849,2.649720984,14.15009,10.706179,4975.865834,0.028488,20.196377,16.49466,5.437333,-3.508145,0.477559,11502.18588,0.537,0,0.589417402,0.197419355,0.101909206,0.054566,1.291679,475.781535,1,0.004247,1.454021,0,29
1.75,24.376586,45.086174,0.707451879,2.028815,2.809972834,16.609467,3.289497,0.092415,8.186782,225,5,7,46,10,0,2,22,0,3.11532,0.053188,92.737563,42,-1520,19,307.233333,309.5,384.1,3.909511655,49.87459,3.202059622,24.58311,8.178979,896.630725,0.031133,0.179405,9.604026,2.730733,-3.762195,0.441558,6488.01045,0.430123,0,0.173092345,0.107957958,0.388848117,0,23.553861,897.224441,4,0.017625,0.326886,17.178637,42
0.036988,111.401049,29.652154,0.384150218,1.468366,2.480507822,11.94733,2.781306,0.129271,8.136479,120,6,3,34,9,0,1,43,0,10.697215,-0.002644,78.984451,138,-1626.543002,13.263069,293.222222,448.566667,258.133333,3.451842333,31.55848,3.06769194,21.49224,13.669031,4358.733599,0.028884,0.498719,16.463459,5.531168,-4.486829,0.750954,10247.86123,0.499844,0,0.531118203,0.090603015,0.273113475,0.199375,1.168806,215.838637,2,0.036052,1.422949,0,33
0.049012,110.866113,26.742908,0.947051918,2.578098,3.437031823,31.094527,5.462976,0.033507,12.061032,473,6,5,4,9,0,1,43,0,7.918446,0.026132,82.844987,82,-1339.159245,12.085501,294.734884,404.069767,301.195349,4.112816402,61.11861,3.165764458,23.70686,5.334881,4802.325991,0.031096,3.852604,16.262784,5.658721,-4.112476,0.600785,12858.54906,0.458857,0,0.883407779,0.092046784,0.019843162,0,0,385.785187,3,0.047725,2.33494,0,28
0.325,-82.926226,40.817356,-2.249983155,0.105401,1.250755813,3.492982,3.03507,0.108558,33.139893,308,3,13,60,18,1,5,72,0,2.949565,0.019409,99.862069,14,-1577,0,137.533333,578.933333,283.533333,2.33107342,10.28898,4.581055654,97.61739,0.271636,1430.466582,0.034937,5.986373,10.025168,3.507296,-5.094392,1.192715,8596.952622,0.318277,0,0.987902716,0,0.012097284,0,16.685158,27.478424,1,0.003397,1.058143,0,29
0.47008547,-99.692117,37.134758,-3.264605677,0.038212,0.542742227,1.720719,2.483175,0.162176,45.031302,577,3,11,84,9,0,5,74,0,2.402976,0.010688,76.955221,12,-1052,0,328,441.391304,230.521739,2.406984747,11.10044,5.671600134,290.499,1.123921,1422.100742,0.031376,1.280961,14.539951,2.028923,-7.46118,1.037437,3131.236128,0.246469,0,0.055487053,0.5,0,0.017819,3.70E-05,0.112313,1,0.002246,0.022803,0,0
0.335,-97.419094,31.978463,4.643081562,103.863918,6.113517675,451.92565,12.509205,0.006391,4.351132,159,5,9,51,9,0,5,75,0,5.529505,0.022262,106.312217,86,-1461.087402,16.363176,293.251859,349.725836,357.052045,7.828139222,2510.254,3.185057994,24.16869,1.984012,2504.936414,0.031835,1.068064,18.997818,2.824126,-9.600697,1.363285,4366.486925,0.377311,0.003498987,0.060232648,0.177722592,0.003221148,0.958716,6.781848,31.943224,6,0.004366,0.275749,152.039413,43
0.032947,111.503811,29.374507,0.392658789,1.480913,2.969386193,19.479959,4.515629,0.049041,13.154018,92,3,11,1,9,0,1,43,0,5.910714,0.015018,81.251531,42,-1540.218978,10.59854,276.722689,438.957983,284.277311,2.102438816,8.18611,1.709779957,5.527745,5.859232,4355.230857,0.028054,47.961857,16.785432,5.274845,-4.832595,1.055213,10446.66728,0.4739,0,0.705191956,0.067333333,0.120466179,0.222866,0,136.85963,1,0.008067,1.370962,0,0
0.081457663,-82.70897,37.707651,1.375042546,3.955245,4.225878194,68.434576,9.706976,0.010613,17.302236,198,3,5,7,9,0,5,74,0,19.177832,0.094048,103.631619,102,-1108.588782,5.019973,374.248387,410.906452,214.787097,6.268771989,527.8288,4.893729124,133.4503,13.431219,2543.077249,0.026233,0.551799,13.005823,3.958652,-19.896927,0.684417,9588.515313,0.518067,0.026323024,0.001297242,0.12520339,0.850344032,0.024207,6.641172,17.267019,2,0.006717,1.232356,0,31
1.1265,-89.756769,39.10374,-1.808797801,0.163851,1.249394158,3.488229,2.430948,0.169219,21.289041,184,3,10,102,9,0,5,74,0,6.996699,0.126277,102.44382,26,-1413,0,151.128205,608.974359,239.897436,2.672170142,14.47134,4.480968621,88.32018,0.736648,2330.995329,0.035205,9.235877,12.664688,3.386186,-7.289434,0.499266,7616.013352,0.36358,0,0.702444751,0.101481481,0.20781768,0,10.58609,17.189941,2,0.007977,0.76309,0,26
0.103433,-78.831096,40.386381,-1.460242346,0.23218,1.370845642,3.93868,2.30586,0.188076,16.963876,462,3,1,7,10,0,5,74,0,18.376636,0.280821,76.398305,81,-1052,0,287.767442,483.186047,228.837209,3.408153796,30.20942,4.868394081,130.1118,5.885955,1579.465679,0.027322,1.034817,8.579734,4.02112,-12.417269,1.03862,10196.79485,0.466474,0.021549637,0.080664358,0.120588235,0.754572603,0.344828,11.584665,38.604988,1,0.088825,2.115804,0,0
0.028918,108.319762,41.58421,1.274736347,3.577758,2.567115625,13.028192,1.943004,0.264882,3.64144,1318,5,11,44,8,0,1,43,0,2.933971,0.001066,75.449711,21,-1400.391506,8.341739,426.666667,353.992063,219.325397,6.625663949,754.2048,5.350927843,210.8038,2.300767,216.07224,0.040472,0.461716,5.310538,0.792277,-4.744331,1.130437,1261.241131,0.057642,0.450275047,0.004325572,0.278333333,0,0.051755,0.017685,6.992371,1,0.004466,0.028487,0,0
0.028571429,31.438857,-28.768823,2.481149266,11.954996,4.209381015,67.31486,5.49201,0.033154,5.630689,218,9,1,29,9,0,3,12,0,12.158328,0.098008,105.547756,142,-1356.603684,15.436309,497.422269,205.092437,297.451681,7.145523369,1268.415,4.664373563,106.0991,11.615798,3129.908403,0.020273,21.846923,17.517503,3.372804,-10.789827,0.196061,5786.480424,0.476284,0,0.12362627,0.10087995,0.265635585,0,0.527729,56.128703,2,0.096546,0.310964,0,44
0.09828,110.758468,34.358747,1.47641976,4.377246,3.327385812,27.865401,3.757162,0.07084,6.365966,631,6,1,44,15,0,1,43,0,23.612488,0.232713,88.445299,183,-1261.92116,4.147099,308.189189,477.6139,214.324324,6.792545417,891.1791,5.31612585,203.5936,15.641537,1652.808654,0.028077,7.207041,10.053555,3.147073,-5.025675,0.427552,5347.890665,0.38107,0,0.352528142,0.16317817,0.279461525,0.500876,0.867021,54.20123,2,0.032229,0.525047,0,49
5.081967,117.82935,41.75072,1.963352991,7.123171,3.306440522,27.287822,2.884213,0.120211,3.830853,758,9,1,44,27,0,1,43,0,17.946931,0.138608,104.785515,336,-1256.246334,9.133594,484.040359,358.049327,157.726457,7.67217513,2147.748,5.708822088,301.5157,13.734985,650.453839,0.030338,2.957901,2.893945,2.179161,-8.77892,1.145893,3565.410819,0.308059,0,0.233119134,0.593342391,0.02787236,2.859532,0.796846,92.713514,2,0.168545,0.102524,0,35
0.203333,51.104357,35.976961,1.252641533,3.499575,2.91514892,18.45156,2.782406,0.129169,5.272515,1739,1,1,44,23,0,1,29,1,32.630263,0.084419,112.449078,367,-1326.165351,11.820939,345.310526,422.863158,231.794737,6.745132697,849.9119,5.492491322,242.8615,34.883984,563.181579,0.028657,0.074551,5.729596,1.886871,-3.387039,0.398644,1826.050445,0.094966,0.398364511,0.055970302,0.226467066,0.000101445,0.032128,4.562313,830.108832,1,0.012673,0.883201,0,39
0.422222222,26.136023,-25.52851,0.258620342,1.295142,2.401939176,11.044573,2.737696,0.133423,8.527692,1155,6,7,56,5,0,3,12,0,9.046708,0.131316,102.377358,95,-1520,19,638.763158,139.192982,222.131579,7.049551672,1152.342,6.790931308,889.7418,2.537762,1455.356034,0.02001,1.640101,17.68616,2.070495,-8.940225,1.285945,2745.847154,0.306465,0.000648459,0.022152484,0.191916168,0.054370438,0,0.940872,22.718368,1,0.00542,0.06457,0,0
1.277568,77.791512,30.619506,-0.733148678,0.480394,1.985343477,7.281548,2.963602,0.113857,15.157437,661,6,1,7,15,0,1,45,0,37.902419,0.400524,66.416447,225,-1520,19,366.825,399.575,233.3125,5.038652456,154.262,5.771800249,321.1153,33.296795,5555.925916,0.024626,11.389629,18.061634,6.048848,-7.479963,0.360386,9381.398617,0.438827,0,0.228111276,0.425680524,0.256583266,0.094572,1.059181,187.562697,1,0.112633,2.563022,856.065825,33
0.641025641,23.63808,48.379645,0.314761834,1.369933,2.419989124,11.245737,2.7104,0.136124,8.208969,508,5,1,7,19,0,2,22,0,19.001318,0.005625,102.598927,129,-1520,19,363.297872,404,232.648936,6.058081532,427.5544,5.743319804,312.0988,22.752685,1307.381991,0.029555,0.77821,4.830357,4.422338,-6.540999,0.343937,17541.54464,0.445148,0,0.100155953,0.132425532,0.215642506,0.000651,0.413071,50.091293,1,0.005724,1.823078,37.423046,28
1.132143,107.894634,40.01865,0.436274261,1.546933,2.157341494,8.648116,1.961466,0.259919,5.590493,1181,5,6,109,8,0,1,43,1,2.495926,0.029095,98.790909,16,-1052,0,360.309859,376.985915,262.985915,7.38640703,1613.897,6.950132543,1043.288,1.388582,303.375347,0.032299,0.326321,7.685825,0.90599,-5.670059,1.586993,1437.668441,0.083521,0.009339995,0.010519046,0.323991416,0,0.004098,0,2.690511,1,0.002027,0.021955,0,0
0.218573588,-95.799764,33.822158,-3.544605965,0.02888,0.265728599,1.304381,2.165204,0.213306,45.165126,142,3,9,4,9,0,5,74,0,2.742506,0.007517,107.692308,10,-1562.158192,10.237288,205.4375,558.875,236.5625,0.404184956,1.498081,3.948781652,51.87213,1.980952,3135.490385,0.029087,1.145563,17.712595,3.704856,-27.941036,0.749119,6978.471429,0.475,0,0,1,0.042238095,0.015625,0.862966,3.49084,1,0.00588,0.701534,0,0
0.064874,111.069324,28.156019,4.300972343,73.77149,6.526693692,683.135816,22.436641,0.001986,9.26016,156,5,1,4,9,0,1,43,0,19.132636,0.199837,85.134206,174,-1433.966923,19.404659,287.328254,441.85583,270.766086,8.248423677,3821.597,3.947451344,51.80317,16.576197,5026.248443,0.027383,10.861995,15.575413,5.929107,-3.822298,0.756387,12597.4322,0.523795,0,0.341705913,0.156555693,0.340126982,0.222007,0.505465,219.214849,6,0.104929,2.821217,3015.776431,35
0.793022,116.159876,40.648992,1.539764524,4.663492,3.506972521,33.347157,4.356104,0.052699,7.150683,590,6,1,37,6,0,1,43,0,18.797277,0.192128,87.124044,249,-1326.620631,23.059752,466.283898,347.800847,185.533898,7.838993341,2537.649,6.299228803,544.1521,14.756094,746.350443,0.029174,5.968,5.083585,2.250366,-10.05826,0.862828,3303.655543,0.273345,0,0.261225051,0.260380282,0.069464719,0,0.848486,65.154471,3,0.012379,0.125112,0,46
0.471,-94.610651,32.801165,4.302949228,73.917472,5.600825472,270.649729,8.88033,0.012681,3.661512,69,3,9,4,9,0,5,74,0,6.994905,0.095796,107.772727,46,-1400.944737,20.38475,453.404861,336.845833,209.686806,7.226926571,1375.987,2.923977377,18.61518,1.618711,3498.849552,0.026293,0.518387,18.368618,3.693962,-21.377275,0.599111,7239.325351,0.514057,0.000929407,0.014527786,0.10293722,0.236882363,0,8.811238,32.556859,4,0.006612,0.698604,0,42
0.244262,-64.470467,-31.373153,2.720286893,15.184678,3.895954353,49.202988,3.561917,0.078819,3.240305,641,1,7,44,15,0,6,64,1,6.978724,0.077625,95.692308,89,-1457.303754,12.718129,318.38403,402.475285,279.019011,6.816856793,913.1104,4.096569751,60.13366,8.578509,2040.537941,0.019388,1.747845,13.321608,4.009629,-5.521592,0.508292,4189.763899,0.330278,0.038759482,0.042938562,0.075579606,0.063751615,0,8.150252,64.971863,1,0.008315,0.111554,0,38
2.343627,-90.731519,40.50918,-0.05068085,0.950582,2.554706773,12.867526,3.723019,0.072146,13.536466,199,3,13,43,18,0,5,74,0,7.044237,0.131455,106.949133,36,-1413,0,32.806202,718.418605,249.023256,4.022733803,55.85359,4.073414209,58.75723,0.476925,2330.447802,0.034963,5.27155,11.078429,3.186656,-8.885489,0.533907,7521.266854,0.32135,0,0.864735366,0.19443662,0.050058418,6.092326,4.409696,6.398945,1,0.002196,0.746722,0,0
0.606,-0.88875,10.779,-2.1121631,0.120976,0.738269675,2.092312,1.696964,0.34726,17.295331,188,8,13,57,4,0,3,14,0,3.069999,0.020372,110.504566,12,-1410,1,617.571429,198.571429,183.857143,0.377914382,1.459238,2.49008157,12.06226,0.641618,4047.754717,0.020883,1.413344,28.182743,2.475234,-10.814771,0.635729,4379.820809,0.238,0,0.775722543,0.147142857,0.009075145,0,6.917394,296.297434,1,0.003511,0.290995,0,0
0.523232,-95.696407,31.776042,-2.619146865,0.072865,0.880379576,2.411815,2.52046,0.157413,33.099797,105,3,9,4,9,0,5,75,0,4.971026,0.036923,106.304348,21,-1520,19,565.46875,282.84375,151.6875,2.096532284,8.137901,4.715679723,111.6847,2.454709,3701.815718,0.027783,1.374012,19.203681,3.502209,-13.271221,0.852055,6466.993722,0.500044,0,0.031390135,0.35,0.019174888,0,16.207185,25.463799,1,0.003522,0.702667,0,0
0.354,-97.363754,30.698656,3.258502609,26.01056,5.075463873,160.046416,8.852505,0.01276,6.153132,153,1,13,99,9,0,5,75,0,2.818875,-0.007435,98.626184,36,-1313.381155,18.646687,215.705128,433.370192,351.081731,6.926444542,1018.865,3.667942038,39.17121,1.433928,2715.003795,0.03074,3.046135,19.612686,2.766356,-9.751182,1.235367,4589.845723,0.354579,0.005880599,0.398012117,0.093849858,0.008088719,0.084897,11.324537,75.432471,3,0.014777,0.285931,0,29
0.062,-65.787524,-19.578705,-2.258242902,0.104534,0.843787564,2.325157,2.028707,0.242975,22.243156,3712,9,3,44,6,0,6,64,0,7.577905,0.030415,109,57,-1520,19,436,296,268,-1.128268726,0.323593,1.12997658,3.095584,11.75,780.571429,0.018207,1.45605,6.46937,3.004358,-5.212954,0.642607,2127.45,0.1366,0.86,0,0.14,0,3.272727,42.011023,108.061629,2,0.084988,0.358205,0,0
0.277632,-89.031786,37.762485,-1.559358104,0.210271,1.427461496,4.168105,2.564152,0.152094,19.82251,133,3,13,102,9,0,5,74,0,3.2809,-0.001777,100.239336,19,-1413,0,49,727,224,1.429027408,4.174637,2.98838384,19.85357,0.626016,2882.044747,0.036568,14.801315,14.121523,3.63199,-10.789685,0.505398,8642.98374,0.435392,0,0.279674797,0.3559375,0.055463415,0.23389,44.329308,224.657279,1,0.001278,1.03269,0,0
0.092039,117.456713,43.080731,0.400175811,1.492087,2.647390087,14.117146,3.260205,0.094083,9.461345,985,5,3,44,27,0,1,42,0,6.569821,0.039663,86.613044,75,-1166.863636,0,543.237037,290.4,165.992593,5.549564681,257.1256,5.149388612,172.3261,10.072325,464.844855,0.02615,0.264832,1.049622,1.75231,-5.12299,2.186485,3236.524402,0.185309,0.064523486,0.127304104,0.283333333,0.003285051,0.11966,0.108626,16.336641,2,0.004755,0.204233,0,30
0.053333333,28.696292,-25.902841,2.055773782,7.812881,3.580991803,35.909138,3.624052,0.07614,4.596145,1433,3,5,56,16,0,3,12,0,4.161712,0.027297,101.594883,59,-1504.134295,16.167592,667.171756,114.442748,218.320611,6.991634924,1087.498,4.935861459,139.193,1.935532,1859.186794,0.022753,7.240511,15.809242,2.512734,-7.676838,0.667751,3713.917109,0.278831,0.006332678,0.334324048,0.118126233,0.084726698,0,7.748374,79.530983,3,0.004221,0.108453,0,62
0.030965,111.527518,28.663728,0.693623067,2.000952,3.31185879,27.436076,5.471403,0.033404,13.71151,128,12,1,4,9,0,1,43,0,13.929642,0.101644,97.70339,107,-1520,19,294.94717,414.456604,290.724528,3.779259318,43.7836,3.085636047,21.88138,14.692599,5000.250725,0.024857,0.059292,15.946041,6.040993,-4.219217,0.547511,11784.51257,0.581073,0,0.052936317,0.380693431,0.461846816,0,0,86.541427,1,0.003333,2.154993,0,30
0.181873,114.188493,36.663191,0.971449904,2.641772,2.750842669,15.655819,2.71721,0.135442,5.926257,173,3,13,6,6,0,1,43,0,4.437944,0.039598,103.532873,36,-1413,0,320.608247,456,223.391753,6.706219098,817.474,5.73476906,309.4415,9.308534,1509.055901,0.028197,10.858844,11.631382,2.36894,-5.308764,0.478434,4148.799956,0.222728,0,0.560287402,0.430025707,0.035035472,1.209408,8.727757,328.199192,3,0.007219,0.304705,0,21
0.881773,-97.776881,47.406016,-3.110469951,0.04458,0.393066563,1.481517,1.97939,0.255233,33.232718,400,1,10,17,19,1,5,71,0,1.982923,0.023879,118.998584,7,-1413,0,431,386,183,1.040247029,2.829916,4.150715286,63.47939,0.86653,773.65762,0.026693,2.21622,4.526745,2.143909,-4.413278,0.735874,4552.332649,0.274023,0,0.932238193,0,0,1.83125,0.09596,0.292143,1,0.002042,0.141887,0,0
2.55102,106.902917,40.18111,3.890018717,48.911802,4.656293521,105.245269,4.245128,0.05549,2.151736,1053,1,16,37,8,0,1,43,0,1.920335,0.001071,102.137255,28,-1186.488572,6.865143,381.711864,451.503259,166.78618,7.163244425,1291.093,3.273225743,26.39635,1.760213,218.157267,0.032293,0.059804,8.861499,0.634515,-5.690007,1.466516,901.583548,0.087791,0.293826087,0.042212515,0.488464223,0,0,0.348506,26.133707,6,0.000186,0.021083,506.603258,30
0.048148,26.058774,47.003933,3.253154693,25.871829,4.496682051,89.718954,4.975832,0.04039,3.467824,483,5,1,7,19,0,2,22,0,19.868988,0.031432,116.444444,432,-1380.941262,13.683048,342.777344,357.007812,300.193359,8.250695014,3830.287,4.997540598,148.0486,19.776157,757.320999,0.027735,0.477839,4.427601,3.220033,-4.202786,0.503634,9247.665444,0.478058,0,0.020682741,0.082584371,0.014395699,0,1.229937,22.560071,1,0.003435,1.173865,0,44
0.19,-114.119417,50.98488,1.394119167,4.031422,3.199901261,24.530108,3.446398,0.084192,6.084728,1072,5,5,19,19,1,5,71,0,7.524228,0.234562,68.114407,45,-1340.495696,0,327.984375,401.773438,270.171875,7.09807642,1209.638,5.703957126,300.0524,16.378513,272.086374,0.025319,1.588082,-0.264461,2.441226,-11.21453,1.143017,6117.127331,0.252083,0.162946415,0.171249799,0.235237449,0.064452609,0,9.37949,69.13482,3,0.05239,0.688457,5.539267,29
0.287000908,-97.404308,33.474135,-4.089177932,0.016753,0.072109476,1.074773,2.342443,0.182248,64.155132,255,6,5,51,9,0,5,75,0,3.878008,-0.019423,110.517316,13,-1300,22,325,359,315,0.781222158,2.18414,4.870417214,130.3753,1.26678,2848.49631,0.031956,1.518736,18.297934,3.080558,-8.054243,1.237775,5277.146359,0.332488,0.000197158,0.102135121,0.069360469,0.034132355,0.212022,22.77387,232.04411,1,0.009763,0.481065,0,0
0.011667,-74.858955,42.090498,3.089862576,21.974058,4.701920138,110.158489,6.629151,0.022755,5.013115,390,3,1,7,19,1,5,73,0,17.086913,0.252433,95.433619,119,-1413,0,372.396154,451.188462,176.474359,6.699398857,811.9176,3.609536148,36.94891,15.779611,1383.996685,0.02786,0.732392,6.436248,4.137353,-14.657365,0.928236,11801.67875,0.449009,0.000171827,0.039392416,0.102517422,0.836220342,0,2.733874,7.550004,3,0.097323,1.893506,11.646688,37
0.099206,11.816693,46.36021,-1.622715673,0.197362,0.887447949,2.428923,1.54233,0.420383,12.306953,2085,8,1,75,31,0,2,21,0,14.512576,0.017184,113.268293,79,-1250,9,378.088235,454,167.911765,0.809069375,2.245817,2.431786249,11.37919,19.907652,1095.281609,0.028846,4.254113,3.034126,5.34591,-7.121933,0.170426,14129.04222,0.278,0.060606061,0.627968338,0.350322581,0,0,6.291706,0.062148,1,0.089314,1.949471,0,0
0.184063,117.035482,28.450089,2.513816941,12.351987,4.417422591,82.882388,6.652562,0.022596,6.710045,48,3,11,1,9,0,1,43,0,4.694386,0.026023,72.466081,69,-1380.85265,13.54012,379.685524,356.873544,263.510815,3.597692462,36.51388,1.08387523,2.956113,4.054579,6584.440781,0.028238,10.854074,18.436241,6.988418,-5.271823,0.611848,13159.79698,0.512208,0,0.676016126,0.061677893,0.057217283,0.042553,0,146.217684,3,0.016319,2.320898,0,33
1.887,-77.189771,41.979189,1.478510441,4.386407,3.37206379,29.138601,3.924726,0.06492,6.642932,318,3,1,7,19,1,5,73,0,8.783334,-0.123656,100.634429,64,-1097.111077,0,278.310345,485.866995,235.807882,6.620241192,750.126,5.141730806,171.0115,9.132793,1029.577229,0.027513,0.282468,7.323197,3.456371,-16.80059,1.095044,9237.093831,0.446234,0,0.217378871,0.173607504,0.522384701,0.02621,4.685943,14.502891,3,0.04492,1.121788,0,44
0.545789,77.247682,8.441703,1.148563366,3.153659,3.648234397,38.406795,6.100927,0.026866,12.178489,75,8,7,65,4,0,1,45,0,9.333863,0.088972,105.660308,80,-1410,1,376.717391,295.916667,327.141304,3.300526961,27.12693,2.151963578,8.601732,11.622417,7163.973297,0.018281,0.022268,25.716118,5.148693,-8.468295,1.75717,8022.556669,0.640397,0,0.200281778,0.183626667,0.442617408,0.016397,3.103044,1596.294702,1,0.00385,1.097022,0,25
0.48626,-95.585089,33.718228,1.476960364,4.379613,3.04501446,21.010335,2.83211,0.124675,4.797304,145,3,13,56,9,0,5,74,0,5.022825,0.023464,113.95086,21,-1447.988879,15.34569,300.664179,431.843284,267.664179,4.707327778,110.7558,3.230367541,25.28895,0.904464,3298.760353,0.033349,2.13996,17.708332,3.699987,-10.928595,0.831246,7180.878532,0.425747,0,0.076951361,0.05439222,0.146979099,0.060494,10.209119,30.085697,2,0.001817,0.882299,0,31
0.06,127.392632,34.965102,1.660300784,5.260893,3.521832554,33.846397,4.162725,0.057709,6.433584,101,4,1,44,15,0,1,42,0,17.47026,0.276045,97.358148,76,-1410,1,362.843206,378.236934,258.972125,4.891691085,133.1786,3.23139039,25.31483,16.125753,5856.100479,0.027641,3.092378,12.127875,4.835555,-15.143007,0.627491,12352.45363,0.53834,0,0.216169853,0.168157543,0.327376677,0,7.841884,288.847926,1,0.005873,2.090461,0,29
0.051161716,-93.829396,35.263668,-2.169768956,0.114204,0.625163264,1.868551,1.559764,0.411038,16.361477,157,3,7,4,9,0,5,74,0,6.393633,0.024539,103.185326,34,-1520,19,322.363636,486.454545,191.090909,2.624998248,13.80455,4.794764399,120.8759,5.010665,3328.116803,0.027172,1.076879,16.058992,3.837462,-21.035339,0.429303,8100.53225,0.525858,0,0,0.296666667,0.031731844,0.041087,2.774343,15.63937,1,0.004547,1.094779,0,0
0.213333,24.279924,44.72252,2.503671729,12.227307,3.395047644,29.816074,2.40536,0.172838,2.438483,150,3,15,46,9,0,2,22,0,2.498297,0.014005,107.296849,30,-1520,19,261.146853,350.27972,388.594406,5.52745293,251.5025,3.023780712,20.56891,4.895192,851.323357,0.032315,0.078198,10.387657,2.744359,-4.275023,0.375419,5998.736708,0.394743,0,0.43047596,0.055192982,0.297436599,0,2.601649,58.59255,4,0.013186,0.230494,17.178637,42
0.133333333,-75.123351,6.785021,1.937861272,6.943884,4.096824003,60.148951,6.439051,0.024119,8.662147,869,13,1,48,1,0,6,61,0,16.018403,0.097259,107.684959,175,-1406.990107,1.218901,332.758684,299.535649,367.670932,7.551606643,1903.799,5.613745434,274.1692,19.224458,9056.876059,0.021753,64.2441,16.67679,9.141545,-11.664742,0.29452,17261.60784,0.640301,0.000193189,0.09021969,0.156581818,0.621731882,0.001245,18.135706,1628.68643,3,0.023554,5.55224,85.637138,29
0.156789755,-38.882382,-5.097473,4.147100851,63.250362,5.904534762,366.696585,13.006799,0.005911,5.797541,131,8,9,56,3,0,6,63,0,4.218303,0.012897,97.626794,71,-1401.56304,2.610692,636.446048,208.209222,155.401819,6.901419852,993.6846,2.754319094,15.71034,2.472143,2890.816976,0.024852,4.277679,27.070024,2.342771,-9.944478,3.006187,4228.395944,0.383839,0.001069959,0.081947875,0.604435614,0.11331107,0,1.432437,43.687389,4,0.003122,0.232651,0,62
4.984748011,-105.982871,35.977556,-3.142933821,0.043156,0.12278296,1.130639,1.535311,0.424236,26.198655,1809,13,5,115,6,0,5,75,0,4.109769,0.034045,103.782464,27,-1104.564417,20.981595,615.133333,218.266667,167.466667,-1.140625618,0.319619,2.002299259,7.406065,6.5,395.205128,0.028142,3.618076,10.357628,1.344509,-5.286345,0.593821,1484.282609,0.128,0,0,0.86,0.146086957,0,5.622435,0.022478,1,0.047898,0.00696,0,0
0.7,-96.155011,46.218393,1.068012521,2.909591,3.414537242,30.402877,5.027983,0.039556,10.449193,324,9,9,17,19,1,5,71,0,3.817004,0.042919,111.431579,33,-1413,0,364.528662,346.152866,289.458599,3.50632317,33.32551,2.438311076,11.45368,0.941187,937.036689,0.028574,2.600115,5.743941,2.386563,-4.785822,0.20483,5455.453395,0.316268,0,0.82198895,0.129576613,0.012985208,0,8.395596,2.985811,5,0.002072,0.241227,0,24
0.133636,82.626979,22.699238,4.639843257,103.528119,5.972982257,392.674984,10.886772,0.008437,3.792931,348,3,5,57,4,0,1,45,0,8.698112,0.173693,100.915254,90,-1515.636338,18.285946,190.768352,375.852637,433.438282,8.673745385,5847.359,4.033902351,56.48089,4.29611,4293.744119,0.027678,6.786422,24.105494,4.383737,-8.678482,0.616253,6687.850073,0.378096,0,0.530381108,0.141536,0.084677994,0,1.140621,143.538206,4,0.011077,1.120429,199.988334,37
0.412195,70.034912,41.634633,3.257360383,25.980867,3.953287513,52.106386,2.883761,0.120249,2.005568,863,5,3,44,23,0,1,46,1,9.268102,0.074454,87.435967,83,-1584.79307,13.959714,334.121891,377.427861,288.425373,9.20858383,9982.45,5.951223373,384.2231,33.098248,315.157333,0.030675,12.185386,-0.021168,3.237753,-2.306049,0.368784,5835.799749,0.205492,0.148875859,0.194607915,0.056450976,0.003031462,0,0.121472,71.639349,2,0.044742,1.451836,235.012093,43
0.394309,-85.791383,38.66267,-0.907873754,0.403381,1.840795,6.301546,2.798883,0.127653,15.62184,176,3,9,34,9,0,5,74,0,4.733107,0.003587,104.576642,29,-1413,0,109.060606,599.045455,291.848485,2.098667532,8.155296,3.006542631,20.21738,1.216283,2511.705349,0.030217,1.087282,12.951939,3.73208,-24.22973,0.575274,8938.104441,0.45947,0,0.255616776,0.313333333,0.288840461,2.174242,15.096696,37.839491,1,0.007657,1.328821,0,0
1.196187552,-87.878395,39.356941,-3.784245635,0.022726,-0.370713018,0.690242,1.291612,0.599426,30.371968,186,3,13,102,9,1,5,74,0,1.977413,-0.004852,107.253129,7,-1413,0,177.454545,540.454545,282.090909,0.453151807,1.573263,4.237385471,69.22662,0.291139,2302.577586,0.038343,11.120179,12.274396,3.542395,-6.702161,0.577823,8589.168776,0.343,0,0.991434599,0,0.008565401,0.034505,10.3225,4.970155,1,0.006395,0.971287,0,0
0.848608,115.607379,24.692815,1.833529334,6.255927,4.543790191,94.04658,10.606992,0.008888,15.033197,209,3,7,44,9,0,1,43,0,12.77429,0.066103,74.436231,127,-1441.135263,6.094861,400.568946,344.465817,254.986095,5.802721517,331.1997,3.969192253,52.94175,11.666125,5507.112854,0.023425,11.643136,18.776629,5.843301,-9.682559,0.315104,12697.46186,0.531832,0,0.416276561,0.116768061,0.372897998,0.295007,0.115539,128.125396,3,0.071628,2.639767,45.423467,36
0.105714,-102.291212,47.769984,7.290142187,1465.779097,7.929634253,2778.410423,20.471855,0.002386,1.895518,557,1,16,82,19,1,5,74,0,6.869963,0.074423,96.002891,116,-1308.402933,16.865067,325.272484,403.41277,271.356279,11.53030162,101752.8,4.240159453,69.41892,3.077527,444.250797,0.03156,1.005107,6.568792,1.548961,-5.31262,0.849928,2502.456277,0.184458,0.002878635,0.226819892,0.140211178,0.015022121,0.00084,1.464985,0.965522,8,0.020717,0.046301,15536.64981,38
0.689048,77.319706,8.45715,2.465568959,11.770177,4.46341499,86.783368,7.135757,0.019639,7.373158,82,8,7,65,4,0,1,45,0,9.796899,0.055353,108.426413,95,-1410,1,367.504,286.637333,345.653333,4.72082919,112.2613,2.255259915,9.537772,20.570542,6656.264791,0.021078,0.096763,23.872924,5.159113,-8.834145,1.234228,8880.050306,0.661478,0,0.084292307,0.172233357,0.398912928,0.085509,1.508995,1223.745517,2,0.103045,1.710793,0,25
0.232848,-88.94646,38.646153,-1.420471813,0.2416,1.719502885,5.581753,3.203444,0.097446,23.103281,166,3,16,102,9,0,5,74,0,3.297495,0.017343,100.883162,15,-1413,0,151.333333,604.705882,244.27451,2.577634711,13.16596,3.998106569,54.49487,0.403259,2531.607996,0.037238,8.654212,13.414211,3.502376,-8.093082,0.519994,8125.420061,0.402738,0,0.883940937,0.481388889,0.043406314,0.118056,18.489736,45.884149,1,0.002426,0.888926,0,0
0.012984,113.608173,27.212304,2.573411071,13.110469,4.426687655,83.653867,6.517364,0.023543,6.380692,158,6,1,1,9,0,1,43,0,16.062132,0.066556,91.318438,147,-1425.990572,15.405522,304.890656,403.365805,291.735586,6.386941944,594.0372,3.813530848,45.31014,16.820543,5273.380111,0.024603,0.497098,17.011099,6.762271,-5.545173,0.401131,13880.78507,0.564675,0,0.14682972,0.211246377,0.404583906,0.722442,0.38871,105.796448,1,0.054897,2.704841,0,28
2.733333333,26.866218,-29.884938,1.242750727,3.465132,2.677488858,14.548514,2.204722,0.205728,4.198545,1404,3,3,106,6,0,3,12,0,3.779998,0.051142,104.812585,34,-1402.334278,20.604533,593.525424,192.110169,214.211864,8.480660111,4820.631,7.237909024,1391.182,6.430865,1272.676483,0.019802,8.619557,13.913048,2.946147,-7.127667,0.976925,3732.144347,0.243657,0.000420104,0.573697725,0.226610169,0.023927263,0,1.328781,103.249572,5,0.011828,0.162359,0,34
1.093849081,-99.512117,35.509755,-3.605126714,0.027184,-0.098808692,0.905916,1.549968,0.41625,33.324784,585,1,5,53,9,0,5,74,0,3.426714,-0.01105,107,14,-1052,0,488.3,306.9,204.6,0.537817639,1.712266,4.14292788,62.98697,2.416327,1605.9375,0.029833,2.325289,15.44011,2.14317,-7.819485,1.44842,3353.208163,0.276306,0,0.08,0.51,0,0,0,0.017444,1,0.010206,0.074426,0,0
0.248387,77.690828,10.262103,-0.806983515,0.446202,1.003042942,2.726566,1.151451,0.754239,6.110614,321,9,3,56,4,0,1,45,0,7.070941,0.029412,98.204521,52,-1410,1,400.638889,278.416667,321.083333,4.021499818,55.78471,4.828484123,125.0213,25.152658,6518.112519,0.018749,1.567182,23.489603,6.421424,-21.297872,0.250973,5493.012116,0.635897,0,0.072457974,0.208909091,0.380555808,0.00351,1.94325,224.564193,1,0.050103,0.904896,0,0
0.017166,111.503169,29.796692,3.011426177,20.316354,4.25234589,70.270065,4.397872,0.051703,3.458793,69,1,7,1,9,0,1,43,0,7.852244,0.032774,74.034838,64,-1524.811753,18.648457,287.522686,419.466425,293.005445,5.908749292,368.2453,2.897323097,18.12556,8.477201,4097.519518,0.030001,3.96233,16.191389,5.148968,-4.593798,0.726319,9949.920092,0.487668,0,0.665270877,0.092821546,0.18703876,0.109411,0.339413,233.387544,4,0.018674,1.522172,0,32
0.640740741,29.879929,-27.076936,-0.432134598,0.649122,1.493015326,4.450495,1.558262,0.411831,6.856182,1638,3,5,98,16,0,3,12,0,3.89667,0.048896,110.413702,21,-1546.747967,11.22561,488.117647,207.647059,304.137255,4.757446539,116.4482,5.189581717,179.3935,2.969556,1752.182323,0.024866,9.561943,14.015192,2.908507,-7.05265,0.616438,4329.228135,0.30301,0,0.051458566,0.14952381,0.099263828,0,1.211658,6.003729,2,0.001791,0.247612,0,0
1.106667,-5.296303,35.644182,-2.757786813,0.063432,0.566852398,1.76271,1.97434,0.256541,27.789005,-2,6,15,56,12,0,3,15,0,2.574719,0.007444,110.630642,23,-1421.346447,14.527919,329.130435,342.565217,328.521739,3.860030519,47.4668,6.617818533,748.3109,4.181097,1006.969982,0.028592,5.232289,16.7901,2.115135,-10.435404,0.27268,4033.09437,0.328369,0,0.6590269,0.36,0.110618845,0.064781,27.792912,629.242751,1,0.000491,0.568261,0,36
0.010638298,30.290387,-29.169642,0.699252505,2.012248,2.609579011,13.593327,2.703212,0.136848,6.755294,1304,2,1,60,10,0,3,12,0,6.333752,0.062852,113.164417,70,-1650,12,479.907895,186.342105,333.855263,4.352320365,77.65845,3.653067803,38.59288,7.990541,1914.65271,0.018584,3.06315,14.414686,2.840018,-8.63172,0.26387,5687.758324,0.448195,0,0.204026638,0.148246269,0.198701863,0.040661,0.005851,11.013371,3,0.133167,0.451818,0,0
0.540541,44.478198,40.160392,-0.723996155,0.484811,1.671963409,5.322608,2.156421,0.215047,10.978739,909,10,8,51,18,0,1,28,1,8.100623,0.129723,121.444444,45,-1250,9,320.6,431.314286,248.085714,6.000476567,403.6211,6.724473822,832.5338,6.929396,302.651996,0.033305,0.903422,8.483714,1.500003,-4.425505,0.480112,3224.984178,0.257738,0.013895097,0.613252901,0.129726027,0.000218093,0,15.63949,1479.631837,4,0.007447,0.208495,0,32
0.058958,18.498095,50.137627,1.648749391,5.200472,3.141034838,23.127788,2.860934,0.122176,4.447248,216,1,5,74,10,0,2,24,0,5.186467,0.087598,77.709238,28,-1099.720812,3.494289,382.969697,418.333333,198.606061,5.673317769,290.9984,4.024568348,55.95615,1.815261,778.097926,0.026768,0.128591,8.38051,2.715359,-3.467519,0.848673,8260.4405,0.40813,0,0.260959765,0.069820106,0.008697529,0.191292,33.526698,806.749463,2,0.001602,0.750613,0,41
0.013663,112.424399,28.397583,1.145808803,3.144984,3.484341613,32.600956,5.185805,0.037185,10.366018,73,6,5,1,9,0,1,43,0,11.770238,0.065176,62.5,89,-1520,19,223.366412,484.687023,291.633588,3.428491161,30.83009,2.282682341,9.80294,6.774865,4714.977515,0.027801,2.25383,17.24866,5.743752,-5.334444,0.772188,11547.73714,0.494975,0,0.471398824,0.244696262,0.244845664,0,0.861415,445.062474,2,0.103831,1.97561,0,34
0.27551,-98.39187,39.487331,4.058697747,57.898863,5.155790458,173.432844,6.42971,0.024189,2.995445,444,5,15,53,9,0,5,74,0,2.679097,0.007557,105.735294,31,-1410.035168,0.577224,189.676179,499.137717,311.129032,8.378169486,4351.037,4.319471878,75.14893,1.46515,1523.592933,0.032362,4.081024,12.169883,2.387156,-7.149562,0.501348,3872.861009,0.269297,0,0.600762758,0.179757742,0.001373679,0,0.751342,2.628931,5,0.008544,0.080411,0,40
0.378348,-89.047505,38.043058,-1.574799799,0.207049,1.280569335,3.598688,2.231019,0.200906,17.380891,135,3,13,102,9,0,5,74,0,2.872626,0.008092,98.539877,13,-1413,0,81.083333,715.944444,202.888889,1.959041554,7.092526,3.533843341,34.25537,0.648236,2645.848075,0.03842,14.952526,14.065168,3.530128,-7.855586,0.538538,8354.747378,0.425,0,0.431000953,0.3375,0.026606292,5.227273,8.204911,14.086465,1,0.001625,0.819199,0,0
0.261836442,-97.917674,34.736329,-2.36472649,0.093975,0.601711485,1.82524,1.679608,0.354474,19.422532,388,3,9,53,9,0,5,74,0,4.017717,0.012587,106.953112,14,-1052,0,338.555556,398.555556,262.62963,1.709519238,5.526304,4.07424151,58.80586,1.619413,2504.573472,0.032216,2.16632,16.748056,2.742442,-9.483181,1.040528,4668.782886,0.34551,0,0.011494253,0.905714286,0.009118774,0.006674,2.931998,3.650774,1,0.009298,0.269619,0,0
0.678571,-94.519291,39.441933,3.366959291,28.990242,5.397878489,220.937198,11.575453,0.007463,7.621088,260,5,9,43,9,0,5,74,0,5.324834,0.048353,100.5625,38,-1413,0,77.163623,593.582192,329.388889,6.262120685,524.3297,2.89516138,18.08642,1.27027,2880.314286,0.033213,1.293184,12.32721,3.29479,-6.939766,0.498598,6834.378378,0.388,0,0.052972973,0.113850011,0,2.5,6.581913,7.521236,3,0.021353,0.969666,0,45
2.086957,26.198666,46.922568,0.190722834,1.210124,2.740343449,15.492305,3.972795,0.063359,12.802247,359,5,1,7,19,0,2,22,0,6.539938,0.025938,92.402358,71,-1520,19,300.099174,368.834711,331.140496,7.01057537,1108.292,6.819852596,915.85,21.173751,690.390268,0.027672,0.779429,4.785621,2.779205,-4.138858,0.561891,7058.985349,0.517746,5.89E-05,0.018434295,0.121477833,0.072664726,0.002597,1.401245,26.127793,1,0.003435,0.814391,0,46
0.034508198,-113.32324,46.556518,-0.435752165,0.646778,1.687429533,5.405568,1.89609,0.278152,8.357693,1433,6,1,53,19,0,5,78,0,15.380643,0.204202,62.421053,90,-1067.240223,1.351955,363.350877,438.491228,198.052632,5.224985093,185.8584,5.660738221,287.3607,15.101281,170.881864,0.028201,0.164717,2.707374,2.529539,-13.042739,0.92055,3530.191182,0.302562,0.099940014,0.025164192,0.341284404,0.009954859,0,0,0.063245,1,0.062202,0.354681,0,0
0.4329,112.003562,37.525028,1.56335523,4.774815,3.20530524,24.663027,3.183928,0.098645,5.165232,822,3,1,37,6,0,1,43,0,18.94907,0.135979,89.082011,220,-1289.072275,8.920459,419.312195,423.043902,157.4,6.917116327,1009.405,5.353761061,211.4019,16.42821,1005.293408,0.027771,3.201247,7.257843,2.675224,-6.041963,0.903276,3903.957196,0.387896,0,0.097691675,0.531301273,0.071548298,0.002699,1.426397,87.657697,1,0.137612,0.144851,0,42
0.362582,113.671456,40.985601,0.962270474,2.617633,2.808260477,16.58105,2.891031,0.119645,6.334367,1274,9,11,44,6,0,1,43,0,3.86648,0.041835,80.05157,31,-1355.606984,11.679047,440.613924,363.139241,196.094937,6.967762298,1061.844,6.005491458,405.6503,5.207069,474.802016,0.029279,0.510001,3.793579,1.737312,-4.649369,1.51086,2538.130609,0.16761,0,0.350207491,0.947810219,0,0.00915,0.360424,44.859003,1,0.002705,0.080186,0,0
0.090562,17.03097,49.468,-0.650114511,0.521986,1.641904135,5.164995,2.016673,0.245883,9.894893,272,1,5,7,10,0,2,22,0,10.210903,0.129933,99.329536,60,-1538.070856,0.990642,162.388889,592.333333,245.277778,2.537642986,12.64982,3.187757844,24.23403,4.83451,511.546919,0.028733,0.027074,8.20609,2.384136,-4.397955,0.412705,6386.560018,0.353477,0,0.617965578,0.142391304,0,0.401036,10.046496,127.010968,3,0.079546,0.354468,0,0
0.483951,-89.085427,38.541415,0.893250943,2.443059,2.994195543,19.969289,3.604049,0.076987,8.173886,145,6,13,102,9,0,5,74,0,4.254913,0.033014,100.199074,24,-1413,0,170.797546,612.509202,216.429448,4.830330901,125.2524,3.937080039,51.26868,0.725459,2466.098108,0.034833,13.789708,13.549584,3.554353,-8.132595,0.521415,8183.980796,0.393235,0,0.550053106,0.172742382,0.141806673,0,10.242189,27.909973,1,0.005594,0.795178,0,28
0.064651275,-86.553722,36.086356,4.020930324,55.75295,5.76653339,319.428477,12.067985,0.006866,5.729356,149,5,11,56,9,0,5,74,0,4.831396,0.064701,88.522388,65,-1180,6,210.041363,524.81103,265.153285,7.740387407,2299.363,3.719457155,41.242,2.733952,3490.12341,0.027091,1.624461,14.980745,4.260779,-20.585263,0.493222,10073.28935,0.498906,0.000433789,0.033545746,0.066592777,0.178945482,0,19.077376,148.46294,2,0.002935,1.462167,0,32
0.292857143,26.689741,-25.514411,0.418321443,1.519409,2.68182114,14.611679,3.343935,0.08943,9.616686,1182,3,5,56,5,0,3,12,0,9.778547,0.148008,71.675676,82,-1541.818796,14.208249,664.845455,149.836364,185.227273,5.414067226,224.543,4.995745658,147.7831,5.815894,1713.650452,0.019718,4.644668,17.898898,2.080781,-8.356108,0.52034,3128.176935,0.32062,0,0.034192725,0.16705,0.050975004,0,2.11229,53.952707,1,0.003251,0.122508,0,0
0.095376,109.66616,27.889158,1.537574066,4.653288,4.097349493,60.180567,7.869939,0.016146,12.932912,183,3,5,4,9,0,1,43,0,19.811196,0.140313,98.578571,139,-1506.017992,18.465394,371.350093,366.945996,261.865922,5.144944717,171.562,3.607370547,36.86898,11.299398,4457.621762,0.027718,3.490521,16.184816,7.095075,-4.230529,0.908468,11353.61415,0.545741,0,0.330313689,0.222450331,0.237707283,0,0.307246,178.095293,2,0.054326,1.728759,0,31
0.071571,113.305425,27.167364,0.227673277,1.255675,2.862116249,17.498519,4.405119,0.051533,13.935542,120,3,5,1,9,0,1,43,0,9.419169,0.071404,97.528827,81,-1454.753004,20.933244,285.510067,409.919463,304.469799,4.024536716,55.95438,3.796863525,44.5612,9.444126,5350.08545,0.026583,0.685584,17.889091,6.024001,-5.241298,0.559878,12598.92714,0.54788,0,0.388875699,0.180924855,0.312048028,17.992941,0,206.319226,1,0.062154,2.584744,0,37
0.033622,112.883292,25.705743,0.452669253,1.572504,2.622328538,13.767745,3.097148,0.10425,8.7553,295,6,3,4,9,0,1,43,0,11.871306,0.036952,100.915958,81,-1180,6,340.333333,350.153846,309.74359,2.945071411,19.01202,2.492401824,12.09028,12.053317,5037.188874,0.027326,4.154989,16.959586,5.659803,-5.637081,0.234006,12838.92511,0.499023,0,0.375978836,0.264292683,0.206072446,0.054129,1.493693,101.509182,1,0.021322,2.428019,0,0
0.794067107,-91.433634,43.638908,-3.516709248,0.029697,0.127134728,1.13557,1.858879,0.2894,38.238257,276,5,5,43,18,0,5,74,0,18.110223,0.229553,114.994975,70,-1413,0,132.8,647.2,220,1.943458861,6.982862,5.460160668,235.1352,3.134342,1583.177679,0.030508,0.145578,7.755889,3.025621,-5.980825,0.576084,8105.626335,0.385155,0,0.661770463,0.476,0.126183274,0,5.299789,5.132382,1,0.034082,0.714661,0,0
0.189189189,-88.421183,35.682308,1.197166897,3.310724,3.356944927,28.701372,4.449756,0.050504,8.669212,140,1,13,1,9,0,5,74,0,5.69653,0.06526,114.606838,32,-1413,0,146.326923,613.475962,240.269231,3.707106085,40.73575,2.509939042,12.30418,1.746662,3583.577637,0.028191,1.783953,15.614544,4.240947,-22.419242,0.343814,9497.903287,0.489105,0,0.138858268,0.104707113,0.367502568,0,23.031597,56.171209,1,0.000978,1.500694,0,25
0.105747126,22.413368,-33.652754,-0.153668796,0.857556,1.947384205,7.010326,2.135512,0.219278,8.174774,355,3,5,109,6,0,3,12,0,12.186514,0.173872,88.053333,79,-1345.624321,21.37785,626.432432,146.283784,227.27027,6.794709978,893.1102,6.948378854,1041.46,11.827064,748.513925,0.015904,1.012218,14.780904,1.686939,-5.803879,0.286278,2727.405292,0.242704,0,0.079071471,0.182580645,0.039778103,0,0.010174,2.444244,4,0.004307,0.208425,0,34
0.250357,76.396289,10.534593,2.247000393,9.459319,4.767363012,117.6087,10.787097,0.008594,12.433104,72,9,7,5,2,0,1,45,0,11.52699,0.06726,110.72973,103,-1410,1,453.117299,244.682464,302.158768,4.671291204,106.8356,2.42429109,11.29422,11.938606,6335.921338,0.024671,4.953343,25.454583,8.908365,-15.90664,0.340008,17720.49392,0.630016,0,0.025007901,0.216885537,0.658347029,0.162879,2.261346,1259.036948,1,0.001986,4.80587,0,23
1.615789,-80.750701,34.702628,-1.497905482,0.223598,1.252436915,3.498859,2.087311,0.229523,15.64796,144,8,9,4,9,0,5,73,0,4.342659,0.056072,108.069705,18,-1410,1,489.307692,333.307692,177.384615,2.138308738,8.485075,3.636212322,37.94783,1.84609,3387.471294,0.024259,1.295771,16.35811,3.658881,-17.777586,0.229402,7902.746256,0.5148,0,0.013660566,0.407419355,0.326381032,0.234973,28.084331,96.066846,3,0.001909,0.642011,0,0
1.185345,109.064318,36.91047,1.946273512,7.002544,4.301679602,73.823684,7.869785,0.016146,10.54241,1174,1,1,12,6,0,1,43,0,22.304374,0.211955,114.487883,130,-1474.524398,15.882278,416.517941,412.926677,170.517941,6.681603457,797.597,4.73532965,113.901,12.233651,790.296403,0.02657,3.228978,8.226101,2.107244,-4.887816,0.659851,3293.641155,0.219105,0,0.328139075,0.39684262,0,4.447165,9.045717,26.833297,2,0.075498,0.206809,0,32
0.703846154,25.042934,-33.860755,-0.930080373,0.394522,2.085244298,8.046557,3.613843,0.07657,20.395688,34,3,5,56,10,0,3,12,0,12.122432,0.08801,95.956522,70,-1520,19,539.755814,240.162791,220.162791,4.89841277,134.0768,5.828491985,339.8458,10.644894,1179.719157,0.014958,0.367803,17.169721,1.689649,-12.01297,0.613333,3609.61,0.548842,0,0.023554255,0.292142857,0.341478191,0.705882,1.374579,5.669543,3,0.019119,0.092988,0,0
0.10725,115.98708,41.800358,0.746986007,2.110629,2.125179314,8.374399,1.626083,0.378194,3.967727,1392,1,11,51,27,0,1,43,0,4.299485,0.034274,101.330905,35,-1060.935385,0.406154,565.285714,274.261905,160.380952,5.809668952,333.5087,5.062683004,158.0139,6.459225,525.65079,0.031649,3.457392,1.533329,1.902207,-4.776367,1.951336,3567.442796,0.209593,0,0.092864417,0.244316109,0.000165443,0.041653,0.032894,32.757263,1,0.00191,0.118116,0,39
0.043673,79.900957,17.219762,2.497130138,12.147582,3.560451502,35.179077,2.847309,0.123348,2.895974,132,8,13,56,4,0,1,45,0,2.245658,0.02229,79.97392,19,-1410,1,381.523622,363.220472,255.133858,6.771186937,872.3467,4.274057024,71.81239,0.89932,4450.822246,0.028296,3.555233,27.496992,3.204642,-9.73232,0.756149,4336.159625,0.351236,0,0.981875517,0.08891129,4.31E-05,0.023727,3.992096,259.500262,4,0.003574,0.277895,0,33
0.477277,104.336353,23.575155,0.147767206,1.159243,2.481152696,11.955037,3.132267,0.101925,10.312799,1536,6,5,1,15,0,1,43,1,5.35918,0.025926,98.071813,48,-1469.30605,19.691281,247.950495,405.128713,347.009901,2.466465995,11.78074,2.318698571,10.16244,5.62191,3247.345365,0.02689,1.715241,15.930684,3.655116,-5.952905,1.415534,10899.52438,0.47146,0,0.753039412,0.152876712,0.018329993,1.35468,6.061192,194.266421,1,0.062844,1.235949,0,0
0.220844048,-85.878807,33.53975,-4.256981146,0.014165,-0.692211618,0.500468,1.186221,0.710671,35.331731,199,3,7,4,9,0,5,73,0,6.400697,0.023009,101.466186,34,-1410,1,418.875,417.125,164,0.965646831,2.626486,5.222639702,185.423,2.52861,3836.319672,0.023867,0.153984,16.574789,3.905837,-21.034512,0.222826,9692.316076,0.585,0,0,0.06,0.833378747,0,6.952718,4.439754,1,0.013673,1.394118,0,0
0.030806,126.982637,43.540434,5.902442895,365.930306,7.274454881,1442.964391,21.279014,0.002208,3.943277,243,9,7,44,26,0,1,42,0,12.093182,0.050861,99.45567,205,-1401.516224,6.742705,298.657277,471.164319,230.160441,9.517998586,13602.36,3.61555579,37.172,8.898823,1581.446773,0.034355,6.162797,3.831179,3.274565,-10.715441,0.972613,6989.105806,0.304053,0.000680637,0.464196072,0.157902198,0.243282412,0.084507,1.328522,100.246431,5,0.150126,0.417256,96.949733,56
0.445636,86.684474,23.674794,3.866301214,47.765385,4.839820852,126.446697,5.161143,0.037541,2.647245,125,8,9,57,4,0,1,45,0,2.504001,0.030257,93.95682,29,-1385.256346,8.288488,350.620027,340.998628,308.342936,8.603162793,5448.866,4.736861386,114.0756,2.582733,4653.120933,0.027723,8.596072,24.571554,4.106769,-8.144229,0.44906,6170.608628,0.353032,2.76E-05,0.775648423,0.108676181,0.01982409,0.115336,8.963831,930.194313,4,0.005109,0.669512,285.14455,37
0.684615,-93.555675,38.223789,5.595321966,269.164298,7.265033215,1429.433105,24.578206,0.001655,5.310634,215,3,5,1,9,0,5,74,0,9.58939,0.188644,111.266304,83,-1413,0,143.231419,608.142973,248.656402,8.969325068,7858.296,3.374002942,29.19516,1.757634,2729.888604,0.031205,3.727499,13.556615,3.420063,-17.935868,0.566888,7338.760699,0.452739,0.000284062,0.179302618,0.201297645,0.207930852,1.234637,3.300182,11.813531,6,0.080415,0.811565,168.097921,35
0.450711854,-99.021049,35.838065,-3.546650991,0.028821,0.006497843,1.006519,1.672492,0.357496,34.923384,553,3,13,53,9,0,5,74,0,4.750505,0.03423,108.096154,17,-1052,0,395.294118,364.058824,240.647059,-2.770255446,0.062646,0.776405942,2.173646,1.684592,2312.983449,0.032515,1.940488,16.607313,2.638176,-9.257473,1.12775,4643.882095,0.347727,0.000654765,0.335966523,0.456304348,0.024792511,0,4.587276,11.901836,1,0.004137,0.263375,0,0
0.363636,8.664075,12.120374,2.874708053,17.72025,4.012855853,55.304587,3.706136,0.072804,3.120982,423,8,9,84,5,0,3,16,1,1.924295,0.005465,79.041721,23,-1410,1,739.935252,152.241007,107.683453,6.334077888,563.4496,3.459369744,31.79693,0.918848,3233.959577,0.023154,4.095456,26.083153,2.069887,-13.115553,0.202896,2928.079632,0.191092,0,0.718818042,0.101694836,0.001003293,0.3,13.793969,2618.259517,2,0.00284,0.211897,0,52
0.479545,-99.73334,32.372912,1.131661755,3.100805,2.625316643,13.808946,2.212169,0.204345,4.453342,531,3,11,59,9,0,5,75,0,2.32784,-0.024446,115.896,17,-1375.292419,20.973285,321.938596,379.166667,299.192982,4.108014699,60.82584,2.976352697,19.61614,1.956817,1737.191123,0.031431,0.81167,18.174886,2.077392,-9.851918,1.845585,2879.611476,0.321549,0.007859974,0.510415126,0.362614679,0.021934868,0,13.336766,56.130588,2,0.002627,0.023501,0,0
0.643759,121.20888,24.265556,1.749775863,5.753313,4.013037268,55.314621,6.50543,0.023629,9.614395,1419,3,1,44,10,0,1,43,0,32.372898,0.133782,64.459629,420,-1569.948286,16.310477,303.939959,399.275362,296.664596,6.270970284,528.9904,4.521194379,91.94535,36.627705,10750.09818,0.025067,1.604933,12.968518,9.465127,-9.108559,0.213274,43152.0003,0.681833,0.000847152,0.010416143,0.10877551,0.845665192,0.048622,0.842125,7.341749,1,0.102803,8.95373,223.83558,34
0.024058568,-119.285536,36.869447,3.030576163,20.709161,4.700161051,109.964881,6.8166,0.021521,5.309963,284,9,3,56,12,0,5,77,0,22.554867,0.281934,100.361365,188,-1340.358764,13.421351,504.637179,347.147436,148.274359,8.084976016,3245.342,5.054400154,156.7105,28.268048,557.146499,0.021925,5.791586,6.694242,2.916252,-14.133811,0.33994,4225.93076,0.29336,0.197275761,0.022333687,0.221376451,0.017939727,0,0.039836,0.546966,3,0.008182,1.400257,0,51
0.617931,69.811423,22.23441,0.307930924,1.360607,2.493229502,12.100291,2.926338,0.116775,8.893303,50,2,11,98,5,0,1,45,0,2.595471,0.005053,84.992373,24,-1250,9,439.921739,345.373913,214.6,4.301466991,73.80799,3.993536078,54.24637,1.186254,3131.899945,0.027809,4.963112,26.207925,1.801125,-8.372205,1.853228,2565.412151,0.192818,0,0.744303566,0.075833333,0,0,3.470894,125.949262,2,0.004094,0.253825,0,0
2.490004,121.857717,43.518707,0.915924265,2.499084,2.949585607,19.098038,3.407952,0.086102,7.642016,198,1,16,53,6,0,1,42,0,1.862352,0.010203,86.401018,11,-1052,0,513.108911,311.940594,174.950495,2.972104319,19.53298,2.05618008,7.816056,0.300606,827.014793,0.035295,1.170643,7.163219,1.510681,-6.446311,1.207777,3014.507172,0.213847,0,0.806620975,0.185323383,0,0.264999,0.144342,63.813035,1,0.000566,0.068953,0,0
0.144080997,-77.455193,38.388592,-2.977597703,0.050915,0.238517563,1.269366,1.586936,0.397083,24.931131,25,1,5,4,9,0,5,73,0,6.016339,0.060034,100.418605,22,-1300,22,366.611111,459,174.777778,1.841336784,6.304961,4.818937114,123.8334,2.640342,2145.66056,0.026493,0.510941,13.689084,3.291497,-23.575726,0.467092,7829.778015,0.492402,0.238965517,0.111216649,0.248888889,0.540704376,0,21.524858,33.594572,1,0.004939,0.589023,0,0
0.134167,77.406803,8.641368,2.143171924,8.52644,3.358217679,28.737925,2.776301,0.129738,3.370448,102,8,3,44,4,0,1,45,0,9.67985,0.057626,109.657849,112,-1410,1,415.503067,274.122699,310.300613,5.137054119,170.2136,2.993882063,19.96303,21.401935,7132.269656,0.018818,23.393892,23.789534,4.802564,-9.20799,0.909905,11747.58754,0.611537,0,0.082316939,0.105750988,0.467495012,0.014882,0.927409,322.847031,1,0.077172,1.528517,0,20
0.67004,122.073948,42.708059,2.430016984,11.359075,4.589554788,98.450589,8.240279,0.014727,8.667131,175,1,9,53,26,0,1,42,0,5.168813,0.071691,81.544306,90,-1391.313911,0,498.966486,326.989189,174.072432,8.116425135,3349.027,5.686408755,294.8329,2.861683,989.842058,0.032698,4.58265,6.991369,1.785107,-5.756345,1.240844,3425.547299,0.205154,0.042229961,0.628412769,0.322119687,3.20E-05,0,0.393074,54.928691,4,0.011569,0.129157,0,35
1.268333,96.812382,39.908315,2.702332151,14.914474,4.038778627,56.756979,4.145819,0.058181,3.805496,1973,1,7,44,8,0,1,48,1,8.738404,0.033643,102.912404,174,-1084.338205,3.051496,391.876404,421.567416,186.672285,7.911032554,2727.205,5.208700598,182.8563,11.999252,169.747602,0.030789,8.85008,-0.918128,1.135185,-2.792273,0.809821,1559.348116,0.02358,0.328462015,0.012244733,0.430141343,4.69E-05,2.020187,0.017009,1.466085,1,0.007045,0.285505,212.28145,38
0.795238,32.297762,37.886116,0.012701,1.012782,1.482507088,4.403973,1.234473,0.656201,4.34839,1243,6,5,12,13,0,1,22,1,6.201987,0.051997,89.230519,36,-1489.825674,17.846276,351,376.354839,272.548387,6.333961989,563.3843,6.321260979,556.274,11.190056,176.196383,0.02622,2.316214,9.267281,1.547263,-4.834754,0.470433,3469.847424,0.168529,0.101862483,0.585369877,0.062702703,0.002419874,0,0.670368,148.250253,1,0.005075,0.186888,0,0
0.427429,109.91206,33.924507,1.383479403,3.988756,3.767604379,43.276267,6.112602,0.026764,10.849564,754,9,1,44,15,0,1,43,0,23.460181,0.241048,104.224678,224,-1412.761927,1.451952,385.021108,427.841689,187.084433,6.809299647,906.2359,5.425820123,227.1976,15.184036,1596.768947,0.026336,5.359231,10.551735,3.593112,-4.286524,0.127725,5910.116269,0.438558,0,0.175969969,0.441724771,0.341530463,2.809829,0.938837,209.449464,2,0.218523,0.577524,0,59
0.266078,76.689642,10.846548,3.013446201,20.357435,4.429678675,83.904452,5.245882,0.036338,4.121563,104,8,7,65,4,0,1,45,0,7.533314,-0.097194,111.821053,83,-1410,1,470.142157,249.5,280.313725,5.001139687,148.5824,1.987693236,7.298678,24.817774,6327.270543,0.019041,1.586456,24.53325,4.052757,-16.605054,0.729007,11694.20402,0.636922,0,0.137635775,0.128472906,0.303122411,0.005348,2.90298,836.884852,1,0.002892,2.497637,0,36
1.594294,101.871282,25.613695,0.434090789,1.543559,2.742150713,15.520329,3.523988,0.080525,10.054898,1241,9,1,1,15,0,1,43,0,9.506408,0.015232,89.783024,88,-1471.90408,11.591983,339.234848,360.333333,300.340909,2.67328966,14.48755,2.239198868,9.385809,6.26884,2765.428571,0.0261,0.283551,17.45196,4.50897,-5.585752,1.574986,4256.460716,0.321398,0,0.828423303,0.1374,0.002683057,0.482633,0.777369,136.480798,1,0.031051,0.555814,0,35
1.552,-95.592628,36.553621,4.893129215,133.370266,5.987206216,398.300289,9.729179,0.010564,2.986425,195,3,15,43,9,0,5,74,0,4.662144,0.0394,111.299145,68,-1323.730387,17.782698,211.368993,514.135584,274.50286,8.013282935,3020.818,3.120153229,22.64985,1.228289,2810.886062,0.036542,2.647287,15.18442,3.48564,-8.486243,0.782453,6494.523879,0.389025,9.40E-05,0.096199955,0.073877224,0.059557101,3.321429,2.884121,10.416079,5,0.005105,0.719074,0,41
0.583333,-64.552781,-30.856659,0.137349469,1.147229,2.622338706,13.767885,3.62608,0.076055,12.000996,945,1,7,44,15,0,6,64,1,5.416534,0.065371,120,36,-1439.388679,5.809057,490.564706,331.423529,177.694118,5.103210221,164.5493,4.965861055,143.432,7.518641,1741.274584,0.02075,7.131188,15.009069,3.138892,-7.333171,0.896371,4128.667994,0.354503,0,0.120298975,0.316987179,0.090466813,0,6.422423,72.952659,1,0.028246,0.065624,0,0
0.402628,106.557307,30.960593,0.07726655,1.08033,2.791050009,16.298124,4.423382,0.051108,15.086243,351,5,3,6,15,0,1,43,0,19.221735,0.182169,72.966589,93,-1520,19,237.227545,445.982036,316.760479,2.802881478,16.4921,2.725615032,15.2658,14.980357,3861.199523,0.031472,38.475452,16.537733,5.095134,-4.0623,0.859365,11074.40714,0.493668,0,0.468799107,0.270136054,0.004138393,0.002794,0.016437,287.508803,1,0.006261,1.478856,0,0
1.368824,72.641809,24.048427,1.530316564,4.619639,3.105311573,22.316171,2.928942,0.116568,4.830718,195,9,11,8,5,0,1,45,0,3.915904,0.054023,105.915459,57,-1052,0,430.103226,364.780645,204.948387,5.714452019,303.218,4.184135448,65.63673,7.244859,3264.28541,0.025241,43.294982,25.371407,2.141058,-9.1983,0.758567,3251.743645,0.342365,0,0.538938721,0.073105802,0.06254831,0,2.579447,266.296438,1,0.003268,0.529262,0,40
0.05,-114.273829,52.024986,2.824184233,16.847196,3.864024404,47.656756,3.275335,0.093216,2.828765,940,3,9,19,19,1,5,71,0,5.008876,0.072339,107.194852,57,-1156.05668,0,383.898678,360.255507,255.674009,8.616031866,5519.441,5.79184738,327.6177,12.256732,301.810764,0.027982,1.129973,-0.205234,2.321265,-8.867016,1.049101,6418.372004,0.276835,0.115591577,0.189272216,0.096483344,0.052423198,0,2.730351,1.613498,3,0.151477,0.622329,51.283144,34
0.243332209,-93.87564,35.210359,-2.05934876,0.127537,0.853825367,2.348614,1.855193,0.290551,18.415186,181,3,7,4,9,0,5,74,0,4.081437,0.024307,104.910714,20,-1435.054795,15.55137,292.428571,539.857143,167.714286,2.419867559,11.24437,4.479217885,88.16569,6.787898,3390.556747,0.028415,2.33508,16.223591,3.764233,-21.984301,0.461084,8122.885215,0.51994,0,0,0.981666667,0.019388646,0,0.821471,7.210062,1,0.003737,1.1499,0,0
3,-91.251129,42.660937,-3.296837366,0.037,0.238646753,1.26953,1.861815,0.288488,34.311509,260,6,5,60,18,0,5,74,0,11.800433,-0.024256,104.176471,43,-1413,0,62.25,691.25,246.5,1.189059451,3.283991,4.485893623,88.75623,1.473498,1742.453307,0.029277,3.345319,8.39343,3.204036,-5.890153,0.586182,7890.272085,0.377,0,0,0,0,0.024876,6.118515,4.100577,1,0.005841,0.740377,0,0
2.126672466,-117.678175,34.15996,-1.49153044,0.225028,1.152675194,3.166653,1.883115,0.281998,14.07224,653,9,4,82,12,0,5,77,0,11.338224,-0.001298,108.762325,57,-1052,0,447.636364,372.636364,180.636364,4.230153484,68.72778,5.72168264,305.4184,35.26929,1123.863123,0.020804,5.55597,14.825148,1.484978,-26.368648,0.241704,3618.172296,0.3248,0.003432494,0.0249561,0.139642857,0.041964673,0,10.441807,7.692019,1,0.02168,0.401808,0,0
0.805691,-86.973855,33.565933,-0.255758431,0.774329,2.858026695,17.427104,5.586727,0.032039,22.506064,151,3,9,7,9,0,5,73,0,7.322982,0.066463,106.72,45,-1650,12,355.520231,447.323699,197.156069,4.669670581,106.6626,4.925428833,137.7484,2.621108,4199.51692,0.025378,1.085407,16.983504,4.196548,-11.748852,0.188564,9907.765566,0.573131,0,0.011270129,0.192035398,0.265738728,0,49.589597,388.856217,2,0.002189,1.555344,0,30
0.565769,71.462194,22.65846,1.64275566,5.169395,3.405013259,30.114695,3.736403,0.07163,5.825574,97,3,16,98,5,0,1,45,0,1.601095,0.002287,64.099267,18,-1250,9,430.242647,248.529412,321.323529,5.764262459,318.7039,4.121506806,61.65207,0.627323,2874.172916,0.027608,5.115769,26.94396,1.748122,-10.947063,1.934351,2038.156644,0.239504,0,0.732822133,0.052258065,0.001210161,0,5.310016,190.89555,2,0.00296,0.206399,0,42
4.428421,72.940368,33.810497,1.318603945,3.738199,3.005975878,20.205925,2.948102,0.115057,5.405256,590,1,3,8,15,0,1,45,0,6.294581,0.063634,97.490364,51,-1257.579879,0.574245,284.227586,478.02069,237.813793,6.667125735,786.1328,5.348521768,210.2972,23.335893,3476.697492,0.025422,74.940907,16.696304,4.912815,-6.152777,0.846143,7492.798375,0.416849,0,0.310616903,0.095047438,0.049810351,0.002985,5.190135,699.836125,1,0.007471,1.141977,0,52
0.016327,114.204762,38.479375,0.697436468,2.008597,2.819838772,16.774146,3.33879,0.089706,8.351176,185,11,11,44,6,0,1,43,0,6.094123,0.03481,93.853937,30,-1400.716269,2.772349,430.821429,402.714286,166.4,3.677475678,39.54644,2.98003928,19.68859,8.407307,1320.14309,0.028557,1.915657,11.873087,2.196879,-4.527559,0.350373,3100.411725,0.221713,0,0.808552251,0.321428571,0.004914189,2.231445,1.473037,166.616704,1,0.007591,0.13444,0,0
0.634186,83.466513,21.659624,-2.585611354,0.07535,0.641325852,1.898997,1.951543,0.262569,25.202401,188,5,11,57,4,0,1,45,0,3.029896,0.042647,120.901099,9,-1520,19,212.6,397,390.4,0.281144499,1.324645,2.86675791,17.57993,0.590361,4996.367742,0.031554,1.521298,26.46966,4.90247,-8.72911,0.402229,6566.403614,0.327,0,1,0,0,0,0.841833,210.735474,1,0.002927,0.953265,597.645203,27
0.629864,-89.228976,37.696632,-0.653888007,0.52002,1.809325283,6.106326,2.388719,0.175255,11.742482,133,3,5,60,9,0,5,74,0,3.614783,-0.002604,112.041667,26,-1413,0,51.661538,765.184615,183.015385,2.326307479,10.24006,2.980195196,19.69166,1.409423,2870.457431,0.029,0.869354,14.015783,3.63582,-22.974526,0.464068,8663.78633,0.412964,0,0.065009954,0.178815789,0.518241539,0,25.422969,218.399282,1,0.002442,0.978996,0,0
0.039091,24.623606,45.399738,2.223376504,9.238472,4.066260693,58.338409,5.41439,0.034112,6.314725,803,3,1,7,19,0,2,22,0,25.965531,0.071536,110.87925,390,-1467.592778,10.424273,379.841584,392.336634,227.943069,5.588446443,267.32,3.365069906,28.93552,30.016503,1060.517368,0.027058,1.03994,4.769773,3.424253,-6.484284,0.227537,10934.89729,0.426861,0.007530709,0.001122819,0.151931893,0.274303951,0,0.090591,5.984474,1,0.510712,2.108217,0,46
0.045995579,-106.312851,35.63639,1.460169395,4.306689,2.938135628,18.880613,2.566489,0.151817,4.38402,1626,2,5,115,6,0,5,75,0,12.082537,0.17048,95.348432,72,-1221.996757,14.771382,537.855721,290.114428,172.179104,9.960690799,21177.42,8.500521386,4917.332,8.714885,293.885471,0.027737,0.832379,5.604241,1.623243,-12.944721,1.012724,2744.119721,0.180183,0.013743616,0.061491882,0.143001605,0.077362277,0,1.948345,11.00781,5,0.010739,0.140756,96.799554,33
0.413559,-88.063266,38.778772,-0.787042562,0.455189,2.267131475,9.651675,4.035544,0.061404,21.203681,143,3,15,102,9,0,5,74,0,3.689102,0.051869,103.226809,21,-1413,0,166.320388,573.271845,260.475728,1.701397941,5.481605,2.488441229,12.04249,0.224664,2557.603801,0.041545,13.154582,13.218114,3.554852,-7.761383,0.494536,8765.891331,0.344,0,0.868815629,0.09,0.006959707,0.251494,5.904758,16.549484,1,0.005025,0.941778,0,0
0.025765,112.066353,26.825944,0.640032228,1.896542,3.176170391,23.95484,4.906899,0.041532,12.630797,193,3,7,1,9,0,1,43,0,18.657359,0.101823,105.137795,166,-1520,19,295.384259,430.703704,274.175926,3.472367925,32.21293,2.8323359,16.98509,10.903924,4692.562804,0.029758,4.145857,17.838105,5.251888,-5.639521,0.816488,12453.39572,0.525279,0,0.521191439,0.366428571,0.273750297,0.272059,0.845388,1161.476257,2,0.041325,2.302224,0,35
0.011,-78.44367,36.576268,5.351306417,210.88362,7.134736212,1254.805942,24.375314,0.001683,5.95023,91,9,9,4,9,0,5,73,0,5.902315,0.03739,108.321429,66,-1366.75767,7.494753,407.937939,383.830033,208.176828,8.870745445,7120.587,3.519438979,33.76548,2.620782,2476.871414,0.024184,1.115636,14.515899,3.536876,-22.750236,0.552657,8072.134129,0.539505,0.000426531,0.015746745,0.077411118,0.522849989,0.583333,6.479961,26.676608,6,0.2517,0.923832,209.481401,34
0.182493,110.212427,27.339052,0.55723467,1.745838,3.485111202,32.626055,6.965586,0.02061,18.687905,203,9,5,34,9,0,1,43,0,21.64991,0.260733,92.947842,125,-1520,19,269.579114,460.335443,270.287975,5.54103803,254.9425,4.983803178,146.0287,20.425359,5374.81049,0.026879,1.174948,15.312676,6.783806,-4.174929,0.45931,13122.48746,0.560268,0,0.314671257,0.212107623,0.249827246,0.016159,0.232127,100.216292,2,0.016656,2.280368,0,32
0.036666667,29.941731,-25.28054,-3.418089249,0.032775,0.151202338,1.163232,1.812552,0.304382,35.491498,1560,7,1,98,16,0,3,12,0,7.49065,0.001273,107.860465,39,-1410,1,573.277778,135.277778,291.333333,4.017606236,55.56793,7.435696983,1695.439,6.24766,1806.96156,0.020624,16.60715,15.531977,2.75547,-7.251071,0.324251,5039.288588,0.324807,0,0.022754575,0.44,0.101884341,0.409292,0.00244,9.247202,1,0.023871,0.22173,0,0
0.026378,111.771581,28.105538,0.113260826,1.119924,3.181970733,24.09419,6.422633,0.024242,21.514125,307,5,1,4,9,0,1,43,0,20.414528,0.260618,68.514443,137,-1350.703448,12.526897,291.402174,420.75,287.570652,4.978091441,145.197,4.864830799,129.649,19.665032,5332.418328,0.024908,0.188388,15.447932,6.22985,-4.423932,0.815995,13816.73911,0.525431,0,0.290870155,0.28,0.49853044,0.001378,0.419824,269.40877,1,0.020744,3.064306,0,33
0.258537,86.719565,22.980822,4.329582415,75.91258,5.174682233,176.740443,5.722346,0.030539,2.32821,131,8,15,57,4,0,1,45,0,2.882384,0.056026,90.712043,74,-1405.493073,1.225346,397.475265,290.792403,311.69788,7.986730007,2941.662,3.65714753,38.75065,1.843917,4832.714863,0.030304,8.474014,25.093656,4.452547,-8.199412,0.248825,6697.752269,0.35873,0.000153842,0.9125882,0.107428394,0.007123798,0,1.470359,439.413384,5,0.003071,0.777388,249.536942,31
0.292078088,-99.11959,31.334642,-2.426200102,0.088372,0.430144712,1.53748,1.458972,0.469793,17.397789,442,1,5,51,9,0,5,75,0,3.432229,0.02382,106.397891,26,-1336.482412,21.502513,294,342.157895,363.842105,2.078837109,7.995166,4.505035658,90.47157,1.833945,1801.205009,0.030202,4.640158,19.000347,2.273499,-8.192168,1.676636,3348.520183,0.327339,0,0.138522936,0.84,0.018165138,0.126048,0,0.278831,1,0.001998,0.081602,0,0
0.159051,113.302258,39.568562,2.149040363,8.576624,3.279414909,26.560228,2.558401,0.152779,3.096816,1015,1,16,53,6,0,1,43,0,1.958658,0.004851,100.153698,23,-1052,0,512.191111,348.795556,139.124444,5.996294116,401.9365,3.847253844,46.86419,8.726255,613.593626,0.029284,0.839196,5.368795,1.734632,-4.547847,0.645369,3045.827083,0.192244,0,0.368879062,0.299861538,0.001178747,0.003215,1.237571,184.712915,2,0.004298,0.087985,0,37
0.793103448,20.986075,-33.275375,2.027836357,7.59763,3.592991432,36.34263,3.719395,0.072286,4.783416,593,3,7,109,8,0,3,12,0,7.735931,0.037334,98.884615,98,-1485.018929,19.477015,673.339552,163.604478,163.108209,8.282432421,3953.8,6.254595825,520.399,7.383184,250.724581,0.014475,0.805638,15.247879,0.753482,-7.2494,0.544895,983.894529,0.121433,0.349810576,0.00117156,0.135528069,0.000456641,0,0.101563,1.680945,2,0.004349,0.082291,0,29
0.089473684,27.460126,-25.322729,2.307612037,10.050396,4.137000857,62.614749,5.571602,0.032214,6.230078,985,9,9,56,5,0,3,12,0,2.86577,0.02608,70.234783,73,-1350.01965,12.003751,576.311054,163.277635,260.496144,8.203377115,3653.267,5.895764716,363.4947,3.557574,1961.382908,0.021071,15.574239,18.85252,2.076598,-8.129474,0.385466,3031.13091,0.294552,0.000805516,0.064252621,0.160007704,0.028142473,0,4.876788,58.460152,4,0.031262,0.066064,0,46
0.368214,12.763119,47.065851,-1.956777991,0.141313,0.970824749,2.640121,1.981199,0.254767,18.682812,1989,8,1,75,31,0,2,22,0,20.298897,0.140525,93.628571,139,-1410,1,363.705882,403.764706,232.529412,3.619417097,37.31581,5.576196421,264.0653,35.316936,1019.856244,0.031281,4.766297,-1.087471,5.157768,-2.923089,0.237397,26054.08538,0.369741,0.344052174,0.007427542,0.233846154,0,0.323529,0.006643,6.047543,1,0.147639,4.003353,0,55
0.33125,-95.017081,36.394175,1.804301488,6.075726,3.413952554,30.385106,3.477417,0.082696,5.001066,207,6,5,1,9,0,5,74,0,12.232994,0.128071,120.608614,91,-1579.420335,12.205828,180.879808,594.447115,224.673077,4.36177686,78.39631,2.557475343,12.9032,4.346354,2943.350265,0.026635,0.100175,15.291722,3.66691,-25.436529,0.802642,7003.93281,0.521441,0,0.001101314,0.111806818,0.768568909,1.186205,1.575802,5.08768,2,0.001329,0.674035,0,24
0.370996,-96.252108,35.28595,-0.346557725,0.707118,2.349853528,10.484034,3.517041,0.080843,14.826421,227,3,7,43,9,0,5,74,0,4.077542,0.032923,107.370946,22,-1520,19,445.782609,379.898551,174.942029,2.252437878,9.510894,2.598995463,13.45022,3.043478,2743.186212,0.036757,0.897991,16.6576,3.151802,-9.569126,0.901996,6235.576271,0.420071,0,0.004694178,0.332916667,0.207501842,0.002931,1.755884,2.846052,1,0.005731,0.673404,0,0
0.492179,-97.344573,36.246265,0.884999013,2.422982,2.97693679,19.627601,3.557027,0.079036,8.100596,330,3,13,53,9,0,5,74,0,2.580502,-0.008239,109.685921,23,-1331.968612,13.572339,296.779762,437.14881,265.994048,3.559549224,35.14735,2.674549948,14.50582,1.084729,2657.956757,0.032498,1.281578,15.765046,2.788605,-8.053671,1.045165,5204.136552,0.325255,0,0.430128079,0.143054755,3.55E-05,0.069091,1.972635,2.658312,2,0.004164,0.324074,0,0
0.186098,75.536339,24.787172,5.364819861,213.752726,5.679324635,292.751649,5.648571,0.031342,1.369581,346,3,16,60,5,0,1,45,0,5.756249,0.012789,99,142,-1470.937818,19.66903,375.981556,326.103914,297.985155,7.635158948,2069.7,2.270339239,9.682685,2.394573,3363.602356,0.028906,26.144428,25.04804,2.582389,-9.663611,1.025628,3745.72394,0.246069,0.000612228,0.459537803,0.093946583,0.005207056,0,1.047746,137.253925,5,0.008313,0.458538,586.208157,32
0.228936,105.186165,29.997488,0.009876071,1.009925,2.418139068,11.224951,3.150903,0.100723,11.114641,418,3,7,6,15,0,1,43,0,15.961959,0.23749,94.914545,81,-1520,19,223.05,458.95,318.075,1.864678711,6.453862,1.854802654,6.390437,5.034562,3729.837754,0.032927,0.972791,17.084881,4.057454,-4.486693,0.901568,10993.40668,0.475,0,0.755391705,0.132727273,0.016370968,0.018471,0.59472,344.905949,1,0.002161,0.938504,0,0
0.022647,15.944314,50.714884,0.283333632,1.327548,1.871574766,6.498522,1.591052,0.395031,4.89513,530,9,7,7,10,0,2,24,0,4.954598,0.019624,112.002516,38,-1254.743682,8.231047,360.135802,478.938272,160.444444,4.052393458,57.535,3.769059845,43.3393,11.256757,684.978106,0.027614,0.009601,5.616663,3.406464,-3.261008,0.727879,9043.280854,0.45761,0,0.066558307,0.189465021,0.057212247,0.233553,8.361051,94.702091,1,0.007792,1.381824,0,33
0.645098,-80.588821,35.480396,-1.216042012,0.296401,1.852188778,6.373755,3.30256,0.091685,21.503839,201,8,5,4,9,0,5,73,0,4.899386,0.034951,93.971698,24,-1410,1,365.84375,355.921875,278.1875,2.514464643,12.35999,3.730507364,41.70026,1.733032,3113.754323,0.023901,0.77606,15.450875,3.657196,-16.40927,0.31109,8156.925905,0.447197,0,0.012850679,0.425952381,0.095554299,4.742647,57.635815,875.927902,1,0.01554,0.801879,0,0
0.011882,111.562053,28.695291,0.628754782,1.875274,3.604909167,36.778343,7.57626,0.017422,19.61225,122,12,5,1,9,0,1,43,0,10.147484,0.14766,101.777778,83,-1520,19,281.13964,437.283784,281.504505,3.082578554,21.81458,2.453823536,11.63274,6.395718,4653.190362,0.027869,0.058247,16.364231,5.773789,-4.281064,0.607711,11432.93716,0.525429,0,0.140407459,0.222745902,0.359941298,0,0,169.001393,1,0.00367,2.023822,0,0
0.084848485,26.608884,-26.806316,0.700420665,2.0146,2.553633575,12.853724,2.554639,0.153229,6.380286,1321,8,13,56,5,0,3,12,0,1.757175,0.011931,90.200777,14,-1250,9,674.568966,120.491379,205.181034,7.861106701,2594.39,7.160685956,1287.794,1.536396,1623.38044,0.020341,4.260454,16.867814,2.204773,-8.495583,1.403626,3010.731511,0.270638,0.000510049,0.268912863,0.156085271,0.064772013,0,0.784417,18.715215,3,0.001386,0.069424,0,28
0.189899,-98.128194,39.7645,-3.438618914,0.032109,-0.016552236,0.983584,1.548435,0.417075,30.632647,511,5,5,53,9,0,5,74,0,4.938407,0.04518,83.908493,17,-1413,0,72.285714,545.428571,382.285714,0.649091839,1.913802,4.087710438,59.60327,1.52069,1696.09894,0.031647,10.201695,12.06343,2.600114,-7.402537,0.478956,4585.882759,0.304,0,0.3,1,0,0.053182,0,1.280047,1,0.009126,0.105517,0,0
0.235757,118.272384,40.481472,4.269835147,71.509846,6.206992058,496.206444,16.552917,0.00365,6.938995,200,9,1,44,26,0,1,43,0,22.728055,0.117531,88.106894,461,-1218.603449,6.698235,468.225076,360.207645,171.579205,9.693832619,16217.28,5.423997582,226.7839,14.014958,1024.076637,0.030304,6.154606,6.038833,2.303742,-10.032106,0.736551,3670.034494,0.310951,0,0.255350753,0.187942549,0.119809332,0.167929,1.383819,108.891716,4,0.107523,0.15797,0,32
0.268463129,-83.312832,34.486112,-2.240982126,0.106354,0.71927827,2.052951,1.775811,0.317107,19.302997,233,8,5,4,9,0,5,73,0,8.769026,0.118325,108.957346,43,-1410,1,441.592593,315.037037,243.074074,2.183210842,8.874756,4.424192885,83.44543,2.61882,3814.8636,0.023926,0.081642,15.770145,4.15978,-22.803782,0.424843,9917.509569,0.556847,0,0,0.296428571,0.523891547,0,7.09628,46.625902,1,0.002592,1.687268,0,0
0.593265,78.794181,29.368281,1.980457459,7.246057,3.771484607,43.444515,4.552806,0.048244,5.995608,253,1,9,83,15,0,1,45,0,2.745607,0.008241,109.059148,25,-1052,0,390.742331,363.699387,245.325153,3.148729717,23.30644,1.16827236,3.216431,0.728732,6155.143737,0.02755,7.93472,22.519488,3.591391,-10.977766,0.367897,7730.222151,0.384343,0,0.531223114,0.138528807,0.103598716,0.099838,0.508551,421.423643,1,0.014659,0.907947,302.152792,33
0.416,-79.022202,35.749155,4.093221682,59.932665,5.713301003,302.869192,11.03617,0.00821,5.053491,66,8,9,4,9,0,5,73,0,6.005245,0.047005,95.776989,80,-1241.668476,19.085695,479.204826,380.515713,140.286195,6.563763844,708.935,2.470542308,11.82886,2.080492,3267.717567,0.02461,1.276132,15.690238,3.721716,-21.072341,0.365978,8158.142012,0.520686,0.00088947,0.00365921,0.083367833,0.27035761,2.00569,25.672173,256.348222,6,0.031227,0.989298,29.471474,37
1.137931,8.040761,11.958459,1.039096156,2.826661,2.587873728,13.301459,2.231811,0.200764,4.705715,536,8,13,84,4,0,3,16,1,1.952846,0.013797,96.528302,18,-1413,0,617.882353,205.784314,176.352941,4.78344858,119.5158,3.744352476,42.28162,1.04097,3631.466885,0.024082,5.064985,25.297174,2.297838,-12.040225,0.197924,3217.128531,0.199604,0,0.964250878,0.102590361,0.002139143,0,0.012959,262.968702,1,0.021644,0.336268,0,0
0.517361,20.660779,49.802192,0.51876165,1.679946,2.384190149,10.850272,2.3615,0.179318,6.458701,230,3,7,7,10,0,2,24,0,12.017366,0.193037,98.474208,62,-1201.726291,6.078631,191.152381,599.428571,209.304762,6.121119499,455.3742,5.602357907,271.0648,11.358377,1085.80679,0.028494,0.141111,6.6751,3.392326,-3.557576,0.707424,11971.05649,0.480232,0,0.483729161,0.093519737,0.021875914,0.039167,9.268014,154.849171,3,0.014492,1.031296,38.676814,28
0.2465,18.862489,48.434602,-4.481714382,0.011314,-0.378370018,0.684977,1.816621,0.30302,60.542816,658,2,1,8,10,0,2,22,0,8.518749,-0.026496,101,36,-1250,9,294.8,505.8,199.4,-0.993455294,0.370295,3.48826734,32.72919,10.046154,723.269841,0.028374,0.035624,8.095937,2.68797,-11.738442,0.502299,9395.276923,0.506,0,0.493230769,0,0.373692308,3.25,9.167273,79.474808,1,0.188119,0.834115,0,0
0.233108,-99.689646,32.580004,2.819940114,16.775846,4.351914248,77.626918,5.346446,0.034984,4.627303,496,3,9,59,9,0,5,75,0,2.543543,-0.004235,117,27,-1229.676406,11.137763,263.385809,410.368071,326.170732,6.490098605,658.5883,3.670158302,39.25812,1.406329,1691.734942,0.031799,1.111701,18.271466,2.029701,-10.039123,1.884084,2833.689345,0.274496,0.000363525,0.386366208,0.208092162,0.011467144,0,24.306305,170.358763,4,0.00133,0.026347,0,0
0.388077,1.059593,35.333943,1.421761645,4.144415,3.103610193,22.278235,3.087054,0.104933,5.375484,0,3,7,12,6,0,3,15,0,24.804796,-0.357771,107.337299,642,-1520,19,368.279221,367.616883,264.162338,7.124665846,1242.233,5.702904423,299.7367,5.623964,378.818428,0.029365,3.191611,14.754579,1.59083,-12.375784,0.663966,2428.593674,0.202609,0.003222487,0.78615458,0.103898305,0.012856659,0,2.935238,136.69446,1,0.008527,0.182039,0,38
0.233115,121.850692,45.585515,1.389330996,4.012165,2.949486744,19.09615,2.689376,0.13826,4.759563,261,7,7,17,26,0,1,42,0,3.078894,-0.016973,75.492787,17,-1250,9,448.222222,292.17037,260.081481,4.253024825,70.31779,2.863694051,17.52615,1.989314,878.687893,0.032371,0.471038,5.349491,1.539282,-5.519961,1.442265,2981.129424,0.21278,0.043244782,0.822779962,0.166570122,0,0.036638,0.1886,32.403656,1,0.00101,0.069746,0,0
0.228333,73.8803,20.505424,2.145079809,8.542723,3.681293478,39.697709,3.831443,0.06812,4.646962,667,2,7,8,4,0,1,45,0,4.921003,0.038935,109.368595,78,-1250,9,208.813688,320.756654,470.072243,5.486191811,241.3364,3.341111865,28.25052,7.512829,4555.030365,0.022812,22.871177,23.328914,3.569195,-9.301515,1.166298,5975.427657,0.323546,0,0.774973342,0.118993415,0.019698101,0.00123,3.005488,202.102166,3,0.005559,1.573477,0,26
0.232558,-0.870039,52.321441,0.952829776,2.593037,2.68698869,14.687381,2.572972,0.151053,5.664161,90,5,9,34,10,0,2,23,0,3.978694,0.049182,84.226903,29,-1262.879509,18.821641,314.456897,367.810345,317.62931,3.921244556,50.46321,2.968414518,19.46104,2.095322,400.518223,0.025384,0.312059,9.424923,2.278352,-3.853639,1.392673,8100.386694,0.474271,0,0.766850312,0.135020492,0.031953222,0.002274,13.448963,90.528277,1,0.003386,0.563259,0,0
0.065517241,27.118948,-26.553054,1.186260157,3.274811,2.770525032,15.967015,2.489005,0.161417,4.875706,1390,10,9,56,6,0,3,12,0,2.731084,0.015048,84.157685,29,-1474.143033,17.274969,579.219697,161.431818,259.628788,6.309787542,549.9281,5.123527575,167.9267,2.230968,1780.823037,0.02066,20.151182,16.658966,2.378775,-8.724294,1.449617,3192.380104,0.289928,0,0.158190094,0.12117096,0.077075316,0,0.795704,2.934085,3,0.001767,0.058597,0,39
0.423659,14.594654,37.604009,-1.118070375,0.32691,1.009092678,2.743111,1.353393,0.545949,8.391015,243,5,7,84,12,0,2,21,0,7.44718,0.053923,95.447447,30,-1180,6,240.638889,422.583333,336.333333,4.171014975,64.78117,5.289083869,198.1618,9.072328,743.849578,0.028327,9.738622,15.106291,1.700864,-5.355379,0.736866,3229.423578,0.27712,0.002004662,0.958534537,0.108181818,0,0,7.30388,90.517689,1,0.014803,0.32273,0,0
0.117948718,25.723176,-30.629157,5.844852193,345.451478,6.480212966,652.109809,9.897426,0.010208,1.887703,1259,3,15,105,6,0,3,12,0,4.795614,0.026033,87.096774,140,-1547.159453,15.06053,571.691886,202.842836,225.44152,10.57586094,39177.62,4.731008689,113.4099,13.286658,1169.027031,0.017858,8.0534,12.054554,3.004858,-6.933562,0.965836,4053.535981,0.257534,0.000860436,0.11147927,0.113262422,0.036054665,0,0.149879,23.698169,6,0.006852,0.298925,58.104832,29
0.268611,70.958616,22.443934,2.774446683,16.029755,4.496153528,89.671548,6.318097,0.025051,5.594069,128,2,9,44,5,0,1,45,0,2.981224,0.010771,95.913043,41,-1250,9,476.083665,261.22178,262.612218,5.885215303,359.6802,3.110768875,22.43829,1.095592,3072.354969,0.027706,5.678225,26.428964,1.870055,-11.065318,1.64876,2351.622797,0.241332,0,0.935931855,0.244517241,0.000229652,0.905192,4.129373,817.203378,3,0.026008,0.290246,0,43
0.664286,-1.739086,38.167015,0.191562065,1.21114,2.683148307,14.631084,3.750373,0.071097,12.080426,406,6,7,12,6,0,2,21,0,5.535342,0.007369,107.827181,90,-1253.95235,17.135866,298.598361,435.090164,266.311475,5.936475749,378.5983,5.744913541,312.5966,10.310205,364.698471,0.025854,1.568544,12.889815,1.670581,-6.558557,0.624534,2419.447639,0.262837,0.028977048,0.47309223,0.395555556,0.003448264,0.064151,9.135295,30.017353,3,0.009411,0.139474,0,0
0.276954,113.946312,38.334312,3.883363765,48.587377,5.700619765,299.052686,12.102666,0.006827,6.154946,190,6,7,44,6,0,1,43,0,8.956367,0.104458,121.08884,110,-1381.581349,5.361564,449.439599,374.836771,175.862699,7.608280177,2014.81,3.724916258,41.46776,17.595748,1297.370773,0.027819,7.192194,9.523412,2.647082,-5.393171,0.639506,3144.270749,0.300814,0,0.226179281,0.134886646,0.110995213,2.66242,0.596747,72.278037,3,0.085435,0.170563,0,35
0.169231,36.752556,-1.047501,-1.319469705,0.267277,2.194179947,8.97264,4.895925,0.041719,33.570598,1968,10,6,67,10,0,3,11,0,7.364905,0.088488,104.108774,52,-1250,9,237.866667,367.066667,395.2,4.207458046,67.18554,5.526928742,251.3707,5.548173,3041.023077,0.022489,6.595269,16.173128,3.204873,-16.614188,1.508572,10640.28009,0.595748,0,0.54212369,0.068666667,0.379821109,0,3.022623,433.418674,1,0.034257,0.799058,0,0
0.954043048,-99.601325,35.473044,-3.196429636,0.040908,0.199135245,1.220347,1.702052,0.345187,29.831321,606,1,5,53,9,0,5,74,0,3.857528,0.011197,111.950549,15,-1052,0,494.117647,248.117647,257.882353,0.898001295,2.454692,4.094425059,60.00483,2.467236,1574.080925,0.030791,1.686799,15.543248,2.106965,-7.80378,1.385003,3303.957265,0.266,0,0.233133903,0.17,0.008547009,0,0.362352,0.890773,1,0.005705,0.05721,0,0
0.449035,117.035482,28.450089,2.513816941,12.351987,4.417422591,82.882388,6.652562,0.022596,6.710045,48,3,11,1,9,0,1,43,0,4.694386,0.026023,72.466081,69,-1380.85265,13.54012,379.685524,356.873544,263.510815,3.597692462,36.51388,1.08387523,2.956113,4.054579,6584.440781,0.028238,10.854074,18.436241,6.988418,-5.271823,0.611848,13159.79698,0.512208,0,0.676016126,0.061677893,0.057217283,0.042553,0,146.217684,3,0.016319,2.320898,0,33
0.013395,114.376014,37.807591,1.415526654,4.118655,3.200377542,24.541794,3.411329,0.085932,5.958691,114,4,7,44,6,0,1,43,0,4.655606,0.009911,105.857178,47,-1406.326052,6.836775,432.296296,390.265432,177.358025,4.639940627,103.5382,3.22441406,25.13884,7.568189,1572.447019,0.029788,14.780589,12.469173,2.39976,-5.264562,0.49497,3496.199161,0.234674,0,0.813793171,0.270542763,0.023415034,0.12441,2.376459,290.029251,1,0.004067,0.183878,0,0
1.312829466,-92.508104,48.197532,-4.012838311,0.018082,-0.225981324,0.797733,1.673502,0.357065,44.116887,380,8,15,75,19,1,5,71,0,3.74869,0.036046,107.824773,17,-1052,0,292,464,243,1.008424235,2.741278,5.021248112,151.6004,1.849687,872.821053,0.029062,0.010946,3.678381,2.66944,-16.49958,0.586599,8551.762004,0.397612,0,0,0.193333333,0.924613779,0,0,0.355134,1,0.00191,0.571823,0,0
0.023103998,-95.988022,32.102738,-0.266549611,0.766018,2.071591057,7.937442,2.558328,0.152787,10.361953,92,3,5,56,9,0,5,75,0,3.863429,0.018553,104,24,-1650,12,318.119403,529.328358,152.701493,3.912380542,50.01788,4.178930319,65.29597,1.439437,3271.2,0.032604,1.982949,19.101789,3.352481,-10.869397,0.961326,6004.743662,0.464425,0,0,0,0,0.090909,5.613745,21.201734,1,0.002717,0.048985,0,29
0.030414,100.603037,25.544122,0.529307968,1.697757,2.227638138,9.277927,2.008668,0.247847,5.464814,2003,5,7,44,15,0,1,43,0,7.992787,0.077237,92.062976,59,-1498.449946,19.293864,272.555556,408.277778,318.638889,1.427402715,4.16786,0.898094582,2.454921,3.894052,2552.699647,0.024879,0.43377,14.32627,3.380572,-14.523421,1.430482,5752.981413,0.316587,0,0.351579926,0.303818182,0,0.050218,7.153216,330.947855,1,0.003158,0.712862,0,0
0.474286,-98.280705,43.085571,-2.733075744,0.065019,0.317386981,1.373534,1.519544,0.433085,21.125025,422,1,13,53,18,1,5,74,0,3.031374,-0.02558,88.159881,12,-1413,0,167,435,399,2.177262657,8.822124,4.910333812,135.6847,0.636816,1081.992132,0.03468,7.182371,9.223115,2.30693,-5.9831,0.410365,4449.879176,0.269019,0,0.60652452,0.727777778,0,0.084779,21.830377,97.328457,1,0.003705,0.148395,0,0
0.2555,26.36675,46.328086,0.793807116,2.211801,2.255521682,9.540269,1.8096,0.305376,4.313348,493,5,1,7,19,0,2,22,0,10.507534,0.089665,112.784,54,-1259.945946,9.056757,315.927835,351.927835,332.14433,5.967342178,390.4665,5.173535018,176.5378,17.327761,708.157199,0.027265,0.447976,5.714446,2.767549,-4.377607,0.482605,6965.645508,0.556149,0,0.026163151,0.122021563,0.223772871,0,0.029294,27.955329,1,0.003656,0.826544,0,52
0.902581,70.307825,22.517801,0.999350913,2.716518,2.859988664,17.461329,2.988588,0.111961,6.427836,30,2,14,8,5,0,1,45,0,2.040152,-0.002668,85.495039,16,-1250,9,425.017857,296.169643,278.839286,4.557869961,95.3801,3.558519029,35.11116,0.160662,3180.325332,0.026035,1.207859,26.73287,1.768393,-9.941978,1.902298,2365.92412,0.23419,0,0.920474249,0.100833333,0,0.012082,4.262518,473.529163,1,0.001205,0.144477,0,0
0.117729782,-104.842019,44.356444,3.573716552,35.648838,4.704262504,110.416823,5.216841,0.036744,3.097347,1246,5,15,110,6,0,5,74,0,4.008379,0.03752,101.639717,55,-1408.665923,14.245919,286.184322,409.25,304.644068,8.03170745,3076.991,4.457990883,86.31392,2.594326,346.794978,0.032012,0.648303,7.2739,1.597719,-5.019662,1.211511,2408.327459,0.146723,0.021760005,0.0638524,0.151637679,0.023291218,0.091159,3.765031,8.375353,5,0.002768,0.032908,0,0
1.304587,-81.25045,34.718186,-0.738983811,0.477599,2.242334964,9.41529,3.843234,0.067703,19.713779,135,9,5,4,9,0,5,73,0,5.916496,0.120049,91.618182,36,-1410,1,509.752688,349.096774,141.150538,3.681867175,39.72049,4.420850154,83.16696,2.504884,3207.3638,0.022146,0.060781,16.380144,3.691942,-21.546406,0.220435,8088.841058,0.549845,0,0,0.131830986,0.039017936,0,13.092384,23.709536,2,0.003583,0.902188,0,33
0.180938,118.143322,32.669221,1.854441737,6.388131,4.170212923,64.729233,7.224514,0.019159,10.132735,64,3,9,34,9,0,1,43,0,5.056798,0.020085,80.083243,49,-1351.882591,5.226721,309.960084,421.861345,268.392857,3.845412152,46.77796,1.990970372,7.322636,2.610939,3403.461553,0.033385,2.192131,15.105394,3.815408,-5.651422,0.814097,6596.710445,0.373807,0,0.730387824,0.33359322,0.017469098,1.024093,1.100927,150.108703,4,0.026311,0.492278,0,0
0.357241,-99.572532,31.835749,0.519232388,1.680737,2.801253193,16.465268,3.582729,0.077906,9.796456,576,5,9,53,9,0,5,75,0,4.379922,0.035852,115.158818,25,-1560.01773,14.570922,318.496689,374.993377,306.682119,4.704160857,110.4056,4.184928439,65.6888,1.902239,1738.31718,0.029723,1.37224,18.28236,2.180997,-8.182854,1.576515,3188.703877,0.296591,0,0.328327499,0.433842795,0.008451681,0.2689,0.177084,1.444788,1,0.002942,0.057676,0,0
2.382142,111.627173,40.017027,1.447238932,4.25136,3.701911245,40.524683,5.544351,0.032531,9.532168,1064,3,5,37,6,0,1,43,0,5.403607,0.062772,97.927773,73,-1520,19,465.47851,406.008596,128.406877,7.674785621,2153.362,6.227546633,506.5113,6.491338,605.744322,0.020703,1.198112,5.806747,1.978898,-4.674574,1.257544,2636.974478,0.166369,0,0.516499621,0.91074883,0.000178941,0.53881,0.465747,39.691882,2,0.003874,0.191909,0,36
0.025173386,-77.649803,41.9966,-3.226706404,0.039688,0.208893703,1.232314,1.744968,0.328416,31.050135,573,3,5,7,19,1,5,73,0,5.716179,0.018103,96.106383,29,-1413,0,311.666667,503.555556,184.888889,2.139145976,8.492182,5.36585498,213.9741,5.290008,1014.128302,0.0274,0.650959,6.92433,3.513961,-16.515675,1.185743,10047.99399,0.435437,0,0.28646882,0.425,0.477926371,0.8,3.614895,3.964957,1,0.017181,1.483862,0,0
0.418349923,-98.663869,35.392303,-1.753054274,0.173244,1.066628208,2.905566,1.969232,0.257873,16.771539,465,3,9,53,9,0,5,74,0,4.238353,-0.08679,111.569672,18,-1158.941176,14.582888,373.545455,401.060606,225.393939,2.344436957,10.4274,4.097492436,60.18917,1.965101,2074.940502,0.031349,6.532485,15.866402,2.317575,-16.19297,1.195996,3932.731544,0.337274,0,0.566442953,0.555,0,0,0.029791,1.718755,2,0.005043,0.140755,0,0
0.188113,109.775514,28.179699,1.582209563,4.865695,4.52649268,92.433797,11.820978,0.007156,18.997039,185,3,5,4,9,0,1,43,0,24.331437,0.299936,73.518769,157,-1516.556866,18.868351,321.81457,429.019868,248.969095,4.984427518,146.1199,3.402217861,30.03063,11.571488,4685.007524,0.028377,6.372498,15.713416,7.28956,-4.334001,0.894107,11621.79015,0.535714,0,0.324861169,0.408179012,0.183000932,0.042947,0.294712,142.566621,3,0.016242,2.112884,0,38
0.400893,78.181596,18.134769,1.950898828,7.035008,3.324341211,27.780691,2.954649,0.114548,3.948921,443,8,15,56,4,0,1,45,0,3.286103,0.02481,83.547332,29,-1410,1,390.229249,291.616601,317.87747,6.370813922,584.5334,4.419915211,83.08924,2.21695,3892.65361,0.025983,3.613417,26.066618,3.011416,-11.412339,0.633999,5014.23133,0.364901,0,0.685629341,0.155236448,0.042047033,0.505608,4.483965,194.848464,2,0.003811,0.626185,0,29
0.955102041,-5.400539,35.444728,-0.475794766,0.621391,1.825121548,6.203549,2.22,0.202906,9.983332,190,6,5,56,12,0,3,15,0,8.885843,0.074821,80.079642,60,-1520,19,390.327273,334.236364,275.945455,4.705694024,110.575,5.181489125,177.9476,21.642509,1638.03304,0.026328,4.903557,15.05602,2.888012,-7.470335,0.133687,5332.185645,0.356165,0.019186536,0.337309323,0.26688172,0.14534844,0.001329,0.403904,78.67087,1,0.018662,1.092272,0,28
1.175,-90.756953,40.010881,-2.295341392,0.100727,1.056984761,2.877681,2.557789,0.152852,28.569108,195,3,9,60,9,0,5,74,0,6.213468,0.09833,101.328622,26,-1413,0,43.555556,680.166667,276.416667,1.55779045,4.748318,3.853131868,47.14047,0.621884,2248.12976,0.035072,18.440702,11.666627,3.244991,-6.052999,0.539235,7591.468144,0.333,0,0.883698061,0,0.003614958,0,16.693459,3.990058,1,0.005506,0.731244,0,0
0.392898719,-88.342758,35.5802,-6.726267403,0.001199,-1.625231985,0.196866,1.603932,0.388712,164.214363,126,1,9,1,9,0,5,74,0,4.076239,0.019113,108.340708,13,-1413,0,142,620,238,-3.018325591,0.048883,3.708086561,40.77571,2.142857,3511.428571,0.028062,0.062593,15.719755,4.208766,-24.18906,0.327146,9533,0.544,0,0.21,0,0.75,0,3.936183,10.747816,2,0.018386,1.300985,0,0
0.569176883,-99.877088,37.224106,-4.097088323,0.016621,-0.224486953,0.798926,1.748116,0.327235,48.066613,658,3,5,52,9,0,5,74,0,4.313143,0.04789,77.846616,16,-1052,0,392,356,252,1.671152011,5.318291,5.768226616,319.9698,2.289203,1393.990991,0.030674,1.254066,14.252542,1.973025,-7.608576,0.883185,3044.754499,0.223139,0,0,1,0,0.000765,0,0.064902,1,0.005701,0.037554,0,0
0.117436,76.607691,11.331432,2.093556702,8.113722,4.272293769,71.685878,7.099351,0.019841,8.835141,1980,8,1,3,16,0,1,45,0,15.511257,0.128714,81.038346,125,-1410,1,358.112648,347.051383,294.843874,4.106786506,60.75118,2.013229888,7.487462,15.660754,7857.757768,0.020697,8.031907,17.217478,8.130329,-16.641518,0.237982,10780.02536,0.615763,0,0.078550443,0.238312757,0.316043514,0.002039,2.780043,173.639323,1,0.015029,3.848849,0,24
0.113,-85.104371,31.787196,4.88313592,132.044095,5.941372641,380.456802,9.339872,0.011464,2.881286,58,1,5,1,9,0,5,73,0,6.780416,0.050895,90.067435,89,-1252.27807,21.163531,648.44563,186.457317,165.069614,8.790031488,6568.439,3.906895482,49.74428,2.200355,4175.368608,0.023416,0.75106,18.328205,3.62227,-20.061778,0.089505,8312.879428,0.54452,0.001670214,0.049043645,0.054059285,0.0874649,0,5.538471,36.668135,5,0.011917,0.926205,151.371356,32
0.167897,116.2251,27.825586,0.333892483,1.396393,2.858098707,17.428359,4.160521,0.05777,12.480981,54,3,11,99,9,0,1,43,0,2.769931,-0.005959,91.228448,26,-1520,19,353.952703,377.695946,268.364865,1.43668919,4.206745,1.102796523,3.012579,1.120939,6157.751445,0.031915,2.072622,18.330205,6.039162,-5.372459,0.580696,13049.93321,0.411125,0,0.89732852,0.039772727,0,0.341598,0.656039,532.697734,1,0.000931,1.610384,0,0
0.5675,66.389289,38.952874,3.012596274,20.34014,3.145635833,23.234444,1.453284,0.473477,1.142295,477,1,13,109,12,0,1,46,1,2.93372,0.040425,74.214991,32,-1194,0,224.860627,429.059233,346.010453,8.383721911,4375.263,5.371125816,215.1049,13.988396,289.959546,0.034529,4.55456,9.899986,2.185797,-4.86568,0.661253,3237.692317,0.183943,0.086375025,0.56224334,0.007768297,0.001524735,0,3.023601,93.024825,3,0.05244,0.392749,110.467451,29
0.168889,19.200996,49.718274,2.013365706,7.488479,2.946561357,19.040368,1.962789,0.259569,2.542622,337,3,7,7,19,0,2,24,0,8.165015,0.101373,90.812738,101,-1239.790167,3.461761,268.646154,499.861538,231.215385,6.83745727,932.116,4.824091235,124.4733,14.025635,1185.102354,0.028755,0.443902,5.817422,3.945614,-3.076277,0.543105,13325.05759,0.464036,0,0.186811233,0.048697917,0.036309639,0.002355,9.079881,143.988643,2,0.009052,1.588155,0,32
0.761363636,30.150987,-30.721094,-3.704805605,0.024605,0.459276928,1.582929,2.846722,0.123399,64.333685,417,3,5,60,9,0,3,12,0,8.978309,0.007951,90.911038,60,-1520,19,435.5,287.5,277.7,1.497819859,4.471929,5.202626064,181.7489,7.680412,2071.852062,0.018802,5.386864,17.387541,2.940696,-7.283933,0.191555,5781.99743,0.491485,0,0.083815789,0.439555189,0.299095395,0,0.232751,4.857955,3,0.00446,0.426866,0,37
2.516129,5.95246,44.182708,-1.041593218,0.352892,1.481028011,4.397464,2.088221,0.229323,12.461214,458,5,3,8,10,0,2,21,0,6.229735,0.072529,100.837209,28,-1272.878505,8.96729,246.961538,486.269231,266.769231,7.10284333,1215.418,8.144436193,3444.163,21.955554,956.098282,0.024612,1.351636,8.451847,3.45927,-4.418881,0.716721,7383.703337,0.426795,0,0,0,0,4.658537,2.963195,17.66028,4,0.003013,1.120963,35.980705,36
0.31,-92.582592,40.815077,0.292755431,1.340115,2.566452535,13.019556,3.172635,0.099348,9.71525,240,3,9,60,18,0,5,74,0,7.361932,0.040848,85.777778,46,-1413,0,89.009259,561.333333,349.435185,2.971616307,19.52345,2.678860977,14.56849,2.453395,2147.036783,0.031284,1.303061,10.63917,3.105898,-6.590682,0.627329,7295.928762,0.413992,0,0.048428762,0.170895522,0.323804927,0,0.121967,2.48941,2,0.012867,0.551953,0,0
1.073282051,-84.869852,39.860373,-0.568311738,0.566481,1.782604692,5.945322,2.228321,0.201393,10.495183,297,6,5,60,9,1,5,74,0,5.034805,0.049833,102.210704,38,-1413,0,414.290323,370.33871,215.548387,4.813918623,123.2135,5.382230574,217.5069,1.173567,1768.808694,0.031913,8.448043,10.671126,3.535937,-5.708425,1.033984,8781.732731,0.336918,0,0.875607671,0.175287356,0.030095091,2.036715,10.06348,23.436689,1,0.007718,1.048305,0,31
0.753505,-74.630542,40.353338,-0.057100651,0.944499,2.760880384,15.813759,4.590177,0.047461,16.743011,16,3,9,4,9,0,5,73,0,6.580561,0.122936,107.337223,29,-1554.424342,17.146382,386.13913,447.469565,166.4,3.085365003,21.87545,3.142465512,23.1609,2.115764,2411.7168,0.02637,0.0287,11.840549,3.814878,-20.088911,0.752372,9830.329644,0.474535,0,0.061157643,0.118181818,0.372300329,0.055919,57.466492,966.264304,3,0.011745,1.368885,0,33
0.667241,-2.556859,10.446141,-1.801785563,0.165004,0.883047446,2.418258,1.679386,0.354568,14.655748,299,8,5,57,4,0,3,14,0,2.787612,0.024863,108.866525,15,-1410,1,473.689655,308.655172,217.517241,3.032379486,20.74654,4.834164588,125.7335,1.478632,4034.136177,0.022821,1.065977,27.341765,2.983005,-10.331585,0.668721,4202.176638,0.311,0,0.374574685,0.692631579,0.043048433,0,0.415004,34.700096,1,0.001987,0.310246,0,0
0.1108,76.314684,10.633048,0.447111723,1.563789,2.914498302,18.439559,4.159648,0.057795,11.791592,51,9,7,5,2,0,1,45,0,13.890926,0.133274,99.115,75,-1410,1,457.509317,263.037267,279.47205,2.897862521,18.13534,2.450750755,11.59705,11.291298,5963.408316,0.023821,5.089389,25.97959,8.308386,-8.312751,0.456979,17372.51233,0.597445,0,0,0.269456522,0.692429037,0,2.337315,929.221382,1,0.005675,4.758014,0,0
0.26,13.510014,42.778737,-0.17221995,0.841794,2.541306911,12.696253,3.903622,0.065624,15.082376,492,6,1,7,10,0,2,21,0,21.777154,0.082594,110.217961,334,-1520,19,263.806723,368.033613,367.865546,4.845237715,127.1335,5.017457967,151.0269,25.120689,1192.82833,0.02625,1.057442,8.627031,3.914336,-11.359968,0.399767,8599.618034,0.508789,0.014729282,0.017356459,0.228235294,0.703148727,0.096375,3.734971,6.926874,1,0.031326,1.637607,0,41
2.083893977,-106.771158,44.214642,-3.179054331,0.041625,0.122745812,1.130597,1.563237,0.409214,27.161381,1619,3,3,110,6,0,5,74,0,3.206955,-0.043251,81.052269,15,-1520,19,420.842105,341.578947,237.894737,1.910444616,6.756092,5.089495149,162.3079,9.653005,380.224771,0.030502,3.44085,3.995346,3.21643,-11.790866,1.240485,2566.257741,0.13,0,0.500737705,0.3,0.05420765,0,0,0.631024,1,0.013619,0.144726,0,0
0.2,-88.320369,35.677988,-0.673823099,0.509756,1.893581131,6.643116,2.624737,0.145154,13.031962,134,1,9,1,9,0,5,74,0,5.513498,0.030615,93.5,23,-1413,0,170.878788,614.045455,215.075758,2.539260672,12.6703,3.213084689,24.85564,2.770501,3581.847248,0.026893,0.32654,15.620219,4.237707,-22.732101,0.347555,9641.052284,0.566179,0,0.074700055,0.166973684,0.689757843,0.101911,5.103648,11.13517,1,0.001497,1.312126,0,0
0.167478115,-98.112263,33.073,-2.305830353,0.099676,0.673491263,1.961072,1.752238,0.325697,19.674452,326,3,11,53,9,0,5,75,0,3.837867,-0.037978,105.05942,19,-1248.444444,7.975309,332.4,391.2,275.8,2.896608381,18.11261,5.202437875,181.7147,1.925338,2408.94491,0.031703,1.429997,18.37332,2.655511,-9.793189,1.230275,4120.600477,0.349048,0,0,0.935384615,0.01655282,0.245614,1.747141,1.369802,1,0.003806,0.224278,0,0
0.243043,-40.252293,-5.885132,2.411088225,11.146084,4.424752747,83.492161,7.054717,0.020093,7.490717,412,9,9,56,5,0,6,63,0,2.80968,0.006167,96.811421,32,-1410,1,549.933539,238.497682,211.460587,6.118116581,454.0088,3.707028755,40.7326,1.896386,2488.898624,0.023535,3.777757,25.883128,2.50882,-9.740531,2.979053,3376.93251,0.286809,0.009129797,0.558034394,0.410147059,0.001737192,0,0.079498,4.608502,3,0.002873,0.116336,0,47
0.15,-64.659868,-32.225194,2.517817756,12.401504,4.185377836,65.718327,5.264346,0.036084,5.299222,746,8,5,44,6,0,6,64,0,12.041742,0.153504,95.707483,122,-1410,1,387.513298,409.944149,202.760638,6.385642696,593.2659,3.86782532,47.83824,9.967591,1802.98716,0.019915,2.495727,13.237757,3.762883,-5.404246,0.532078,3994.983006,0.345783,0.030555404,0.055094642,0.095269878,0.060156717,0.013889,0.1109,11.834675,1,0.074635,0.163794,0,35
0.199134,-77.152343,38.845918,-0.865036938,0.421036,2.36967788,10.693947,4.649151,0.046265,25.399146,63,9,5,4,9,0,5,73,0,7.336602,0.056643,102.146667,49,-1381.679454,6.40665,399.675325,420.467532,179.857143,3.45327262,31.60365,4.318310176,75.06168,2.19378,2489.56463,0.025909,0.044385,13.232379,3.428566,-20.943526,0.595041,7848.223397,0.436,0,0,0.305076923,0.197922572,2.761905,62.453418,1998.811364,1,0.006441,0.818766,0,0
0.188951,109.650525,22.706198,1.952445604,7.045898,4.421356777,83.209105,8.842962,0.012788,11.809582,94,3,3,1,9,0,1,43,0,12.12427,0.098601,94.755487,97,-1405.969453,1.087621,344.162437,349.729272,306.001692,6.751600409,855.4267,4.799155127,121.4078,10.931873,6969.680183,0.024415,0.641395,21.063973,6.426575,-5.99681,0.65335,11131.62872,0.573979,0,0.283238146,0.161956044,0.368528065,2.810156,0.631305,230.92512,2,0.013576,2.072223,0,23
0.4287665,-112.446166,42.356684,0.21881821,1.244605,2.165661668,8.72037,2.205029,0.20567,7.006537,1571,1,7,43,19,0,5,77,1,8.24288,0.170783,110.674847,66,-1052.592593,0.027778,275.873684,481.6,242.526316,5.619669439,275.7982,5.400851391,221.595,10.337279,156.818329,0.030073,0.610449,6.163041,2.026948,-6.705786,0.603188,3128.079654,0.222644,0,0.08240319,0.298453608,0.106362696,0,0.005771,0.039561,1,0.006025,0.283342,0,0
0.094863,104.029656,28.580703,4.595974939,99.08469,6.354971907,575.346177,16.305008,0.003761,5.80661,291,3,1,6,15,0,1,43,0,30.503515,0.087358,77.303339,698,-1450.330231,15.663312,232.958318,473.444609,293.621341,8.218338268,3708.335,3.622363245,37.42591,29.530911,3713.417214,0.027293,12.673694,13.168096,5.210046,-3.674747,0.418271,10067.92193,0.5415,0,0.189659433,0.297361861,0.27143042,0.047333,0.302971,156.349427,7,0.092179,1.617941,38655.03058,46
0.259951259,-88.25867,35.690899,-0.185826091,0.830418,2.102391906,8.185726,2.533984,0.155737,9.857354,134,1,5,1,9,0,5,74,0,8.575878,0.104323,108.016844,42,-1413,0,126.1,627.916667,246.366667,2.03728402,7.66975,2.223109866,9.236009,2.642727,3679.571138,0.0265,0.114631,15.611685,4.234728,-23.395991,0.352322,9732.58,0.569593,0,0.002227273,0.097394958,0.851154545,3.971609,2.141588,5.192795,1,0.02095,1.233923,0,0
0.198807,106.851727,30.415747,0.883684479,2.419799,3.109271472,22.404716,4.062982,0.060577,9.258915,471,5,1,4,15,0,1,43,0,7.782707,-0.00932,99.01171,43,-1180,6,268.04,414.752,317.08,4.368349528,78.91328,3.484664987,32.6115,16.609813,4258.19458,0.029081,38.054545,16.368084,5.104215,-3.593856,0.399602,11780.96745,0.520759,0,0.415447978,0.138256881,0.103004034,3.17402,2.945835,341.784602,1,0.022773,1.703411,0,30
0.233461,120.39975,42.616072,1.363682121,3.910566,2.806468878,16.55137,2.361072,0.179383,4.232475,414,1,6,51,6,0,1,42,0,2.408416,0.014511,77.416329,14,-1492.891292,0,468.606383,338.755319,192.680851,5.577676398,264.4564,4.213994299,67.62612,2.007247,821.630362,0.026552,0.706354,7.126641,1.555644,-6.13348,1.575633,3013.610443,0.210561,0.001599147,0.459752206,0.291266234,0,0.500233,0.165046,54.713987,1,0.001265,0.105351,0,0
0.223484,103.967561,29.773399,0.857112963,2.356348,3.611244913,37.012101,6.801725,0.021615,15.707401,451,1,5,6,15,0,1,43,0,10.675955,0.093787,88.314824,73,-1520,19,310.995708,418.188841,270.862661,3.174041207,23.90389,2.316928729,10.14447,5.555798,5105.87076,0.03201,34.20791,17.020119,4.173061,-4.279839,0.822115,14133.63186,0.511866,0,0.401511845,0.145415385,0,0.250569,0,200.425944,1,0.004028,1.3559,0,37
0.590291,-97.065272,36.144544,-3.159616841,0.042442,0.18965874,1.208837,1.655249,0.364984,28.481876,277,3,11,53,9,0,5,74,0,2.837186,0.003657,108.087007,15,-1383.111111,20.866667,305.25,414.5,280.25,-1.975615002,0.138676,1.183993031,3.267395,1,2833,0.033497,1.309933,15.984225,2.897481,-9.841942,0.904283,5331.2,0.328,0,0,0.182,0,0.176695,60.958283,632.418551,2,0.011355,0.335465,0,0
0.151515,124.052158,42.237546,3.315729213,27.542471,5.021672018,151.664678,8.152261,0.015047,5.506575,97,3,5,6,26,0,1,42,0,11.583343,0.017021,79.004016,118,-1430.38512,9.32963,382.668322,386.652433,230.696127,7.117412294,1233.255,3.801683225,44.77649,9.265115,1744.647835,0.032401,0.671959,5.611095,3.148531,-9.821712,0.787899,6411.69149,0.333641,0,0.215545318,0.2656,0.335755158,0.526766,0.354562,67.730502,2,0.01856,0.378283,0,33
1.025926,-96.958967,39.171515,4.438504293,84.648238,5.665640656,288.772926,8.854062,0.012756,3.411446,349,5,15,53,9,0,5,74,0,4.688505,0.054079,98.588235,42,-1380.690338,6.290377,130.612925,588.173218,281.123917,7.184196914,1318.43,2.745692747,15.5754,1.326244,2303.274364,0.032448,3.2118,12.728099,2.853008,-8.224092,0.591183,5090.112543,0.309754,0,0.48026358,0.209910229,0.008723075,4.225806,1.653838,7.047294,5,0.008011,0.228725,0,31
0.13030303,31.033935,-29.590189,0.629816996,1.877267,2.930887732,18.744263,3.859228,0.067143,9.984868,87,9,5,8,9,0,3,12,0,9.49232,0.064191,100.84137,127,-1429.530238,21.446004,564.415094,212.773585,223.09434,4.989532182,146.8677,4.3597152,78.23485,10.399298,2684.810604,0.020421,0.88458,18.651414,3.075065,-5.838864,0.377175,6228.360553,0.503005,0,0.259051203,0.157193676,0.285870748,0,7.370413,239.601085,1,0.005968,0.436547,0,41
0.583333,-0.023682,35.119566,1.548776452,4.705709,3.403830013,30.079083,3.911534,0.065359,6.392041,426,3,5,12,6,0,3,15,0,6.786351,0.045891,112.530579,45,-1520,19,363.896552,349.650246,286.320197,7.673385434,2150.349,6.12460899,456.966,6.243812,370.556668,0.026905,0.826287,15.203088,1.476518,-13.780222,0.589092,2010.289689,0.199671,0.039392838,0.757950674,0.08125,0.012009857,0.002174,3.238139,115.090429,1,0.004295,0.127025,0,34
0.069767,120.108441,49.084037,0.346947889,1.414743,2.287665751,9.851914,2.33656,0.183167,6.96375,667,3,5,17,27,0,1,42,0,6.896874,0.039225,99.638595,50,-1052,0,313.76699,517.349515,168.912621,5.165059651,175.0479,4.818111471,123.7312,3.812317,506.359614,0.028499,0.197247,-0.805191,1.727803,-4.389638,1.350975,4023.856086,0.288157,0.015758007,0.018281396,0.670528455,0.000404567,0,0.000547,37.693179,1,0.003387,0.313984,0,0
0.213921569,31.905147,-25.359984,-1.555148611,0.211158,0.894722603,2.446657,1.50198,0.443274,11.586837,175,9,5,6,5,0,3,12,0,3.539859,0.081246,108.967715,18,-1250,9,406.931034,240.517241,351.724138,0.924878551,2.521562,2.48002559,11.94157,1.766154,2417.673077,0.019613,10.159752,22.421159,1.846331,-8.328636,0.762295,3771.116923,0.40556,0,0.524123077,0.224230769,0.2232,0.023947,4.039246,24.567921,1,0.011472,0.028497,0,44
0.773577,120.899461,24.588229,0.639436229,1.895412,3.065972074,21.455308,4.396206,0.051742,11.319602,59,3,7,1,9,0,1,43,0,12.970388,0.016379,72.26089,129,-1520,19,327.349693,373.300613,299.331288,4.104530839,60.6143,3.465094447,31.97948,17.569901,8145.40655,0.023087,0.519744,19.194206,6.99551,-11.373949,0.616108,16570.07306,0.719344,0,0.060890349,0.203347107,0.765477387,0.002438,6.233848,90.465568,1,0.00325,3.204915,0,32
0.187741,103.884654,23.750597,1.94198388,6.97257,4.001702088,54.69116,5.842729,0.029293,7.84376,1444,1,7,1,15,0,1,43,0,4.823305,-0.017656,73.270387,56,-1177.613149,5.681753,254.787234,397.153664,347.990544,5.761110374,317.7009,3.81912671,45.5644,5.092848,2942.449662,0.02569,4.537972,16.149355,3.971231,-5.524465,1.112754,9395.623088,0.352469,0,0.630524623,0.073072626,0.005899282,0.108673,1.749433,138.205629,4,0.049906,1.110975,0,29
0.063704124,-104.986003,42.537282,3.820271466,45.61659,5.0754586,160.045572,6.684629,0.022379,3.508495,1407,3,7,53,6,0,5,74,0,7.045661,0.081,99.651389,99,-1380.208036,19.151985,489.139556,284.248614,226.567468,9.058354364,8590.003,5.238082637,188.3087,5.181759,185.467292,0.031394,0.660313,6.065837,1.594605,-6.511054,2.125452,2113.512731,0.127946,0.005426802,0.115576358,0.09647124,0.056330858,0,2.058018,9.533272,6,0.009595,0.073117,203.224457,26
0.141176,70.231304,41.058956,1.069787827,2.914761,2.570761205,13.075774,2.160533,0.214229,4.486053,1047,10,3,44,23,0,1,46,1,10.683275,0.066905,97.025016,107,-1483.055706,17.631693,309.753846,432.761538,257.376923,7.16800346,1297.252,6.09821562,445.0629,22.135362,439.729505,0.030512,7.426098,3.954714,3.030443,-2.767768,0.402991,5408.458824,0.166036,0.203032147,0.166916105,0.070837004,0.001396033,0,0.391076,263.071487,1,0.007477,1.249626,0,30
0.599887,116.795627,28.86259,0.938289378,2.555606,3.026112825,20.616935,3.63808,0.075554,8.067338,17,1,15,99,9,0,1,43,0,2.864819,0.034748,73.764706,12,-1134.205742,0,195.880952,481.107143,322.839286,2.5856995,13.27257,1.647410154,5.193512,0.977904,6762.128186,0.031043,12.542915,18.375952,6.53464,-6.09831,0.810265,12330.11105,0.301,0,0.755127479,0.098846154,0,0,0.400687,295.406234,2,0.007089,1.960754,0,0
0.15117158,-83.020412,38.208788,1.526100433,4.600203,4.703679887,110.352511,14.514056,0.004747,23.988618,205,3,5,7,9,0,5,74,0,11.267392,0.117607,104.617225,84,-1198.783519,10.163638,309.638298,500.417795,189.823985,6.225266297,505.3576,4.699165866,109.8555,5.205453,2381.091739,0.02654,0.231401,12.882755,3.888194,-20.719465,0.721099,9390.683988,0.534325,0,0.028290831,0.205912409,0.806477813,0,1.975724,14.954473,1,0.001936,1.057456,0,36
0.29289,116.339444,27.365645,1.018490578,2.769012,3.283368607,26.665447,4.520449,0.048937,9.62995,187,8,1,4,9,0,1,43,0,18.854675,0.156546,97.354651,140,-1410,1,385.003521,338.725352,276.341549,5.131408817,169.2554,4.11291833,61.12484,25.796357,6815.101905,0.025174,2.820348,16.939758,7.352298,-11.954938,0.284513,15046.74532,0.59598,0,0.154646319,0.300596206,0.218615031,0.23913,0.001242,71.280788,1,0.00694,2.885518,0,34
0.704,-96.305457,35.956152,1.106870429,3.024877,3.375726673,29.245528,4.743519,0.044443,9.668336,232,5,9,8,9,0,5,74,0,4.993876,0.029445,117.922872,34,-1398.705186,20.65402,604.25641,290.317949,105.641026,5.727988465,307.3504,4.621118335,101.6076,2.148393,2717.783914,0.030076,2.815749,15.981228,3.157663,-9.299933,0.853134,5626.024144,0.415847,0,0.006548356,0.189429224,0.175497355,2.252874,4.123703,9.261673,3,0.005158,0.54884,0,26
0.282051,-82.63096,40.707635,1.40287858,4.06689,3.185378068,24.176427,3.381863,0.087436,5.944697,367,3,5,60,18,1,5,74,0,5.116726,0.051266,85.160127,43,-1394.270177,0,165.644172,577.515337,256.668712,4.436774966,84.50198,3.033896178,20.77803,2.331536,1490.994291,0.03127,6.172483,9.852396,3.632649,-6.074632,1.042825,9112.064382,0.412519,0,0.419703504,0.069375,0.295643435,0,20.409794,60.530964,1,0.005611,1.133879,0,39
0.336172,100.059017,23.712781,0.682447644,1.978715,2.60073318,13.473613,2.702014,0.13697,6.809274,1739,9,1,1,16,0,1,44,0,11.018742,0.055572,79.622598,66,-1506.761679,16.833729,383.930233,291.511628,324.55814,4.359420787,78.21182,3.676973104,39.52657,13.547045,4111.038173,0.022513,0.102684,16.029783,6.155465,-12.939806,0.65822,9634.658122,0.570172,0,0.185715722,0.181607843,0.303097105,0.112826,1.03528,89.258464,1,0.053014,1.821996,0,23
0.063613232,-87.119891,38.642424,-2.729759144,0.065235,0.612879198,1.845738,2.038561,0.240632,28.29354,146,3,13,41,9,0,5,74,0,2.667607,0.009326,107.34433,13,-1413,0,132,601,267,-0.034882377,0.965719,2.694872421,14.80363,0.569444,2707.708955,0.038939,14.32898,13.074084,3.795877,-7.071643,0.526311,8977.444444,0.393,0,1,0,0,0.351709,9.75109,5.39886,1,0.010888,1.349165,0,0
0.131379,7.332847,44.166113,-0.458187318,0.632429,1.470537849,4.351575,1.543603,0.41969,6.880734,1952,8,1,44,10,0,2,21,0,30.982397,0.129058,114.914036,285,-1410,1,415.875,446.75,137.375,2.457747832,11.67848,2.915935536,18.46608,45.213608,1185.08343,0.028844,18.391645,4.139274,3.977434,-3.698968,0.38968,12415.14873,0.258649,0.563908046,0,0.204660194,0,0.093971,2.058952,0.789501,1,0.111258,3.253934,0,0
0.023411,111.36023,29.421157,1.715329727,5.558508,3.814637802,45.360324,5.427404,0.033948,8.160522,123,3,3,1,9,0,1,43,0,14.146965,0.077794,107.535063,132,-1506.749938,18.49338,285.483582,446.668657,267.973134,4.183964645,65.62552,2.468634981,11.80632,14.784957,5043.767554,0.027316,8.716203,16.246483,5.667523,-4.511797,0.867731,10864.9714,0.527149,0,0.134611966,0.212252747,0.433613675,0.624277,0.068352,226.40041,1,0.008227,1.663345,0,36
2.720769,35.676742,31.855008,-1.267885743,0.281426,0.892426226,2.441045,1.298043,0.593501,8.673858,-129,6,2,109,5,0,1,29,1,5.612336,0.001013,99.32679,29,-1410,1,288.384615,434.769231,276.846154,5.086597071,161.8382,6.354484295,575.0657,13.571834,239.47119,0.02981,8.950024,18.930627,0.663913,-5.91183,0.672492,1431.995767,0.181422,0.220509491,0.662053234,0.125263158,0.000428301,0.016637,35.735692,1115.445557,1,0.015046,0.121584,0,0
0.4688,78.815243,12.18362,2.990566554,19.896952,4.677771915,107.530219,6.800366,0.021624,5.404356,222,8,7,56,4,0,1,45,0,4.864695,0.072448,86.50758,81,-1410,1,389.117647,304.576203,306.255348,8.102125829,3301.479,5.111559383,165.9289,5.916502,4288.291245,0.0249,17.295527,25.817166,2.79814,-11.916357,0.386509,4240.355439,0.428116,0,0.66846848,0.21127873,0.053481243,0.603783,4.590216,349.59391,4,0.136099,0.309759,0,34
0.042861688,-89.794846,34.154254,4.339152523,76.642559,5.736960206,310.120275,9.99287,0.010014,4.046319,76,3,5,1,9,0,5,74,0,5.4896,0.074673,109.727273,47,-1413,0,79.036074,636.727851,284.225995,7.027450263,1127.153,2.688297733,14.70662,1.796097,4313.739291,0.026145,0.820471,16.988444,4.209134,-23.389871,0.236082,9749.762171,0.532849,0.000258295,0.104684077,0.185651692,0.375586336,0,4.073063,20.870553,4,0.007017,1.423671,0,37
0.035219092,-83.660565,35.175594,1.764099433,5.836314,3.898087536,49.308059,5.757628,0.030166,8.448493,918,8,1,4,10,0,5,74,0,21.226834,0.295866,108.054614,138,-1052,0,468.212465,313.422096,218.470255,5.457480321,234.5058,3.693380808,40.18046,16.386168,3060.120049,0.026563,1.151884,11.431238,5.016522,-17.459175,0.286383,15774.86034,0.549149,0,0.002230808,0.127026699,0.908509899,0,0.027346,3.595755,1,0.01434,3.564196,0,34
0.306451613,30.456853,-22.539808,-0.99945769,0.368079,1.928993872,6.882582,3.200192,0.097645,18.698658,469,3,7,78,5,0,3,12,0,8.209603,0.085025,108.952519,71,-1460.088757,20.775148,693.038961,133.727273,173.12987,5.65786174,286.5353,6.657319664,778.4616,7.569848,2769.629418,0.021168,3.435493,21.122841,1.545075,-8.277695,1.761273,3892.216777,0.280334,0.048391651,0.029751915,0.3306,0.040153774,0,0.472222,27.995964,2,0.004339,0.234707,0,42
0.565517,-64.345622,-31.149696,-1.761435911,0.171798,1.363965671,3.911675,2.662251,0.141092,22.769055,800,1,1,51,15,0,6,64,1,14.31243,0.143244,94.70438,106,-1135,0,355,445,199,3.612465633,37.05731,5.373902462,215.703,8.252429,2323.351723,0.019831,0.997539,15.060901,3.966665,-5.954664,0.433131,4559.103312,0.44924,0,0.393311521,0.255909091,0.104558794,0,3.915331,97.986473,1,0.010373,0.08457,0,0
0.164,78.563887,12.277097,0.988790726,2.687982,3.11739608,22.587487,3.88642,0.066206,8.403138,318,8,11,56,4,0,1,45,0,2.566337,-0.02187,105.16506,22,-1410,1,388.914894,313.87234,297.306383,7.354353373,1562.986,6.365562647,581.4719,4.545614,4219.457867,0.024819,7.671772,25.526113,2.701359,-12.264417,0.488844,4098.012594,0.411829,0,0.760028482,0.0560625,0.037886835,0.03792,6.345719,477.211242,2,0.002848,0.275423,0,40
0.553846,118.539516,36.382367,2.707672463,14.994335,4.134355172,62.449309,4.549452,0.048315,4.16486,128,9,11,44,15,0,1,43,0,4.664021,0.023469,83.072691,133,-1154.043827,5.05463,376.498141,408.420074,215.050186,6.220297085,502.8526,3.51262426,33.53616,8.275977,2192.149786,0.031507,54.320349,11.721638,2.583221,-5.791142,0.47029,5138.539937,0.27144,0,0.839297081,0.140289522,0.01819755,0.804815,2.503269,304.073131,4,0.01696,0.391566,0,39
0.361111,105.740725,31.990959,4.588506027,98.347392,6.470150076,645.580606,18.363866,0.002965,6.564288,404,3,1,6,15,0,1,43,0,17.408699,0.013191,78.248211,297,-1520,19,247.51592,460.149992,292.333279,7.486419909,1783.655,2.897913801,18.13627,15.991231,3566.722627,0.027604,2.293267,14.788288,4.729827,-4.951269,0.749219,9261.531448,0.490424,0,0.446448383,0.37173942,0.038257168,0.103418,0.654098,132.458458,5,0.32479,0.929462,25897.79874,43
0.74717,-95.808315,38.253322,3.850263212,47.005434,4.994670241,147.624257,6.074056,0.027105,3.140579,316,6,15,43,9,0,5,74,0,2.675367,0.00315,107.444882,33,-1408.19647,0.935201,135.336714,489.320487,375.308316,8.689147022,5938.115,4.838884074,126.3283,1.32287,2472.860348,0.033299,1.225316,13.101772,2.991259,-7.660352,0.866919,5564.682522,0.325941,0.000151111,0.251316774,0.255315457,0.005883858,0.091633,1.702356,8.292681,5,0.005966,0.387391,0,39
1.647273,71.424214,21.040972,1.569589402,4.804675,3.475064103,32.299899,4.156849,0.057872,6.722597,33,2,11,46,5,0,1,45,0,3.603302,0.022169,89.721914,41,-1250,9,316.357988,332.281065,350.997041,5.241111893,188.88,3.671522184,39.3117,0.986046,3385.416957,0.027123,6.270592,27.044753,1.949145,-10.655082,1.691966,2472.555179,0.290403,0,0.903133005,0.038397329,0.011027229,0,4.895187,273.281371,3,0.002888,0.212181,0,33
0.236458132,-105.174646,40.962699,-3.594952048,0.027462,-0.129471075,0.87856,1.49555,0.447093,31.991919,1935,8,5,53,6,0,5,74,0,11.532208,0.180595,108.520457,52,-1520,19,384.230769,375.230769,239.538462,3.314675339,27.51346,6.909629521,1001.876,8.959011,287.868899,0.028424,1.004731,5.842776,1.994812,-5.436639,1.969714,2392.304829,0.159371,0,0.079557126,0.8,0.052694935,0.101726,0.022048,0.393304,1,0.032739,0.077809,0,0
0.19262,-99.898724,32.237637,0.806991358,2.241155,2.726003341,15.271729,2.877712,0.120755,6.814222,610,3,9,59,9,0,5,75,0,3.631387,0.018746,116.461538,33,-1418.416887,20.385224,426.59589,313.650685,259.753425,5.559168564,259.6069,4.752177124,115.8362,2.326518,1710.393218,0.029763,1.312891,17.798408,2.131503,-10.939664,1.813815,2926.655889,0.335825,0.000311624,0.046090678,0.43,0.031655525,0,1.030435,3.062296,1,0.002686,0.025765,0,0
0.962193,116.621967,42.226097,1.286970312,3.621797,3.504918695,33.278738,4.932872,0.041096,9.18846,1211,7,9,44,27,0,1,43,0,6.232388,0.093468,104.45811,80,-1078.251994,0.874626,514.016835,298.643098,187.400673,8.123965994,3374.377,6.836995741,931.6859,3.117011,492.124342,0.027178,0.38873,1.467431,1.825442,-4.27066,1.844323,3337.420118,0.177329,0.003251778,0.100492239,0.453809524,7.76E-05,0.089579,0.334824,10.161027,3,0.02601,0.125797,0,46
0.06803,110.223128,26.986413,0.102348986,1.10777,2.895282293,18.088607,4.848143,0.042545,16.328852,557,5,1,4,9,0,1,43,0,31.455137,0.393262,87.687977,165,-1295.508475,7.474576,291.165714,428.177143,280.64,4.406722174,82.00024,4.304373154,74.0228,20.667849,5315.36991,0.022744,0.61278,15.264468,6.552975,-4.70868,0.632166,14010.90947,0.589737,0,0.032137191,0.441231884,0.292235184,0,0.000481,52.190452,1,0.014765,2.365549,0,32
0.1875,0.025309,53.443894,0.059578428,1.061389,1.374722414,3.953979,1.08266,0.853131,3.725286,2,6,16,10,10,1,2,23,0,1.132731,-0.00558,89.835202,8,-1116.668022,0,388.342857,332.057143,279.257143,1.830245137,6.235415,1.77066674,5.874769,0.649713,417.289221,0.023947,0.472243,9.393032,2.293575,-3.994577,1.50919,7986.414274,0.443024,0,0.837711239,0.069807692,0,0.013207,7.328487,43.345158,1,5.80E-05,0.560401,0,0
0.710256,-101.441927,39.956531,-4.252332595,0.014231,-0.479041145,0.619377,1.464622,0.466175,43.521755,974,5,5,53,9,0,5,74,0,6.062496,0.051613,108.9375,26,-1413,0,347.4,387.4,265.2,0.735495689,2.086516,4.987798508,146.6133,2.640379,854.695238,0.030358,2.900268,11.16905,1.754534,-6.88918,0.509031,3000.776025,0.197,0,0.227129338,1,0,0.569565,0,0.254799,1,0.012282,0.03705,0,0
1.509286,27.682301,46.280279,0.653201365,1.921683,2.202413315,9.04682,1.840984,0.295053,4.707758,79,3,7,18,9,0,2,22,0,5.715739,0.053592,96.888889,31,-1493.205638,14.242123,255.672414,321.982759,421.810345,5.529522337,252.0235,4.876321119,131.1473,9.389124,624.828894,0.030388,0.805096,9.86801,2.039374,-5.230244,0.418002,5041.588884,0.371652,0,0.724724217,0.108167702,0.180715627,0,1.151337,38.914986,1,0.002485,0.168443,0,0
0.492529,-96.424633,38.521566,0.411814243,1.509554,2.470575109,11.829248,2.715989,0.135564,7.836256,387,5,5,42,9,0,5,74,0,3.931085,0.032435,109.276549,38,-1387.186082,5.025719,41.789474,603.768421,354.378947,3.716924976,41.1377,3.305110767,27.25156,1.937622,2475.494684,0.033432,1.622704,12.917611,3.007502,-7.773122,0.850757,5650.85516,0.329107,0,0.001680274,0.203956522,0.002385696,0,0.115265,1.380761,1,0.039104,0.362134,0,0
0.328,-120.786851,38.160716,2.629199399,13.862667,4.487305282,88.881612,6.734163,0.022051,6.411581,208,2,5,56,12,0,5,77,0,9.893884,0.046358,77.332975,149,-1392.707114,15.196758,437.811359,364.640974,197.48073,6.15871244,472.8189,3.529512904,34.10735,10.574541,1126.247127,0.025981,1.12521,14.345526,2.897891,-15.909723,0.325427,4814.826324,0.439721,0,0.126832487,0.222159647,0.035780216,0,1.839566,11.636287,3,0.145082,0.473188,0,48
0.66,-94.235042,44.910783,0.317702176,1.373967,1.781203955,5.937,1.428808,0.489838,4.321064,318,6,13,42,18,1,5,74,0,3.026449,0.048129,102.839744,16,-1413,0,396.075472,348.075472,255.849057,1.024269058,2.785059,0.706566734,2.02702,0.908297,1531.183432,0.033767,4.355509,6.708452,2.783711,-4.728746,0.547079,6399.279476,0.337771,0,0.330873362,0.062699115,0.007969432,5.770768,11.745064,47.087942,1,0.000318,0.256137,0,0
1.004341159,-90.648444,39.852801,-2.298971629,0.100362,0.893998496,2.444886,2.177049,0.210991,24.360589,148,6,5,41,9,0,5,74,0,7.763226,0.069584,104.122951,33,-1413,0,73.96875,668.75,257.28125,1.667474907,5.298771,3.966442628,52.79638,1.705224,2240.559796,0.029516,18.440702,12.020572,3.22083,-6.634273,0.538198,7462.028607,0.38872,0,0.405385572,0.606666667,0.235049751,2.130435,4.40358,9.985511,1,0.011908,0.554032,0,0
1,138.596641,-32.744508,-2.02593869,0.13187,1.012980687,2.753797,2.13921,0.218521,20.882606,447,1,5,59,6,0,4,56,1,7.60335,0.061123,115.986957,41,-1520,19,589.228571,171.285714,238.971429,4.922969885,137.4101,6.94890586,1042.009,3.377862,445.143811,0.019406,0.390703,15.19906,1.069484,-8.122794,0.402621,1980.408528,0.225489,0,0.878960828,0.753529412,0.004062172,0,0.0257,0.102512,1,0.004826,0.003978,0,0
0.339506,124.335551,48.684861,0.359994827,1.433322,2.426339686,11.317381,2.666669,0.140625,7.895909,247,9,5,42,27,0,1,42,0,8.814578,0.137808,85.035237,74,-1410,1,307.157895,425.421053,267.421053,5.328699131,206.1696,4.968704352,143.8404,4.621943,981.053922,0.037479,2.47724,1.626071,2.099433,-15.465682,0.723534,4739.182784,0.262518,0,0.691309599,0.095731225,0.005596333,0.00808,8.10E-05,27.720311,1,0.001846,0.164049,0,0
1.052158,106.690862,31.502223,0.86003102,2.363234,3.787066446,44.126762,8.097365,0.015251,18.67219,432,3,9,6,15,0,1,43,0,9.370719,0.064522,73.839613,77,-1520,19,244.227882,430.876676,324.89008,4.537842285,93.48886,3.677810923,39.5597,8.154153,4014.297756,0.029201,10.751289,16.260902,5.222811,-4.178249,1.147935,10493.35849,0.489046,0,0.689837157,0.48440367,0.013825256,0.214763,0.067045,515.553146,4,0.059993,1.33866,0,31
0.96225,70.46177,21.789393,2.349220652,10.477401,4.430558254,83.978285,7.318722,0.018669,8.015183,47,6,9,98,5,0,1,45,0,2.786891,0.000528,108.482759,37,-1250,9,389.638381,329.130548,281.04047,5.659509393,287.0078,3.310288967,27.39304,0.918794,3108.972007,0.028835,6.483787,26.476791,1.861076,-9.920571,1.401589,2704.023773,0.269549,0,0.956540395,0.145649203,0.001229761,0,6.284138,271.41389,4,0.004024,0.204256,0,42
1.794444,26.356955,47.787404,0.816939237,2.263561,1.980198664,7.244182,1.358277,0.54203,3.200348,264,3,7,58,10,0,2,22,0,1.149855,0.012826,110.439024,12,-1520,19,244,368,388,5.58461448,266.2976,4.767675015,117.6454,3.42118,673.227391,0.031719,0.026303,8.027435,2.330604,-4.110816,0.563294,6150.170985,0.3907,0,0.734048711,0.077692308,0.138588856,0,4.779834,69.559661,4,0.000633,0.214371,0,38
0.418435,-5.192789,38.897426,4.534928156,93.216818,5.799622238,330.174809,9.646991,0.010745,3.542009,340,3,7,44,12,0,2,23,0,6.178016,0.059139,87.2038,69,-1416.711212,16.728696,464.243618,349.901776,185.918979,8.467327719,4756.787,3.932399586,51.02928,5.475207,570.495776,0.029681,0.88396,15.469691,1.743163,-7.640795,0.54141,3223.530799,0.292578,0.001688338,0.688065996,0,0.042195546,0.047428,1.200393,8.991276,4,0.179729,0.176117,0,35
0.536175,122.060044,45.797474,1.927010237,6.868943,3.151033163,23.360187,2.514354,0.158178,3.400842,234,9,11,17,26,0,1,42,0,3.60876,0.052335,88.854539,45,-1067.397238,0.625102,446.168831,281.318182,272.577922,7.192477726,1329.393,5.265467675,193.5368,4.927244,877.046804,0.029894,1.921376,4.526282,1.688254,-5.278086,1.544285,3108.011671,0.232067,0.019208514,0.796135185,0.214229422,0.000279203,0.042081,0.343355,64.011288,2,0.003834,0.127,0,53
0.094606,117.738969,29.437732,0.400821677,1.493051,2.93559403,18.832687,4.347804,0.052901,12.613555,129,12,1,4,9,0,1,43,0,21.788907,0.243904,99.480181,133,-1520,19,292.283951,420.432099,287.45679,5.212184694,183.4945,4.811362066,122.8989,22.399674,6194.39496,0.026263,1.237366,16.334349,6.879421,-11.732877,0.868654,14984.32888,0.592911,0,0.049311202,0.330050505,0.180942974,0.048267,0.002687,107.74981,1,0.01243,3.497876,0,31
0.087,-80.801782,41.124133,2.006161188,7.434722,4.069002121,58.498559,6.052125,0.027301,7.868291,276,3,9,60,10,1,5,74,0,5.260786,0.032619,93.420346,34,-1577,0,215.646724,537.330484,247.25641,5.199433609,181.1696,3.193272438,24.36804,1.384615,1573.5024,0.031541,2.675825,9.757988,3.73723,-17.192966,0.790862,9056.248023,0.450201,0,0,0,0,0,33.117741,135.062,2,0.020688,1.791807,0,32
0.05747,111.942165,28.809625,0.740404742,2.096784,3.328621563,27.899857,5.435258,0.03385,13.306021,43,12,9,99,9,0,1,43,0,3.834829,-0.007804,82.889846,28,-1052,0,249.463964,482.045045,268.472973,1.544850537,4.687271,0.804445681,2.235457,0.664526,4480.483077,0.02651,1.720955,17.337126,5.298479,-4.509589,0.883765,10917.9069,0.416,0,0.738025682,0.083639706,0.000674157,0.060491,6.142822,429.221384,1,0.002708,1.095975,0,33
0.613208,102.878241,38.391771,3.118512491,22.612718,3.627976609,37.636586,2.232692,0.200605,1.664399,1416,1,16,107,8,0,1,43,1,2.72011,0.022553,97.285714,35,-1052,0,414.911392,392.303797,192.768987,8.891958788,7273.252,5.773446277,321.6443,5.135561,236.631822,0.035035,0.750744,6.425286,1.136588,-4.616671,0.568515,1490.723153,0.128879,0.014332826,0.393740277,0.276677602,3.28E-05,0,1.428863,163.096117,4,0.025487,0.072896,0,34
0.167826,-0.680346,42.122451,2.681120702,14.601448,3.730948127,41.718644,3.079834,0.105425,2.857158,410,6,7,12,9,0,2,21,0,3.28848,0.019231,78.935547,43,-1241.416309,14.188841,257.052925,458.56546,284.320334,4.830285392,125.2467,2.14916453,8.577689,4.959265,712.782341,0.032978,1.720271,12.623994,2.444519,-5.640928,0.948236,3460.993245,0.286295,0.013370977,0.762313592,0.070470383,0.000774076,0.168336,2.914178,4.584341,3,0.009005,0.600735,0,0
1.011211,101.188004,25.519012,1.70070283,5.477796,2.920375068,18.548243,2.235604,0.200083,3.386078,1892,3,7,1,16,0,1,43,0,8.519432,0.088028,73.80078,62,-1271.687117,7.116564,204.61236,438.488764,356.960674,3.847567468,46.87889,2.146864648,8.557984,11.897355,2785.659729,0.024058,0.056884,14.656914,4.163663,-9.631127,2.021329,5779.12281,0.467981,0,0.315765289,0.111494413,0.021026446,0,1.052992,192.638866,3,0.04825,1.439948,0,39
0.270192,-76.916456,39.130921,0.847000673,2.33264,3.933483199,51.084606,9.435421,0.011233,21.899914,85,4,5,4,9,0,5,73,0,11.391822,0.204447,100.017857,79,-1360.66242,10.052957,368.282974,402.323741,229.129496,4.885069804,132.2997,4.038069582,56.71675,2.31527,2579.720296,0.025698,0.459653,12.676018,3.533124,-20.096991,0.658111,8498.991497,0.507692,0.005019586,0.104153459,0.113793103,0.481753459,0,37.48412,217.385546,3,0.071628,1.219745,0,37
0.223333,-119.940371,34.577145,2.397226868,10.99265,4.165142623,64.401867,5.479518,0.033305,5.85863,230,3,7,82,13,0,5,77,0,11.40167,0.185729,68.951517,98,-1376.506755,18.326422,338.746154,399.166667,262.184615,6.261200993,523.8477,3.863974126,47.65436,19.176321,713.647911,0.021784,2.299146,15.395256,1.365158,-22.795074,1.318368,2977.82206,0.414818,0.00059979,0.026539676,0.125385604,0.117302836,0,0.630483,1.145682,2,0.005554,0.400521,0,43
0.031525,111.183067,25.277619,0.749631951,2.116221,2.774405134,16.029089,3.108304,0.103503,7.574394,392,6,3,4,9,0,1,43,0,19.802693,0.027502,84.496619,125,-1520,19,449.729323,306.699248,243.233083,4.21571951,67.74289,3.466088028,32.01127,24.972607,7415.720644,0.023903,1.369251,17.174086,7.718737,-4.7475,0.439517,15507.05387,0.591428,0,0.063566762,0.213941606,0.334458453,0.009329,0.021307,114.108325,1,0.013894,3.203792,0,34
0.238,-84.680377,34.600041,1.131966146,3.101749,2.988011193,19.846173,3.178839,0.098961,6.398382,212,3,1,4,9,0,5,73,0,9.764969,0.153999,97.75443,79,-1232.544493,6.10582,284.831933,460.579832,254.857143,5.810073357,333.6436,4.678107402,107.5663,5.160183,3647.850984,0.02426,0.278852,15.219038,4.408071,-22.269324,0.1018,10993.76628,0.579144,0,0.038384177,0.083935185,0.601987238,0,5.573295,27.32656,4,0.064836,1.733393,8.206178,34
3.759469697,-83.054414,40.393958,1.558710984,4.752691,3.811680832,45.226393,5.852174,0.029199,9.515954,278,6,13,60,9,1,5,74,0,3.709515,0.031964,82.197492,30,-1577,0,171.250729,557.344023,271.195335,6.841413106,935.8106,5.28270208,196.9012,0.403427,1543.478457,0.034176,5.374723,10.225099,3.559958,-5.191412,1.032349,8540.919104,0.330509,0.000386608,0.878215485,0.154146006,0.06066354,0,11.591906,51.015678,2,0.004215,1.013077,0,32
0.64111832,-96.66983,33.307163,-2.691443853,0.067783,0.302265959,1.352921,1.465911,0.465356,19.959622,198,6,9,99,9,0,5,75,0,2.927213,0.019791,108.529158,13,-1052,0,190.411765,478.470588,330.235294,1.128965597,3.092456,3.82041066,45.62294,1.027842,3118.78673,0.030081,1.325247,18.128273,3.32867,-6.949932,1.33479,5758.213457,0.35342,0,0.186473318,0.757777778,0.000417633,0.019608,7.639262,12.551043,1,0.002992,0.505117,0,0
0.059924,112.342483,27.260347,0.843699824,2.324953,3.213687589,24.87063,4.601238,0.047234,10.697259,123,5,3,1,9,0,1,43,0,15.080759,0.064925,78.903926,102,-1432.358117,4.658601,312.377593,402.605809,285.082988,4.255929539,70.52234,3.412229635,30.3328,9.329438,5010.001461,0.028174,11.040578,17.499894,5.728427,-6.161303,0.874291,12665.98172,0.534091,0,0.477747485,0.112508039,0.244197771,0.000578,0,191.78245,3,0.007572,2.827936,0,29
0.255714,77.232722,9.074528,-2.138843411,0.117791,0.863568206,2.371608,1.949315,0.26317,20.134051,214,9,3,44,4,0,1,45,0,13.296956,0.04221,110.408182,67,-1410,1,438.185185,190.740741,371.814815,2.669902406,14.43856,4.808746746,122.5779,30.959483,6655.953282,0.019482,1.404009,24.94968,3.574127,-15.068559,0.673399,10235.55608,0.688981,0,0.073047563,0,0.553288315,0.571111,1.865018,520.724124,1,0.031464,2.011174,0,0
0.033023,16.125969,51.097173,1.040424757,2.830419,2.162763674,8.695135,1.457961,0.470444,3.072031,171,1,7,7,10,0,2,24,0,6.177914,0.098048,96.532407,52,-1169.232011,9.397445,342.377358,472,185.188679,5.950277121,383.8597,4.909852433,135.6194,4.040833,568.249968,0.028925,0.382902,7.49069,2.787443,-3.338984,1.32831,6913.051228,0.427822,0,0.682261363,0.041216216,0.192604054,0.019439,7.979826,109.405615,2,0.00325,0.615603,0,0
0.274615385,31.835153,-24.824669,-3.121476919,0.044092,0.384259177,1.468526,1.972852,0.256928,33.305591,278,9,9,6,5,0,3,12,0,1.865871,0.005405,110.732648,9,-1520,19,456.588235,230.294118,313.117647,2.605372749,13.53627,5.726838953,306.9973,1.52274,2508.97978,0.02403,0.97172,22.29273,1.912023,-8.988779,0.894688,3694.266552,0.330045,0,0,0.797142857,0.013316062,0.084961,0,0.067649,1,0.004212,0.040701,0,0
0.373478,75.228425,19.535865,5.962299226,388.502353,6.536891408,690.137883,9.877206,0.01025,1.776406,460,2,16,98,5,0,1,45,0,2.103214,0.002705,99.70726,46,-1250,9,241.531315,303.03368,455.433302,8.737593463,6232.878,2.775294433,16.04335,1.056141,3160.667455,0.027865,4.695586,25.821159,2.343897,-10.381264,1.158957,2595.517491,0.295246,0.000297629,0.93255576,0.106072296,0.00024584,0,6.397158,289.137963,6,0.062925,0.176787,1827.102541,36
1.525925926,22.208068,-29.063497,0.671190896,1.956566,2.844865139,17.199239,3.468623,0.083116,8.790523,887,7,7,78,7,0,3,12,0,3.416274,-0.006391,107.225132,46,-1377.959978,7.116732,734.790419,113.371257,151.916168,7.374089058,1594.139,6.702898133,814.7637,3.661509,576.589578,0.015078,0.636858,19.293678,0.880107,-9.044496,0.666846,1215.07479,0.15278,0.051648186,0.004684223,0.805653073,0.000942774,0.14212,0.004145,0.190277,7,0.000597,0.010778,455.534161,21
0.430955921,-106.569407,35.39772,1.459942513,4.305712,2.355974095,10.548399,1.434033,0.486275,2.449862,1581,1,9,115,6,0,5,75,0,5.236453,0.034985,90.754098,53,-1066.750716,0.670487,496.025,302.225,201.8375,7.81062718,2466.677,6.350684649,572.8848,9.47538,351.067573,0.027291,0.539875,9.131429,1.473972,-12.883505,0.939381,2837.788149,0.22277,0.001485366,0.005665014,0.303001631,0.087156695,0,0.669363,2.004301,3,0.006749,0.085471,30.231608,0
0.701251488,-96.950101,39.822663,-3.477193289,0.030894,-0.048003973,0.95313,1.529711,0.427347,30.851523,405,5,9,53,9,0,5,74,0,7.122975,0.15789,94.77492,25,-1413,0,103.285714,506.571429,390.142857,1.065320551,2.901769,4.542510645,93.92632,1.275,2271.608696,0.033318,4.917964,12.023808,2.858426,-6.81377,0.534074,5202.254545,0.313,0,0.548022727,1,0,0.160279,0,2.047474,1,0.004819,0.30128,0,0
1.710698,-90.813578,39.622156,-2.050294475,0.128697,0.874724711,2.398215,1.885815,0.281191,18.634593,209,6,9,60,9,0,5,74,0,3.159621,-0.011643,107.825397,22,-1413,0,63.733333,703.2,233,1.417645246,4.12739,3.467940658,32.07063,1.254808,2107.25624,0.031886,7.648962,12.090487,3.235597,-7.079683,0.494314,7425.599359,0.343676,0,0.734695513,0.529545455,0.024198718,0.178862,36.303761,80.771859,1,0.003678,0.742631,0,0
0.108688268,-83.239408,39.619637,1.697500437,5.460282,3.523502857,33.902978,4.092846,0.059697,6.209016,247,6,10,60,9,1,5,74,0,4.556507,0.047587,104.209302,33,-1413,0,212.972222,497.305556,289.888889,6.315965231,553.3359,4.618464425,101.3383,0.478833,1885.06206,0.033583,5.334248,11.120158,3.556018,-5.269148,1.084388,8149.06133,0.314476,0,0.928808581,0.102345079,0.024492118,0,9.12577,33.931853,1,0.00855,0.902126,0,35
0.135869565,-112.385322,34.518608,-1.779627362,0.168701,1.207587464,3.345404,2.297656,0.189422,19.830399,1686,3,5,115,12,0,5,77,0,9.292226,0.112752,96.307818,39,-1410,1,311.631579,410.894737,277.473684,3.866217363,47.76138,5.645845758,283.1129,11.622407,656.197026,0.024008,0.496792,12.66934,1.893131,-33.598924,0.689065,2961.400415,0.417058,0,0,0.453636364,0.000735033,0,1.243179,4.85025,1,0.017118,0.020169,0,0
0.075556,127.116234,35.592118,2.753922079,15.704104,4.706309335,110.643059,7.876126,0.01612,7.045487,195,3,1,44,9,0,1,42,0,14.153143,0.266423,71.642976,129,-1285.074069,10.208663,306.546577,389.790123,303.580247,6.630727052,758.0331,3.876805278,48.26976,12.774169,4962.019932,0.027856,4.17115,11.172714,4.239752,-5.67127,0.306988,11828.66317,0.473735,0.000175761,0.310503494,0.144073411,0.158137837,0.004787,8.333718,48.61943,1,0.006672,1.596253,0,37
0.091666667,29.474899,-28.684548,2.749739467,15.638557,4.3937487,80.943283,5.77401,0.029995,5.175879,1073,3,5,60,15,0,3,12,0,8.837238,0.082639,108.166667,150,-1475.382766,13.96204,468.402827,220.491166,311.107774,5.475574873,238.7877,2.725835108,15.26916,2.973776,3335.434712,0.019865,18.806063,14.708221,4.000364,-5.694567,0.251509,4731.283217,0.337,0,0,0,0,0,1.212773,32.570743,5,0.032981,0.11197,0,40
0.305204204,-109.283108,46.979064,-0.667879124,0.512795,1.628638005,5.096928,2.007851,0.248049,9.939497,1333,6,5,19,19,0,5,74,0,7.750729,0.01771,65.461278,30,-1180,6,349.365385,363.942308,286.096154,4.85206542,128.0045,5.519943768,249.621,12.437282,352.215274,0.022436,0.330743,3.48144,2.491548,-13.443119,1.253451,3636.180222,0.269166,0.000510725,0.059721254,0.2675,0.038446727,0,0.052392,0.62339,2,0.108448,0.453584,0,0
0.172093023,23.465575,-33.042566,2.950590441,19.117238,4.211865549,67.482314,4.35384,0.052754,3.52992,703,3,15,109,8,0,3,12,0,3.124482,0.013376,75.131392,102,-1446.795021,19.99825,622.446894,165.61523,211.95992,9.723965474,16713.39,6.77337484,874.2574,3.610913,495.973876,0.015756,1.257542,16.248378,1.013158,-7.666491,0.555769,1332.148268,0.124118,0.197217346,0.002281351,0.89586851,0.000615692,0,0.028476,0.789433,4,0.006167,0.016854,0,44
1.509091,67.80943,38.631046,1.966157355,7.143175,4.32270719,75.392454,7.957512,0.015792,10.554473,843,9,1,44,23,0,1,46,1,30.793349,0.161617,93.482072,500,-1395.677701,9.377878,202.616519,459.722714,337.725664,7.610642867,2019.576,5.644485658,282.7281,40.451994,398.763492,0.029889,15.182964,2.505741,4.412822,-1.983706,0.325022,4883.424039,0.147192,0.097673032,0.036485751,0.892110266,0.001233054,0,0.005244,107.500685,1,0.007272,2.683314,0,33
0.063002969,-86.874925,39.465209,2.286554792,9.840975,4.371826275,79.188119,7.120919,0.019721,8.046776,194,6,5,60,9,0,5,74,0,13.121708,0.176451,115.008511,56,-1413,0,175.22521,563.322689,261.517647,6.59540968,731.7286,4.30885482,74.35529,1.196642,2236.717548,0.034473,1.519869,11.536942,3.61872,-8.458763,0.574911,9207.361842,0.372498,0,0.773710595,0.23759596,0.116582663,0,8.203483,26.259866,3,0.012237,1.347034,0,32
0.332889,115.695281,24.276536,2.380267355,10.807792,4.829882522,125.196252,10.74281,0.008665,11.583888,134,3,7,34,9,0,1,43,0,8.570647,0.047159,88.32974,95,-1275.024631,26.099398,386.082569,372.205767,241.733945,6.146250025,466.963,3.765982846,43.20615,8.612205,5748.756543,0.024805,20.318501,20.038362,5.532393,-8.199515,0.314688,11942.85544,0.511825,0,0.647219487,0.159683225,0.082092209,0.283813,2.19302,335.042852,3,0.008182,2.300048,0,30
0.125,-0.313996,52.298055,1.797458201,6.03429,2.554188746,12.860862,1.476903,0.458454,2.131297,42,5,9,10,10,0,2,23,0,4.124216,0.08792,77.899734,23,-1229.426523,8.959677,298.529412,371.952941,329.317647,2.810488852,16.61804,1.013030798,2.753935,1.219273,399.33787,0.0259,0.81354,9.736784,2.160791,-3.813189,1.439801,7616.727962,0.446627,0,0.536022117,0.044540682,0.024935229,0.019,10.448047,128.825718,1,0.003465,0.414817,0,0
0.775439,-95.941226,37.766481,2.47111912,11.835685,4.317408884,74.994058,6.149293,0.026445,6.336267,273,3,9,8,9,0,5,74,0,5.38173,0.047583,104.4,36,-1413,0,269.313808,417.307531,313.410042,7.161881085,1289.334,4.69076239,108.9362,1.620658,2636.473795,0.03252,1.260739,13.482082,3.209829,-7.007793,0.78933,5977.270162,0.344958,0,0.04023638,0.200160735,0.010750305,0,0.297024,1.919842,4,0.000955,0.536196,0,34
0.031296,110.31385,21.809619,4.811614282,122.929901,6.81736288,913.57263,23.243921,0.001851,7.431655,34,9,11,1,9,0,1,43,0,5.021101,-0.003881,93.27798,98,-1386.534719,6.003098,358.844607,325.03313,316.13311,7.271545946,1438.773,2.459931518,11.70401,3.864549,7815.964718,0.025013,28.202461,22.379572,6.230611,-6.41789,0.948123,11400.3887,0.512829,0,0.788645604,0.085039146,0.053155979,0.53477,2.281661,421.918514,4,0.02555,1.880205,0,37
0.993454,119.713552,42.665352,4.520036717,91.83897,5.238118833,188.315516,5.543291,0.032544,2.050497,433,5,8,51,6,0,1,42,0,4.559645,0.037641,121.825342,86,-1242.631847,8.826199,479.559304,332.745375,187.761697,9.843082875,18827.67,5.323046076,205.0074,7.341377,713.494572,0.030299,2.543658,5.811006,1.69918,-5.5041,1.310894,3047.714343,0.226605,0.00181201,0.327399286,0.344866952,0.005884276,0.830904,1.821896,130.145736,4,0.009347,0.12018,0,40
0.517941,71.638839,21.747828,2.241182982,9.40445,3.585681765,36.077946,3.318717,0.090795,3.836263,55,2,15,98,5,0,1,45,0,1.92467,0.000382,89.569876,20,-1250,9,388.799308,363.394464,247.889273,5.477984153,239.3637,3.236801397,25.45218,0.482069,3360.091866,0.028624,4.761642,27.358737,1.800123,-12.192982,1.350027,2297.167378,0.259591,0,0.972865951,0.030532544,0.00022397,0,5.067488,234.753059,2,0.003634,0.1918,0,22
1.038,-98.25231,29.888196,3.617201051,37.233208,5.187163222,178.960162,8.273442,0.014609,4.806466,277,6,5,51,9,0,5,75,0,6.944932,0.075753,106.879267,70,-1185.640958,8.751866,310.38785,339.509346,350.190421,7.529375308,1861.942,3.912174194,50.00756,3.449777,2266.079769,0.029385,0.928922,19.079901,2.454076,-13.684961,1.17168,4495.872745,0.388496,0.000266477,0.356634567,0.127993618,0.015189881,0,3.978765,22.402245,4,0.012421,0.288127,0,36
1.351709811,-101.085412,34.389002,-3.153134902,0.042718,0.262227332,1.299822,1.774088,0.317724,30.428181,810,1,5,53,6,0,5,74,0,2.998945,0.023939,112.5,13,-1520,19,399.375,328.75,272.5,1.438802605,4.215645,4.591944308,98.68612,4.576471,1335.144068,0.030898,1.133623,16.361975,1.844026,-8.605325,1.649966,2424.764706,0.249961,0,0.087394958,1,0.066621849,0,0.283948,0.528331,1,0.008027,0.019938,0,0
0.1,29.833225,-29.05623,1.686214122,5.399002,3.42172037,30.622051,3.717685,0.072353,5.671798,1182,3,5,60,16,0,3,12,0,8.962771,0.057712,77.708451,97,-1599.915225,13.430994,429.977778,263.216667,306.677778,6.529547735,685.0883,4.843333967,126.8917,14.685732,2914.71586,0.019783,9.043154,11.350304,5.085732,-6.041734,0.455966,6176.481461,0.39606,0,0.078073149,0.149361111,0.139675722,0,0.794158,36.048231,4,0.025721,0.734271,0,32
0.4,-0.413956,40.871862,-0.684835816,0.504173,1.880409031,6.556186,2.604694,0.147396,13.00385,689,6,1,12,10,0,2,21,0,11.403036,0.019348,96.395973,80,-1182.520107,7.300268,352.26087,440.782609,207.101449,5.014133834,150.5257,5.698970248,298.5598,9.641105,459.532501,0.024271,3.49926,10.656574,1.923024,-6.092138,1.273212,3365.019905,0.294213,0.000412866,0.277454663,0.401052632,0.016366149,0.07142,1.052359,3.351368,1,0.075743,0.159054,0,0
0.479846,-89.429903,38.958573,-3.445964649,0.031874,-0.181397184,0.834104,1.31794,0.575716,26.168625,170,6,9,102,9,0,5,74,0,2.164547,-0.000676,109.590909,10,-1413,0,71,680,249,-1.398196916,0.247042,2.047760325,7.750523,0.108108,2289.375,0.036285,0.905114,13.16508,3.450081,-8.06529,0.470193,7643.324324,0.36,0,0.985945946,0,0.014054054,0,4.938916,10.867838,1,0.004249,0.718172,0,0
0.444393144,-105.235909,35.68994,-2.446212999,0.086621,0.649169692,1.913951,1.83449,0.297146,22.095798,2028,1,5,115,10,0,5,75,0,4.389714,0.024212,119.38688,23,-1650,12,269.217391,414.391304,315.956522,3.864548725,47.68175,6.310766646,550.4668,7.975,538.160076,0.022231,1.980768,7.624196,2.607939,-27.00781,1.401723,2782.611404,0.334619,0,0.004144737,1,0.002997076,0,0.111167,2.135456,1,0.008318,0.087242,0,0
0.025,26.864607,-32.30292,0.994129906,2.702372,3.231582196,25.319686,4.344911,0.052971,9.369432,1171,3,1,56,10,0,3,12,0,15.128431,0.1402,98.615385,138,-1457.482203,16.684526,471.205224,265.567164,263.216418,6.36136137,579.0341,5.367231302,214.2688,10.317633,1337.303274,0.017302,1.63279,13.442129,2.903045,-7.884763,0.393414,4033.368601,0.38621,0,0.204432874,0.268941799,0.092309435,0,0.002458,5.031094,2,0.005344,0.280023,0,44
0.269565217,-74.968376,6.315371,1.756148008,5.790091,4.509461838,90.872901,10.653364,0.008811,15.694556,976,8,1,44,1,0,6,61,0,11.743138,0.123991,103.567291,78,-1410,1,317.312874,318.212575,364.476048,4.714848467,111.5919,2.958700483,19.27291,13.305598,10661.76766,0.019722,0.638707,19.621711,10.012828,-15.741115,0.218157,18624.48302,0.694918,0,0.004382839,0.137227139,0.840368614,0,2.927471,42.401094,2,0.035305,6.823444,54.932061,28
0.275833,69.105925,23.623586,2.170153096,8.759625,4.034236019,56.499739,5.385162,0.034483,6.450018,21,1,8,108,5,0,1,45,0,3.103983,0.006204,112.890947,34,-1520,19,532.583596,277.003155,190.495268,5.402390854,221.9364,3.232237755,25.33629,2.078627,2460.714699,0.026487,5.72747,26.232983,1.008563,-8.276677,3.013281,1954.482718,0.166303,0,0.032047928,0.350276539,0.010310539,0,0.330298,38.453753,1,0.007969,0.178012,0,0
0.018181818,-94.240134,31.207595,6.069955036,432.661227,6.972144613,1066.507546,14.463887,0.00478,2.464995,50,1,16,4,9,0,5,75,0,6.378828,0.082806,105.696429,63,-1369.16426,19.048624,456.350237,369.259973,174.32167,8.901550012,7343.347,2.831594976,16.97251,1.743777,4097.385205,0.025764,1.062093,19.17313,3.689486,-20.340364,0.628729,7517.668782,0.549242,0.000519801,0.005298698,0.083142043,0.014501613,0.019231,4.70439,26.992535,5,0.004064,0.770531,0,38
0.376857,77.794323,11.896826,4.79333406,120.70313,5.564448002,260.981103,6.701081,0.022269,2.162173,236,9,15,105,4,0,1,45,0,6.048542,0.05427,77.882124,136,-1345.580384,13.29829,365.648993,305.928188,328.473826,9.004074218,8136.165,4.210740414,67.40643,9.241088,4118.72931,0.0233,19.045516,24.878652,2.978223,-12.458296,0.446516,3698.445319,0.441375,0,0.422640696,0.121048259,0.094782712,0,2.754524,242.943126,6,0.011264,0.252724,674.674011,40
0.487222,-99.223531,33.755788,4.173407452,64.936343,5.587859498,267.163144,9.3525,0.011433,4.114231,344,11,13,53,9,0,5,74,0,2.808208,-0.003402,106.592593,30,-1408.393946,16.846339,280.358566,425.590969,293.994688,5.852310807,348.0377,1.678903339,5.359675,1.146005,2017.403403,0.032175,2.122351,18.278774,2.177014,-8.009921,1.559994,3191.593763,0.198524,0.028823529,0.26200677,0.145833059,0.031761411,0.333333,0.283692,0.508351,3,0.004384,0.0886,0,35
0.167127,116.933701,28.922165,0.388049669,1.474103,2.610047734,13.5997,3.159806,0.100156,9.225746,16,1,7,99,9,0,1,43,0,3.089498,0.010497,108.663394,14,-1520,19,235.989362,468.914894,295.074468,2.182478385,8.868258,1.794428737,6.016037,1.55,6795.172881,0.032591,9.403484,18.227028,6.708588,-5.447194,0.799266,12507.01017,0.362954,0,0.777881356,0.097589744,0,0.143555,0.267333,594.244065,4,0.00997,2.19904,0,24
0.914,-97.119291,32.996656,3.472230362,32.208499,5.002971529,148.854829,7.398995,0.018266,4.621601,163,5,9,56,9,0,5,75,0,4.501235,0.032626,106.233333,35,-1390.361339,18.630977,321.468278,357.302115,321.21148,7.054225108,1157.74,3.581994722,35.94517,1.503125,2687.857572,0.0322,1.119716,18.383291,2.936347,-8.872211,1.19043,4792.663756,0.337037,0.000256375,0.064433293,0.134493882,0.036255283,0,18.717568,106.742331,5,0.004543,0.408442,0,41
0.099306,105.770153,31.811387,0.364225665,1.439399,2.696793212,14.832092,3.487441,0.082222,10.304363,541,3,1,34,15,0,1,43,0,16.241788,0.111526,91.450617,87,-1520,19,250.34,487.06,262.866667,2.647914418,14.12455,2.283688777,9.812811,15.911674,3831.02426,0.028313,0.869042,15.628734,4.650988,-4.726977,0.928154,9765.655475,0.495023,0,0.624416322,0.230871795,0.004090909,0.069307,0,210.12174,1,0.002769,1.064637,0,0
0.098245,116.354947,31.205438,2.224839636,9.251999,4.151812426,63.549074,5.893679,0.028789,6.868686,173,8,1,44,9,0,1,43,0,21.99844,0.137448,61.645324,174,-1409.667838,1.016608,393.975096,395.440613,210.427203,4.964722586,143.2688,2.739882792,15.48517,22.055946,5028.858026,0.027789,2.467828,13.396326,5.949773,-4.240199,0.106983,12275.36583,0.520428,0,0.071291216,0.214979984,0.477341675,0.062359,0.314259,64.944895,3,0.111478,2.063762,0,34
1.060714,101.797838,14.547853,2.26774662,9.657614,3.66760099,39.157853,3.554504,0.079148,4.05461,264,5,5,4,4,0,1,44,0,8.47796,0.124674,82.176902,60,-1520,19,353.423256,324.330233,322.418605,6.641895231,766.5464,4.374148559,79.37223,5.792497,5883.123689,0.022733,5.642903,23.948058,5.207895,-11.135201,0.330578,6791.805121,0.529136,0,0.69710919,0.163561644,0.229372167,0.008607,0.681088,56.655884,2,0.002826,0.948187,0,43
0.025786,111.843462,29.807172,0.567235257,1.763385,2.899487968,18.164842,3.858808,0.067157,10.301122,44,1,9,99,9,0,1,43,0,4.116112,-0.024815,94.837838,28,-1300,22,230,454.847826,315.326087,2.807840029,16.57408,2.24060479,9.399014,1.617528,4025.982338,0.027335,6.25904,16.981656,4.858149,-5.101207,0.925807,9680.959551,0.406607,0,0.922206742,0.08575,0,0,0.823596,256.225631,1,0.000705,0.912763,0,0
0.0375,30.512136,-26.727964,2.22844392,9.285406,3.808268777,45.072341,4.172581,0.057437,4.854105,1385,3,5,56,16,0,3,12,0,5.019655,0.047197,111.971787,55,-1301.924198,1,470.315341,180.857955,349.053977,6.153294877,470.2643,3.924850974,50.64553,4.729676,2098.444398,0.01981,4.966127,14.549268,3.111369,-11.341506,0.576324,4958.439361,0.395953,0.000296564,0.034113811,0.149851117,0.225736834,0,0.284137,12.76289,2,0.148265,0.248029,0,0
1.072258,-90.212761,39.711237,-0.176506895,0.838193,2.544341152,12.734835,3.923886,0.064948,15.1932,178,5,13,43,9,0,5,74,0,2.868891,-0.007604,93.610341,22,-1413,0,77.34375,582.265625,340.375,4.450119768,85.6372,4.626626347,102.1688,0.373997,2215.158522,0.035917,9.045602,11.971005,3.250178,-6.620448,0.62441,7570.772145,0.316583,0,0.958915895,0.170230769,0.005023148,0,9.089489,31.860429,2,0.002717,0.775102,0,27
0.268896,113.220659,41.076737,1.377154217,3.963606,3.11001363,22.42135,3.176959,0.099078,5.656805,1353,3,13,53,6,0,1,43,1,4.250844,0.042815,86.176873,33,-1254.623656,9.171247,464.343558,350.932515,184.644172,6.05871587,427.8257,4.68156162,107.9385,3.302968,464.786423,0.029141,0.232807,3.658319,1.605772,-4.863705,1.983811,2446.514324,0.166201,0,0.44788447,0.166490939,0,1.03097,1.394798,163.281546,2,0.045665,0.0706,0,39
0.796495,110.08118,41.076482,1.05529343,2.872818,2.929350722,18.715475,3.114884,0.103066,6.514674,1383,5,5,53,6,0,1,43,0,9.560239,0.081822,83.15678,139,-1520,19,599.989583,243.6875,156.322917,6.728597751,835.9742,5.673304367,290.9945,5.137264,398.214667,0.029254,0.486465,3.447975,1.413711,-4.376859,0.914655,2241.931995,0.111996,0.404488636,0.319120783,0.363914989,0,0,0.318673,32.413231,3,0.005637,0.090547,0,0
0.15,69.320357,40.963825,2.606147183,13.546757,3.514278298,33.591676,2.574596,0.150863,2.479684,389,1,9,109,12,0,1,46,1,3.916408,0.078122,88.60531,38,-1376.651469,10.645331,243.996337,453.098901,302.952381,7.501486462,1810.732,4.895338914,133.6653,18.976129,387.890686,0.032602,4.268215,9.00598,2.372508,-4.350071,0.546652,4068.065538,0.180538,0.062196304,0.438470595,0.060144439,0.005127444,0,5.046413,170.801105,3,0.006937,0.698924,0,36
1.688581,122.27807,44.193191,3.556716468,35.047927,5.37557236,216.063503,10.29545,0.009434,6.164801,164,1,16,17,6,0,1,42,0,1.836968,0.008968,83.112128,19,-1126.689333,0,525.856626,298.074584,175.994931,6.693929928,807.4894,3.137213606,23.03958,0.126466,825.108138,0.032646,0.905642,6.68862,1.468513,-5.788804,1.095373,2970.083211,0.200059,0.049944001,0.55486002,0.148623418,0,0.778109,0.038415,28.849554,1,0.000166,0.061557,0,0
0.219742,-78.651111,42.690392,-2.481257317,0.083638,0.368134235,1.445036,1.409522,0.503334,17.277249,381,3,5,7,19,1,5,72,0,7.41235,0.059776,101.738739,21,-1413,0,270.4,475.1,253.85,2.850132927,17.29008,5.331388924,206.7249,3.293538,1560.398607,0.028663,0.222701,7.740582,4.100337,-14.504742,1.260908,10935.96897,0.452015,0,0.071091639,0.100666667,0.794424973,0,10.550082,39.480761,1,0.009209,1.975285,0,0
1.666667,38.19374,10.628123,-1.649520597,0.192142,0.786718577,2.196178,1.413356,0.500607,11.429984,2455,2,5,66,16,0,3,17,0,4.801642,0.01208,96.198675,31,-1052,0,267.34375,369.15625,363.5,1.984352125,7.274333,3.633873751,37.85919,4.267981,4226.357907,0.024486,13.148953,15.60772,9.708337,-6.301419,0.295303,7219.284223,0.267509,0,0.870116009,0.135,0.052227378,0,0,188.740601,1,0.034574,1.272289,675.643974,0
0.098235,129.700795,45.219652,4.876224376,131.134613,6.267243007,527.022376,12.982713,0.005933,4.018942,209,9,1,37,27,0,1,42,0,17.609665,0.154484,96.17037,202,-1293.049572,0.886449,293.293769,439.883178,266.867601,9.54819451,14019.36,4.671970522,106.9082,10.672282,1038.733719,0.034215,1.521615,2.300805,2.568232,-9.401851,1.133353,6040.486202,0.337695,0.00057368,0.36486149,0.181669821,0.30560371,0,1.730079,121.347511,4,0.07862,0.378299,382.193218,68
0.216818,70.404354,22.381194,2.831185466,16.965561,4.466643595,87.06401,5.962791,0.028126,5.131808,47,2,9,98,5,0,1,45,0,2.44305,0.001923,103.636506,28,-1250,9,417.513906,289.989117,292.435308,6.297599439,543.2662,3.46641411,32.02171,0.713329,3089.977993,0.028151,3.829282,26.541451,1.857677,-11.329491,1.514861,2711.539439,0.23779,0,0.965814307,0.193099579,0.000189554,0.06607,4.400805,115.630596,3,0.010837,0.202733,0,42
0.268445,117.424756,28.565656,0.710772439,2.035563,3.060469369,21.33757,4.218886,0.056183,10.482394,81,12,7,1,9,0,1,43,0,11.788816,0.004094,106.964238,93,-1410,1,329.347059,351.664706,319.094118,3.013438587,20.35728,2.30266609,10.00081,12.73,6548.338423,0.025148,4.820451,18.042364,6.801855,-5.960819,0.672065,13542.60926,0.531936,0,0.203325926,0.185330882,0.115688889,3.840545,0.018958,178.65076,1,0.002478,2.864598,0,0
0.189753321,-93.199772,40.973657,-4.085246079,0.016819,-0.545829507,0.579361,1.26023,0.629652,34.447675,306,5,9,43,18,0,5,74,0,2.328212,-0.050106,108.063636,13,-1413,0,68,525,407,-0.068821815,0.933493,4.016448424,55.50363,0.236111,2368.753521,0.032736,11.370952,10.384984,3.156503,-5.748806,0.695757,7715.833333,0.355,0,0.916666667,0,0,0,8.601545,78.260636,1,0.007077,0.558285,0,0
0.539846,107.182408,34.599914,2.835465805,17.038335,4.283417803,72.487766,4.953888,0.040748,4.254393,707,1,1,6,6,0,1,43,0,14.505282,0.10935,82.161938,151,-1147.356889,6.827554,297.2,475.16701,227.581443,7.742744845,2304.79,4.907278695,135.2708,12.567618,1202.378982,0.028399,10.839054,10.027336,2.933615,-7.043415,0.184648,5546.261839,0.376503,0,0.515816363,0.10318163,0.171796518,0.108703,0.954674,150.398945,3,0.131758,0.277024,0,49
1.107843,-97.246619,32.378152,0.571410527,1.770763,2.659630178,14.291003,3.029546,0.108954,8.070535,211,3,5,56,9,0,5,75,0,3.800706,-0.001823,104.72177,22,-1466.606398,19.728095,234.091837,318.22449,447.683673,3.549962155,34.812,2.978551526,19.65932,1.582379,2604.18627,0.03395,1.160753,18.838679,2.94872,-8.616936,1.358733,4610.835868,0.397675,0,0.041930848,0.139183673,0.076123724,0.004913,15.296014,65.329331,3,0.005238,0.369724,0,0
1.48728,107.478191,35.744844,2.489921388,12.060328,4.391290034,80.744515,6.558863,0.023246,6.695051,1112,1,1,12,26,0,1,43,0,18.870839,0.103369,98.004493,122,-1484.12086,12.628938,282.310782,500.165962,217.453488,8.112214465,3334.955,5.622292915,276.5227,10.958758,727.216392,0.025548,3.548453,8.650593,2.24881,-4.830091,0.30387,4106.471501,0.206683,0,0.698155737,0.122909718,2.65E-05,1.398738,0.410466,62.115714,4,0.072802,0.238815,0,35
2.929,-97.032773,33.421521,4.762195781,117.002556,5.961651716,388.250875,10.125345,0.009754,3.318311,192,6,13,56,9,0,5,75,0,3.872404,0.033086,107.527778,38,-1419.142458,15.026223,309.087297,376.838276,314.106323,7.279842836,1450.76,2.517646471,12.39938,1.137003,2880.161938,0.032767,1.748775,17.981622,3.111714,-8.40919,1.177936,5517.213735,0.371574,0,0.102944287,0.122941573,0.041244241,0,8.219488,28.610849,4,0.005732,0.474959,0,40
2.75,-94.403435,41.718106,1.45257449,4.274104,3.937413228,51.285765,6.997927,0.02042,11.999186,319,3,9,42,18,1,5,74,0,7.080002,0.122553,120.56621,63,-1293.38826,0,81.1575,555.4275,363.3475,5.912573926,369.6564,4.459999432,86.48746,1.626291,2216.862599,0.033136,7.225342,9.428597,3.085016,-5.64531,0.65598,6978.188628,0.297224,0,0.835408455,0.234730539,0.037577131,0.253846,3.065343,6.746999,3,0.014557,0.563297,0,40
1.485696572,-93.813616,39.109051,-3.8582453,0.021105,-0.397360043,0.672092,1.305061,0.587135,31.845111,238,1,5,42,9,0,5,74,0,2.845457,-0.002891,100.330508,10,-1413,0,84,557,359,-0.592440678,0.552976,3.265802158,26.20112,1.072289,2848.1875,0.036657,11.194386,12.713853,3.32954,-6.182903,0.576732,7368.855422,0.333,0,1,0,0,0.147826,2.787602,2.120098,1,0.008613,0.76137,0,0
0.483448,-88.493827,37.825485,-0.990661431,0.371331,1.485910937,4.418989,2.045679,0.23896,11.900414,125,3,7,102,9,0,5,74,0,3.579103,0.027607,103.311355,23,-1413,0,73.042553,709.382979,217.574468,1.584310855,4.87593,2.574972801,13.13096,1.176634,2935.613636,0.033352,11.440239,14.124269,3.588296,-7.35475,0.554549,8756.009736,0.336252,0,0.343741307,0.636545455,0.250139082,0,9.677577,25.169006,2,0.007058,1.186873,0,0
0.733662,107.736928,23.858877,3.312503791,27.453778,5.012523357,150.283477,8.091057,0.015275,5.474055,162,6,1,4,15,0,1,43,0,21.181425,0.031337,96,349,-1354.005544,12.653153,207.134737,455.732632,337.144561,7.843658424,2549.515,4.531154579,92.86572,15.355828,6106.859617,0.028956,10.105343,19.319704,6.735427,-6.574386,0.830674,11448.63692,0.562591,0,0.294300422,0.202846528,0.290111545,0,0.180914,111.185729,6,0.065818,2.285347,605.823219,31
0.203493383,-95.794497,35.732578,-2.919641982,0.053953,0.448612716,1.566138,1.902036,0.276416,29.028024,203,3,11,43,9,0,5,74,0,2.202941,-0.003293,110.401961,9,-1520,19,231.333333,549.666667,219.111111,1.600337025,4.954702,4.519986302,91.83434,0.770745,2908.365576,0.036691,11.440407,16.430042,3.400078,-8.912606,0.818599,6476.022504,0.410301,0,0,0.8625,0.021040788,0.224159,2.923619,2.325612,1,0.003505,0.796786,0,0
0.827826,73.940329,23.383603,5.193072144,180.020754,6.965799853,1059.762232,22.281387,0.002014,5.886889,114,8,9,98,5,0,1,45,0,5.692205,0.003675,103.48,145,-1377.042015,1.716478,399.730779,387.829575,212.434777,8.770805422,6443.36,3.577733066,35.79231,2.295306,3328.417077,0.027265,14.47176,25.899088,2.846632,-10.345766,1.101679,3594.315198,0.282396,2.34E-05,0.889154836,0,0.004816153,13.625,2.741928,432.123516,6,0.120226,0.477947,2790.837242,33
1.500804,107.450993,24.314708,4.842946703,126.842569,6.942381897,1035.233099,25.929892,0.001487,8.161559,222,6,1,4,15,0,1,43,0,22.751735,0.184315,86.887789,885,-1278.273063,9.758745,218.551094,479.37434,302.044226,8.595660505,5408.14,3.752713508,42.63662,19.326615,5781.086307,0.027162,5.579555,18.0359,6.290788,-5.276186,0.682354,11377.20084,0.567325,0,0.178234493,0.1778748,0.409599513,0.066594,0.437616,93.971566,6,0.011544,2.391789,2931.663101,34
0.10119,-86.650446,33.465233,1.220316515,3.38826,3.526358289,33.999924,5.210563,0.036832,10.034627,168,3,7,7,9,0,5,73,0,10.8132,0.182368,112.465734,71,-1180,6,388.12963,429.522222,182.455556,4.645528713,104.1184,3.425212041,30.72916,4.643633,4147.725782,0.025951,0.16474,16.876401,4.247841,-21.004249,0.169344,9787.375413,0.538774,0.003652968,0.028481848,0.112058824,0.498686056,0,32.572891,243.09697,2,0.006276,1.816602,0,27
0.188727,12.062964,46.169669,0.373976505,1.453503,2.591169958,13.345376,3.122612,0.102557,9.181529,400,6,1,24,20,0,2,21,0,36.16025,0.238516,107.100157,277,-1180,6,400.055046,375.284404,224.522936,4.677085184,107.4564,4.30310869,73.92926,44.313385,1880.734393,0.026639,0.584528,5.804343,6.273537,-6.282566,0.330619,11129.2698,0.463833,0.031833231,0.028460177,0.221147541,0.163570796,0,3.167232,9.300061,1,0.017187,2.445371,0,29
0.120435,112.143122,34.164215,3.660464162,38.879385,4.114242152,61.205812,2.769032,0.13042,1.574248,311,5,7,6,15,0,1,43,0,6.638279,0.050412,61.957412,49,-1297.687425,10.048301,216.557423,538.190476,245.232493,7.011688176,1109.526,3.351223918,28.53764,13.401059,1761.215034,0.030152,38.364955,12.273007,2.951758,-4.542821,0.273858,5157.338995,0.403075,0,0.420375608,0.146504199,0.320857773,0.047371,2.027925,230.274839,4,0.022387,0.337851,0,36
0.07967,8.074199,46.045433,-1.949845884,0.142296,1.175910619,3.241093,2.423765,0.170223,22.777148,1325,1,1,75,31,0,2,21,0,24.426913,0.108725,94.339161,173,-1410,1,434.578947,368.210526,197.842105,3.335854626,28.10239,5.285702128,197.4928,45.787654,1541.555106,0.028526,11.762548,-1.173727,7.520749,-2.311819,0.558024,11556.62558,0.266643,0.356421801,0,0.276521739,0,0.39155,0.136696,0.039503,2,0.333581,3.283811,0,29
0.020485,113.267424,27.83798,0.732186146,2.079622,3.297216359,27.037272,5.288904,0.035749,13.001049,92,9,7,99,9,0,1,43,0,9.881263,2.30E-05,80.817494,76,-1520,19,289.841176,440.647059,269.582353,2.917905858,18.5025,2.185719761,8.89705,5.128437,5133.102527,0.026638,0.136471,18.145473,6.598101,-5.600083,0.547499,11962.22117,0.514433,0,0.509663521,0.227933579,0.261017645,0.125898,3.207928,203.275181,1,0.003177,2.135669,0,0
0.237931034,30.100156,-23.1045,1.101707494,3.0093,3.3349637,28.077364,4.565818,0.047969,9.330196,756,8,7,56,15,0,3,12,0,4.949532,0.053906,99.85901,50,-1386.880802,5.413665,542.45679,170.366255,287.213992,5.91559541,370.775,4.813887782,123.2097,5.8046,2524.621221,0.021266,1.384629,19.152201,1.818223,-14.954541,1.505184,4744.057864,0.486109,0,0.006766479,0.172354497,0.242547758,0.164292,2.296039,52.18875,2,0.008619,0.27287,0,46
0.718333,75.704324,16.354963,5.992185008,400.288288,6.802961462,900.510173,12.696887,0.006203,2.249654,509,5,11,99,5,0,1,45,0,2.240683,-0.00114,106.270588,78,-1465.645479,13.762262,443.702236,240.59635,315.706675,8.929254762,7549.637,2.937069788,18.8605,1.735049,2978.267418,0.026331,7.818044,25.475403,2.552306,-9.698801,1.31976,4121.547953,0.324368,0.000730069,0.851409274,0.17695439,0.001178704,0,5.296508,337.774849,6,0.055303,0.22613,2112.269814,41
0.12,-93.42131,43.124468,2.679965286,14.584587,3.35572717,28.666442,2.117492,0.223026,1.96553,374,6,9,42,18,1,5,74,0,4.006859,0.048137,84.092294,25,-1264.054197,0,341.837398,416.365854,241.674797,3.901603308,49.48172,1.221637855,3.39274,0.837112,1861.713446,0.032449,4.311042,7.732267,3.051306,-4.945376,0.604868,7339.341355,0.298728,0,0.477671944,0.035923375,0.009086764,0.006022,16.141384,119.69351,1,0.001109,0.568964,0,0
0.225714,-89.071787,37.985791,-2.405770199,0.090196,0.651812034,1.919015,1.802516,0.307781,21.275985,139,3,11,102,9,0,5,74,0,3.499091,0.013395,105.390625,19,-1413,0,89,676,235,0.529799673,1.698592,2.935566578,18.83217,1.282869,2697.5,0.033297,14.952526,14.083722,3.528989,-7.806968,0.540027,8402.087649,0.414104,0,0.330478088,0.447142857,0.087768924,0,21.595488,36.660605,1,0.003856,0.879672,0,0
0.911111,124.631265,49.363,0.339506201,1.404254,2.010328842,7.465772,1.777244,0.316596,5.316541,277,2,5,44,27,0,1,42,0,2.496992,0.024941,86.890249,21,-1520,19,276.727273,488.727273,233.818182,4.34106687,76.78942,4.001560738,54.68343,3.046339,934.181165,0.037625,3.95005,0.899635,2.052322,-7.968366,0.815332,4946.55082,0.277744,0,0.957723133,0.23832,0,0.133141,0.886491,22.607123,1,0.001691,0.147996,0,0
0.590578,121.726336,45.555356,1.84726371,6.342441,3.127038743,22.806344,2.554598,0.153234,3.595831,277,7,15,17,26,0,1,42,0,2.633265,-0.006,94.554364,27,-1250,9,441.230216,306.676259,252.388489,5.193812596,180.1541,3.346548992,28.40454,3.319297,857.645815,0.031639,0.775518,5.088832,1.559817,-5.435608,1.631529,2915.108558,0.223063,0.041603563,0.653633419,0.287926136,0,0.223333,0.244397,87.981439,1,0.000794,0.085654,0,0
0.08001829,17.941085,53.397052,2.178744309,8.835205,4.134898649,62.483258,5.929942,0.028438,7.072078,82,1,9,74,10,1,2,24,0,4.88737,0.107928,105.796537,35,-1141.016728,0,751.582878,169.094718,79.36612,7.641019406,2081.865,5.462275085,235.6329,1.327138,453.169034,0.02454,0.136964,7.814375,2.199032,-3.652046,0.966472,6578.096654,0.443,0,0,0,0,5.104762,4.975553,52.654468,3,0.078712,1.059212,0,39
0.017642,111.611704,27.850453,1.659278953,5.25552,4.194889954,66.34643,8.164033,0.015003,12.624142,490,6,5,4,9,0,1,43,0,16.269826,0.202191,74.862588,126,-1280.104812,9.827537,243.117544,436.142105,320.896491,4.406420666,81.97552,2.747141419,15.59798,8.8143,5152.321414,0.027669,9.960186,15.831626,5.368657,-4.288687,0.808375,13615.56256,0.434973,0,0.687772529,0.217914831,0.120833565,0.762223,0.359815,266.337333,2,0.185772,2.922337,0,29
0.027288,116.169171,30.517832,4.309309587,74.389112,6.162885466,474.796108,15.529145,0.004147,6.382602,78,8,3,44,9,0,1,43,0,12.437676,0.063681,71.626835,165,-1410,1,358.400243,403.623444,237.955056,6.944938341,1037.883,2.635628601,13.95208,15.635186,4731.887975,0.028603,13.970952,15.661202,6.076067,-4.702836,0.718716,11545.82584,0.494127,0,0.447672628,0.092408382,0.075232082,0.10827,0.125183,167.807242,4,0.186476,2.393617,0,31
0.737872,137.810025,35.147433,2.144654796,8.539093,4.574284362,96.958627,9.359996,0.011414,11.354675,245,9,1,44,9,0,1,41,0,35.023459,0.145115,72.357058,695,-1373.758696,7.768043,328.810056,336.160615,335.005587,5.172292586,176.3186,3.027637835,20.6484,26.231847,5864.42617,0.031562,12.764036,11.029277,8.722566,-13.699452,0.546854,17645.17813,0.638056,0,0.015800342,0.078342857,0.132400032,0.064813,2.048102,106.979574,3,0.034718,4.281039,3.651679,28
0.2224,-97.077595,35.333288,1.667830586,5.300656,3.675097645,39.452509,4.83398,0.042795,7.442948,325,3,9,8,9,0,5,74,0,3.927569,0.001118,112.983333,27,-1440.814941,20.079796,508.973585,290.354717,200.713208,4.006047086,54.92931,2.338216681,10.36274,1.516582,2790.008811,0.030686,0.567168,16.377849,2.822579,-9.491571,0.98196,5587.01977,0.407867,0,0.024640306,0.205126162,0.120107143,0,9.371748,45.924333,2,0.016591,0.432444,0,0
0.143636364,22.588385,-32.236604,-1.110995647,0.329231,1.878224433,6.541879,3.216229,0.096673,19.870158,1080,3,3,44,8,0,3,12,0,13.229038,-0.030307,84.301615,157,-1354.20712,9.781553,624.111111,170.285714,205.68254,4.719146876,112.0726,5.830141667,340.4069,13.260244,423.736425,0.014208,0.3443,14.749477,1.371525,-7.808874,0.572963,1413.919217,0.180953,0.022321557,0,0.541162791,0.005170513,0,0,0.794903,1,0.010324,0.026076,0,0
0.616812517,-107.341671,38.958664,0.223872885,1.250912,2.66910665,14.427075,3.638816,0.075523,11.533249,1965,3,5,55,19,0,5,77,0,26.8525,0.26315,96.998433,137,-1520,19,350.987013,412.350649,236.662338,6.446786552,630.6724,6.222913711,504.1701,14.843434,171.367746,0.027992,0.623483,3.053212,2.683116,-16.717347,0.543337,2745.539091,0.278371,0.016938512,0.019819968,0.460319149,0.510672372,2.008723,0.004904,0.049671,3,0.110846,0.519062,0,54
0.376623,114.436234,38.591623,1.022055166,2.7789,2.772292178,15.995256,2.70676,0.13649,5.755966,163,8,5,44,6,0,1,43,0,6.628088,0.075069,98.565129,57,-1215.738082,7.366456,459.161074,352.852349,188.067114,3.994086746,54.27625,2.972031619,19.53156,4.277187,1371.805063,0.028485,2.283059,11.85215,2.138392,-5.065504,0.370618,3037.503337,0.202109,0,0.89602694,0.163413462,1.48E-05,0.074684,1.840106,232.861346,1,0.004145,0.115801,0,0
1.195625,77.640883,16.351171,4.011097962,55.207453,5.364801176,213.748732,8.11521,0.015184,3.871737,316,9,9,99,5,0,1,45,0,2.146522,-0.000782,97.977029,31,-1410,1,347.368217,318.52907,334.257752,9.175561643,9658.191,5.164463636,174.9436,1.29079,2898.01274,0.02529,4.909704,26.799002,2.34935,-10.402051,0.986412,3144.52885,0.267361,0.005997329,0.932682436,0.172684195,7.98E-05,0,3.084052,213.196391,7,0.003692,0.198558,1946.470876,30
1.674118,74.16372,23.041156,2.091172588,8.094401,3.863041458,47.609935,4.720634,0.044874,5.881836,257,8,9,98,4,0,1,45,0,2.269425,-0.010414,94.135915,32,-1401.729919,1.413504,365.42487,358.813472,275.611399,5.327697512,205.9632,3.236525155,25.44515,1.578101,3005.714434,0.026656,5.224101,25.836732,2.817007,-9.851059,1.092033,3674.701336,0.260658,0,0.961372045,0.142041016,0,0.119901,3.080782,604.210848,3,0.012078,0.51828,0,29
1.627623,111.633984,40.57511,0.360508188,1.434058,2.281472788,9.79109,2.306443,0.187981,6.827539,1021,1,16,53,6,0,1,43,0,1.683678,0.004584,110.184265,9,-1135,0,307.321839,451.689655,240.896552,5.175016322,176.7995,4.814508482,123.2862,2.881608,555.525467,0.029866,0.463691,5.749365,1.831366,-4.431059,0.517235,2246.488445,0.173317,0,0.400380242,0.535045455,0,0.80837,5.646927,76.305602,1,0.000456,0.076451,0,0
0.036195,15.648593,49.828118,0.364882668,1.440345,2.423452523,11.284753,2.652491,0.142132,7.834758,487,8,5,7,10,0,2,23,0,9.474706,0.148706,83.387097,59,-1410,1,393.40404,413.606061,193.282828,5.010197198,149.9343,4.645314511,104.0961,4.238784,584.644895,0.026329,0.111343,7.234911,2.686332,-4.035143,0.762268,7012.964863,0.442546,0,0.294013019,0.101647059,0.004766061,0,9.680017,95.402071,2,0.047108,0.493524,0,0
0.325,24.97019,44.818927,1.778056511,5.918343,2.468438711,11.804003,1.368751,0.533767,1.994478,243,3,7,102,9,0,2,22,0,4.469239,0.040725,102.894542,33,-1520,19,274.674699,377.86747,347.457831,4.221619151,68.14373,2.443562818,11.51399,3.701894,858.923791,0.032565,0.379073,10.030409,2.973045,-3.813441,0.377469,5566.999017,0.391425,0,0.590280507,0.079628483,0.063299982,0.112037,24.286357,569.922402,2,0.001534,0.22602,0,57
0.68282362,-99.632327,39.110746,-0.442097454,0.642687,2.419706399,11.242558,3.956038,0.063897,17.493058,649,1,5,53,9,0,5,74,0,3.576286,0.008489,94.725689,38,-1413,0,244.402597,472.779221,282.818182,2.421658851,11.26453,2.863756813,17.52725,1.614793,1512.121936,0.031356,4.495264,12.478177,2.099129,-7.684774,0.682178,3186.123669,0.247568,0,0.244698225,1,0,0,0,0.058293,1,0.01035,0.038147,0,0
1.133333,27.546088,47.115453,-0.803113844,0.447932,1.809681244,6.1085,2.574682,0.150853,13.637114,56,3,7,18,10,0,2,22,0,6.615995,0.073221,116.714286,27,-1413,0,154.571429,407.809524,437.619048,2.885579739,17.91395,3.688693687,39.99257,5.372798,641.733467,0.026072,0.607743,9.638827,2.080837,-4.956908,0.315198,5264.332029,0.342015,0,0.677485323,0.165466667,0.049654273,0,20.010024,159.114184,2,0.006841,0.183552,0,0
0.226316,-101.218246,37.384996,-3.898514655,0.020272,-0.327346404,0.720834,1.428172,0.490274,35.557857,906,1,9,59,6,0,5,74,0,4.884516,0.066268,100.842496,15,-1413,0,305,403.846154,291.615385,3.849874373,46.98716,7.748381936,2317.819,0.380648,953.162936,0.033222,1.378779,13.715926,1.599559,-8.512729,1.228005,2299.880721,0.237602,0,0.970216475,1,0,0,1.148241,0.495465,1,0.006453,0.009804,0,0
0.46729,108.059556,34.552959,1.526369081,4.601439,3.013733328,20.363281,2.67791,0.139447,4.425415,639,1,1,6,6,0,1,43,0,14.482232,0.053791,78.273914,120,-1160.59549,3.826967,251.783784,480.560811,267.77027,6.269286607,528.1005,4.742917927,114.7686,10.993621,1369.883215,0.027652,6.42881,11.613653,2.681147,-8.163924,0.256598,5397.326374,0.380578,0,0.432742434,0.135076923,0.238479264,0.055188,0.166813,100.011705,3,0.005663,0.238126,0,41
0.599645,-96.417202,32.067727,0.899056268,2.457283,2.934844308,18.818573,3.386524,0.087195,7.658286,112,1,9,56,9,0,5,75,0,3.145763,0.03076,116.298113,23,-1415.929437,18.68773,316.258824,341.558824,342.311765,3.240955857,25.55814,2.341900032,10.40098,1.153759,3044.378405,0.032849,0.264571,19.31625,3.216149,-7.656526,1.215895,5677.66828,0.430588,0,0.081688497,0.225591716,0.064416287,0,19.906437,15.495585,1,0.023895,0.452584,0,0
0.457143,-97.656596,33.863408,1.686633,5.401264,3.454353304,31.637822,3.840201,0.06781,5.857484,252,3,9,56,9,0,5,74,0,4.055935,0.019645,115.73913,36,-1438.067098,20.117267,353.197044,358.871921,287.852217,4.84036404,126.5154,3.153730827,23.42329,1.969034,2541.786406,0.033951,3.937253,17.888498,2.798029,-10.172457,1.167471,4579.543855,0.368352,0,0.012183428,0.258163804,0.030577585,0,1.641167,7.714863,4,0.005767,0.301936,0,31
0.602857,33.634398,39.155926,5.215156831,184.040682,5.438763371,230.157388,4.785894,0.043659,1.250579,844,5,16,109,12,0,1,22,0,3.550638,0.053146,77.873087,61,-1358.395456,12.313771,333.212589,391.38361,275.409739,8.228624326,3746.676,3.013467569,20.35787,5.034246,161.707337,0.032295,0.783466,11.558932,1.365161,-5.641264,0.294704,2663.237617,0.155343,0.012714314,0.78591507,0.014254156,3.24E-05,0.124855,2.471597,41.47408,4,0.016857,0.068834,156.863227,24
0.398416,103.387265,27.851818,4.851955761,127.990464,6.594490375,731.056227,18.228756,0.003009,5.711802,444,5,1,4,16,0,1,43,0,32.810912,0.032612,104.142857,960,-1416.402548,14.020344,299.105783,408.207256,292.715735,9.037321808,8411.22,4.185365861,65.71754,33.042843,2386.461634,0.027317,13.378929,10.093372,4.822303,-3.717624,0.327716,9003.127222,0.458313,0,0.305483026,0.399924839,0.040909492,0,0.132403,105.745021,7,0.201161,1.561381,18058.97353,32
0.662667,-88.792489,37.902773,-0.214211065,0.807178,2.287330024,9.848607,3.092326,0.104575,12.201284,133,3,13,102,9,0,5,74,0,4.352589,0.05027,106.728927,21,-1413,0,77.865169,684.146067,237.94382,2.998179277,20.049,3.21239044,24.83839,1.05779,2671.402658,0.031782,1.521327,14.094805,3.548408,-7.966999,0.554601,8655.251774,0.438072,0,0.130625211,0.214513274,0.249340994,0.003059,7.472248,38.580848,1,0.002465,0.983789,0,0
0.035826,118.327832,44.828258,1.81806168,6.159907,3.226696801,25.196291,2.863813,0.12193,4.090369,987,5,3,51,27,0,1,42,1,7.413008,0.057755,77.610584,73,-1278.676624,7.566169,524.169421,308.252066,167.491736,7.250822152,1409.263,5.432760406,228.7799,7.995727,488.83564,0.028807,1.315814,0.158862,1.665513,-3.808141,1.968976,3188.058791,0.203479,0.045902888,0.139485062,0.904886251,0.014858338,0.016388,0.683897,2.678774,1,0.002216,0.149215,0,32
1.77388,120.554183,23.103574,1.879100861,6.547615,4.045558823,57.14311,6.299664,0.025198,8.727317,168,3,3,1,15,0,1,43,0,17.52639,-0.008696,74.255518,200,-1520,19,260.75969,432.527132,306.810078,4.702511937,110.2237,2.823411343,16.83418,21.790733,10920.34282,0.023995,2.75691,20.407157,9.019443,-4.500334,0.026667,19466.98711,0.586412,0,0.100662465,0.22996368,0.626050992,0.044251,4.307313,31.165627,1,0.010528,8.694501,0,34
0.405821,79.091391,11.43408,2.321664321,10.192624,3.45433908,31.637372,2.795455,0.127966,3.103948,69,3,13,56,4,0,1,45,0,2.293902,0.010229,76.142327,23,-1410,1,361.911348,281.98227,356.319149,4.809580154,122.6801,2.487916283,12.03617,0.664014,4025.532568,0.02666,8.652357,27.878825,2.730432,-10.089317,0.188969,4526.19015,0.357912,0,0.900284676,0.102866557,0.000779256,0.004546,4.835535,414.803582,1,0.000664,0.310469,0,30
0.131949,117.350467,40.873322,0.032861111,1.033407,2.254062063,9.526354,2.643541,0.143096,9.218395,562,3,1,44,26,0,1,43,0,17.42846,0.113893,108.908463,144,-1250,9,484.428571,380.545455,135.025974,4.980219385,145.5063,4.947358199,140.8025,14.541615,1229.398262,0.031946,1.444154,6.976323,2.252825,-14.343203,0.486912,3968.574701,0.35223,0,0.169553938,0.552546584,0.273255939,1.636161,1.264381,79.817457,1,0.00476,0.16893,0,0
0.59232025,107.299727,-6.736902,3.968343677,52.896844,4.906832439,135.210448,5.244335,0.03636,2.556116,216,10,7,48,1,0,1,51,0,10.254376,0.202746,102.188387,97,-1255.528125,9.204745,278.871446,382.772559,338.296663,7.513331108,1832.307,3.544987432,34.63925,10.079204,9733.770957,0.023225,7.487498,21.949113,10.050791,-6.163169,0.085075,17770.83211,0.592584,0.002223601,0.365653351,0.06798174,0.440315952,0.036994,6.943224,796.651847,3,0.022035,5.22036,945.503992,36
0.136857,-75.85639,40.002344,-1.599136158,0.202071,0.995891249,2.707136,1.698841,0.346493,13.396927,151,8,5,4,9,0,5,73,0,8.588986,0.063783,92.814249,41,-1052,0,303.6,474.8,221.6,2.690973894,14.74603,4.290108147,72.97436,3.00446,2370.942638,0.025885,1.086397,11.389325,3.864766,-14.940978,0.737208,9519.836307,0.492629,0,0.286391615,0.173333333,0.233314005,0,29.989481,167.941934,1,0.017134,1.491582,0,0
0.072258,113.820345,36.843597,0.27936962,1.322296,2.310147526,10.075911,2.47181,0.16367,7.620012,691,6,1,44,26,0,1,43,0,22.927834,0.086448,94.550483,180,-1480.56621,17.492237,374.833333,442.944444,182.333333,4.82073227,124.0559,4.541362704,93.81856,24.93978,1524.522492,0.027752,7.256619,9.223116,2.760474,-5.201154,0.634512,4539.362927,0.326031,0,0.123926496,0.341428571,0.251092046,0.553273,0.033467,89.515913,1,0.11125,0.458125,0,26
0.305521,-88.885472,38.40272,-0.705422211,0.4939,2.221359311,9.219855,3.700832,0.073013,18.667435,156,3,9,102,9,0,5,74,0,5.046824,0.09689,95.973214,27,-1413,0,140.505747,634.321839,225.091954,2.50838796,12.28511,3.213809412,24.87366,1.238773,2671.898577,0.033305,18.962278,13.625794,3.614184,-8.133378,0.526977,8376.696057,0.473709,0,0.051385542,0.305694444,0.336254107,0,6.593441,23.350473,1,0.013737,0.923662,0,27
0.093836,110.217739,27.166572,0.101937263,1.107314,2.401218019,11.036611,2.958662,0.114238,9.967009,438,9,1,4,9,0,1,43,0,22.908124,0.077012,77.797044,154,-1180,6,249.033613,441.235294,309.554622,3.605405993,36.79662,3.503468731,33.23052,26.365373,5929.946772,0.025912,1.105281,14.906273,6.902246,-4.52584,0.486387,14944.13556,0.580423,0,0.062165248,0.293309859,0.281172929,1.39048,0,75.323911,1,0.016921,2.525658,0,28
0.270731707,-7.252351,31.629311,1.563559824,4.775792,3.645986306,38.32055,4.946569,0.040869,8.023915,868,3,1,109,12,0,3,15,0,16.193328,0.180301,97.35642,115,-1520,19,400.745174,325.617761,273.714286,7.258293834,1419.832,5.694733994,297.2977,24.332737,590.940098,0.026855,6.010964,10.647147,1.721503,-16.175382,0.216671,2628.66259,0.135328,0.430852673,0.098827728,0.198104777,0.016742831,0.020628,0.00732,42.542168,1,0.028744,0.351656,0,31
0.17463,106.606413,30.721279,0.774620249,2.169768,3.68241035,39.742071,7.610951,0.017263,18.316278,405,5,7,6,15,0,1,43,0,15.901359,0.202706,89.595155,95,-1520,19,200.482667,451.810667,347.536,4.273806479,71.7944,3.499186394,33.08852,8.593342,4164.600833,0.032947,2.033022,16.665368,5.212072,-3.982146,0.776398,11149.10172,0.51279,0,0.699588,0.230445205,0.004585431,0.890699,0.000916,341.807762,2,0.05011,1.370749,0,33
0.047039,111.769239,27.116091,0.261129656,1.298396,2.576153053,13.146467,3.254622,0.094406,10.125162,316,6,1,1,9,0,1,43,0,12.277257,0.038153,74.350616,96,-1520,19,280.278261,391.295652,328.426087,3.183552435,24.13233,2.922422598,18.58626,10.78999,4931.952591,0.032293,0.149108,16.893205,5.514485,-5.044932,0.747682,12519.43744,0.473814,0,0.755945518,0.132280702,0.09963573,0.013477,0,201.762148,2,0.018184,2.21247,0,24
1.651695,114.187145,40.672501,0.204922553,1.22743,2.440060074,11.47373,2.92147,0.117165,9.34777,970,8,8,44,6,0,1,43,0,2.738159,0.046608,97.830442,30,-1100.871904,0,408.1375,399,192.7625,6.450898609,633.2711,6.245976137,515.9326,10.8453,543.817683,0.027598,3.537809,4.267735,1.993337,-4.412643,1.103921,2710.457011,0.186942,0,0.321374038,0.423548387,0.004101124,0.196337,0.697898,47.186613,1,0.017322,0.12299,0,44
0.033897,112.277884,26.257787,1.397133406,4.043592,3.76609382,43.210945,6.06185,0.027214,10.686277,158,3,3,4,9,0,1,43,0,14.58712,0.038756,105.422353,113,-1520,19,275.295019,412.030651,312.681992,4.97953877,145.4073,3.582405263,35.95993,16.930074,5353.905626,0.025232,2.019322,16.843091,5.984809,-5.546313,0.302672,13292.21873,0.560169,0,0.080278116,0.29852552,0.086732002,0.898831,0.000967,192.922442,2,0.043324,2.327599,0,43
4.474273,101.152287,25.233708,0.924375165,2.520293,2.730355641,15.338341,2.725511,0.134618,6.085936,1908,3,5,1,16,0,1,43,0,10.387662,0.039879,96.251645,83,-1481.975309,19.518519,205.688889,439.896296,354.42963,4.711209871,111.1866,3.786834769,44.11654,13.009707,2731.967308,0.023204,3.472481,14.812596,3.493143,-7.306749,1.755992,6381.467072,0.49001,0,0.205547873,0.3414375,0.030230463,0.515859,1.494565,95.548331,3,0.04883,1.410279,0,50
0.480487805,21.643853,-33.288422,1.479910152,4.392551,3.255340204,25.928434,3.4899,0.082106,5.902819,377,3,1,44,6,0,3,12,0,10.875227,0.094345,106.652778,118,-1390.948973,21.278469,634.726496,193.418803,171.965812,9.564504466,14249.89,8.084594474,3244.104,5.090464,354.566165,0.015244,0.792716,16.956014,0.777265,-7.158354,0.719186,954.167147,0.095963,0.648836124,0.000725822,0.287228525,0.000731388,0,0.136275,3.377916,3,0.004429,0.10324,0,36
0.214444,78.326049,11.897292,-0.104415407,0.900851,2.080265327,8.006593,2.379668,0.17659,8.887813,473,9,3,44,4,0,1,45,0,12.259463,0.13975,99.064236,79,-1410,1,404.426966,279.550562,315.786517,4.646778431,104.2486,4.75119422,115.7224,19.781056,5418.445784,0.019321,0.034408,24.304416,3.151874,-10.880697,0.173935,4575.122612,0.579681,0,0.002527207,0.195454545,0.29564611,0,3.060913,112.52974,1,0.003633,0.319689,0,0
0.258709,117.009604,29.506992,0.35257475,1.422726,2.665836475,14.379973,3.400889,0.08646,10.107338,79,12,1,1,9,0,1,43,0,18.817074,0.074115,85.225894,101,-1520,19,302.533784,409.297297,288.033784,3.998944462,54.54055,3.646369838,38.33525,18.790303,5829.997188,0.02539,0.589336,16.912936,6.643982,-12.597192,0.870807,12734.63704,0.603874,0,0.071992878,0.339076923,0.458068758,0.116267,0.006183,74.457206,1,0.00276,2.774724,0,31
0.117576,-114.430999,36.174189,6.369695779,583.880173,7.16872856,1298.192979,15.155576,0.004354,2.223389,364,9,16,82,7,0,5,77,0,12.54868,0.169369,99.129513,305,-1271.260106,18.210635,463.452497,336.22168,200.351505,9.917761691,20287.53,3.548065896,34.74605,10.123283,244.570949,0.029659,1.925706,16.454823,0.879895,-6.436235,0.516499,1025.137824,0.147232,0.01392093,0.003760616,0.14590447,0.077806563,0.000103,1.52274,8.727775,7,0.031003,0.051277,1885.568263,51
0.093421,76.633058,10.542553,1.140315815,3.127756,2.720683662,15.190704,2.423018,0.170328,4.856743,91,8,3,5,2,0,1,45,0,15.976788,-0.016079,104.763158,81,-1410,1,442.84,263.568,293.472,3.418815926,30.53324,2.278500166,9.762028,28.390379,5888.728744,0.022705,1.111747,22.75602,7.592396,-22.904216,0.339915,15173.40337,0.590645,0,0.030154824,0.139378378,0.503992259,0,2.540125,439.803548,1,0.001674,3.157233,0,25
5.764049872,-88.831832,36.761027,-3.673360498,0.025391,0.044933212,1.045958,1.85169,0.291651,41.193825,123,1,5,60,9,0,5,74,0,5.68594,-0.018104,104.849558,22,-1413,0,57.071429,741.071429,201.785714,-0.044782954,0.956205,3.628571704,37.65899,1.273381,3240.116788,0.029213,20.376799,15.017778,4.047079,-21.66374,0.402026,9347.05036,0.458432,0,0.476690647,0.51,0.208561151,0,3.424509,8.718867,1,0.005382,1.417296,0,0
0.010473,111.597501,29.2053,1.05422213,2.869742,3.100271102,22.20397,3.697467,0.073146,7.737271,55,3,5,1,9,0,1,43,0,4.574734,0.014369,100.418877,42,-1095.373272,1.760881,275.35443,410.189873,314.765823,3.835011283,46.29395,2.78078938,16.13175,2.839618,4332.231405,0.030445,47.961857,16.904413,5.099716,-4.869996,1.109639,10569.55462,0.464218,0,0.883217349,0,0.038520796,0.385514,1.350543,277.973236,3,0.006019,1.327115,0,29
0.63186,73.710311,33.213339,5.165527784,175.129865,5.243567516,189.344388,4.036151,0.061385,1.081166,335,1,7,60,15,0,1,45,0,8.394908,0.01039,101.50955,196,-1248.333404,11.105359,261.575158,515.169217,223.216022,8.008032514,3004.999,2.842504751,17.15869,7.220372,3754.230568,0.02941,57.168091,20.407832,4.141664,-6.576107,0.81345,5464.451403,0.320633,0,0.739691273,0.087571446,0.005026927,0.029006,6.593022,368.430607,4,0.042166,0.453923,2524.551154,75
0.624190319,-84.178712,41.985538,-2.742144875,0.064432,0.571586707,1.771075,1.968254,0.258129,27.487513,285,5,9,60,18,1,5,72,0,4.033542,0.005758,99.574324,24,-1577,0,377,379,244,3.292392051,26.90715,6.034537446,417.6056,1.149431,1144.516045,0.031665,0.050466,9.127744,3.090524,-5.788226,1.042731,8157.246442,0.387808,0,0.436653226,0.47,0.195550285,0,8.972129,29.249567,1,0.001733,0.795097,0,0
0.8,170.395633,-44.673254,1.730261831,5.642131,2.936295967,18.845911,2.238157,0.199627,3.340212,232,3,3,8,10,0,4,57,0,6.680939,0.09932,86.769231,71,-1275.333452,9.471591,600.127119,196.584746,203.313559,4.34757312,77.29066,2.617311158,13.69884,19.328568,669.591712,0.018388,0.176705,7.627081,2.928147,-3.008037,1.030981,9171.308506,0.366439,0.054117647,0.025353448,0.110054171,0.022568517,0,0,0.155988,3,0.086743,0.355539,203.402749,33
0.410353,9.282913,44.898764,-0.343182097,0.709509,2.051062129,7.776156,2.60424,0.147448,10.959908,348,6,1,8,10,0,2,21,0,12.877642,0.032848,118,104,-1180,6,201.023529,466.117647,333.188235,4.399279077,81.39217,4.74246038,114.7161,16.064538,1688.978887,0.026126,4.67733,10.035769,3.517678,-4.184366,0.492394,10912.9573,0.481758,0.000822259,0.367717619,0.515932203,0.409063715,0,5.416508,28.208752,1,0.013507,1.750909,0,42
0.017191,112.365117,28.557028,0.35527156,1.426568,2.569844664,13.063795,3.085448,0.105042,9.157499,46,1,11,99,9,0,1,43,0,5.746805,0.024781,110.461538,39,-1515.171588,18.303272,261,449,291,2.266622626,9.646765,1.911351091,6.762219,2.811572,4568.463661,0.029552,2.280597,17.36875,5.678096,-5.000819,0.71216,11506.4871,0.397,0,0.540437842,0.135208333,0.020125098,3.179487,25.413589,544.800099,1,0.002138,1.713371,211.897044,0
0.248,8.063322,36.622436,2.243300479,9.424385,3.33456711,28.066231,2.579008,0.150347,2.978044,156,3,3,12,12,0,3,15,0,6.407664,0.016274,107.526003,75,-1520,19,354.179641,319.137725,326.808383,6.355974492,575.9233,4.112674046,61.10991,13.007853,1169.289658,0.026943,15.253919,14.923446,2.356851,-9.288992,0.565373,4943.04014,0.524,0,0,0,0,0.013839,2.269563,104.625183,1,0.002769,0.101254,0,40
0.409118,-95.642447,38.811847,-0.024653413,0.975648,2.576306695,13.148487,3.755125,0.070917,13.476677,332,3,13,43,9,0,5,74,0,3.394685,0.019426,107.674355,22,-1383.938642,5.657963,66.013889,528.958333,404.847222,2.58240761,13.22895,2.607061596,13.55915,1.025291,2521.408459,0.032699,0.182804,12.818174,3.209794,-6.793526,0.749665,6237.66262,0.346982,0,0.709676277,0.149856115,0.003773394,0.248459,4.330328,4.237094,1,0.047677,0.505791,0,0
0.482283,10.387918,44.129422,-1.119705188,0.326376,1.612474099,5.015204,2.476422,0.163061,15.366346,309,6,1,75,13,0,2,21,0,9.120247,0.081882,110.48362,49,-1128.858537,3.120325,280.270833,488.479167,231.25,5.170343644,175.9753,6.290049467,539.18,22.230839,2193.409945,0.026516,0.371374,10.07535,4.858353,-4.440666,0.30853,16549.83594,0.526261,0.006009317,0.068394375,0.714255319,0.740997306,0.00836,7.2158,51.177715,2,0.074047,2.186231,0,42
0.439134839,-96.692589,33.302472,-1.835962172,0.15946,0.982999397,2.67246,1.887908,0.280568,16.759472,197,6,5,99,9,0,5,75,0,4.048236,0.039527,111.900735,17,-1180,6,202.655172,485.137931,312.206897,1.559852632,4.75812,3.395816598,29.83901,1.710407,3178.411856,0.030447,1.405504,18.128273,3.32867,-6.949932,1.33479,5718.007541,0.348,0,0.087028658,0.231304348,0.008687783,0,8.204696,11.674293,1,0.005026,0.582734,0,38
0.719444,66.413344,38.530486,1.277342404,3.587094,2.595439541,13.402477,1.996221,0.250947,3.736304,653,1,7,109,12,0,1,46,1,7.214203,0.061945,93.808962,58,-1520,19,236.473684,446.993421,316.598684,7.676638213,2157.355,6.399295521,601.4212,13.858319,297.575741,0.034176,1.813043,10.302475,2.001172,-5.355788,0.768678,2998.292192,0.119228,0.334873755,0.134856176,0.111666667,0.003003071,0,0.991803,93.343257,2,0.004982,0.269747,110.467451,38
1.25,-80.628329,38.657182,1.654959311,5.232867,4.396031778,81.128294,10.00455,0.009991,15.503602,291,3,5,7,9,0,5,74,0,22.889376,0.187333,69.94186,153,-1314.005251,10.068811,270.592649,486.237366,243.202144,6.200241593,492.8681,4.545282274,94.18701,13.58911,2397.334656,0.02706,0.63293,10.431779,4.965104,-16.650231,0.919982,11632.61455,0.51473,0.000146747,0.007761612,0.09374677,0.956757217,0,0.504246,5.22642,1,0.000746,2.007876,69.074656,40
0.263889,117.249805,28.543328,0.769040059,2.157694,2.853718089,17.352179,3.332377,0.090052,8.042,102,12,3,1,9,0,1,43,0,18.161956,0.087241,115.762822,120,-1300,9,350.604651,362.523256,286.843023,3.579693576,35.86255,2.81065372,16.62078,15.909378,7346.681705,0.02505,0.294213,17.947692,7.24775,-5.655343,0.63009,13900.38583,0.541863,0,0.088755257,0.349307958,0.3125,5.256236,0.065682,93.615174,1,0.002871,2.987781,0,35
0.064694,106.946183,30.390465,0.360110635,1.433488,2.878110619,17.780647,4.189339,0.056978,12.403761,377,5,1,34,15,0,1,43,0,13.477218,0.0537,70.982494,104,-1520,19,305.047945,393.287671,301.664384,3.306156032,27.28006,2.946045583,19.03055,14.356406,4827.291237,0.027579,39.967236,16.487526,5.156742,-3.589587,0.388088,11691.27823,0.510732,0,0.541853963,0.249950495,0.092633008,0.031148,0.582931,427.920178,1,0.016748,1.770028,0,26
0.7125,26.24146,46.936483,0.116729147,1.123815,2.357598803,10.565551,2.811511,0.126509,9.401502,347,5,1,8,19,0,2,22,0,9.971856,0.056115,100.556514,105,-1180,6,304.606383,366.765957,328.457447,4.341694234,76.83761,4.224965139,68.37212,20.594415,783.497069,0.027517,0.308648,6.086589,2.75796,-5.650088,0.674282,6441.920424,0.552305,0,0.042037079,0.180684211,0.661821164,0,2.295509,47.738652,1,0.003414,0.534123,0,46
0.257937,117.984325,28.327781,0.415744758,1.515499,2.798718716,16.42359,3.763443,0.070604,10.837085,108,7,5,1,9,0,1,43,0,9.561256,-0.002768,106.47557,65,-1381.042945,13.853442,328.014286,433.592857,238.407143,2.35631352,10.55198,1.940568766,6.96271,8.068052,5831.125212,0.028066,3.65904,17.592299,6.686958,-4.906011,0.461849,13085.2149,0.504703,0,0.664985673,0.157857143,0.013230659,0.075893,0.696324,331.061311,1,0.003003,2.720495,0,0
0.916774,-80.23267,35.353854,-1.24906083,0.286774,1.696541968,5.455051,2.873584,0.121102,19.022123,142,3,9,4,9,0,5,73,0,5.207565,0.031601,101.611429,30,-1520,19,386.603448,435.431034,178.034483,4.364319281,78.59588,5.613380264,274.0691,1.977477,3291.274806,0.024345,2.672558,15.661397,3.741481,-21.856011,0.303395,8175.172349,0.517281,0,0.015217662,0.713589744,0.28813585,0.476744,11.545417,41.836824,2,0.015897,0.740144,0,0
0.141,82.403549,43.252771,4.081783113,59.251027,4.427795477,83.746592,3.069123,0.106163,1.41342,952,1,8,50,6,0,1,46,1,13.437393,0.056957,102.288923,199,-1079.822929,0,324.894374,463.469575,211.586682,9.59745344,14727.23,5.515670184,248.5565,17.562234,423.914029,0.028441,4.258212,-1.412031,3.011972,-3.270057,0.793789,3651.867909,0.27904,0.039790152,0.17832972,0.632275127,0.05867952,0.021748,0.179272,19.177109,2,0.021281,0.620281,287.352456,46
0.379294349,-99.205062,31.69472,-2.234067001,0.107092,0.673571318,1.961229,1.690615,0.349873,18.313481,463,3,9,53,9,0,5,75,0,2.353578,0.015963,111.313492,11,-1520,19,272.913043,416.826087,310.26087,2.416304773,11.20438,4.650371059,104.6238,1.054759,1936.909151,0.030924,0.996913,18.734464,2.222107,-8.066755,1.57877,3356.449804,0.291,0,0.49910691,0,0.003813559,0.242214,0.028212,1.66177,1,0.002233,0.074814,0,0
0.045205479,27.487151,-25.791729,0.164798928,1.179156,2.213728087,9.149764,2.376946,0.176995,7.75959,1274,3,7,56,5,0,3,12,0,5.772243,0.03837,97.306818,91,-1427.124601,1.784878,651.033708,146.11236,202.808989,4.775179592,118.5316,4.610380588,100.5224,8.413901,2020.502362,0.019892,14.564853,17.446608,2.170689,-7.744565,0.38572,3510.503619,0.330729,0,0.043341592,0.199054054,0.05281411,0,3.666739,12.489065,1,0.017977,0.132214,0,0
0.432727,-50.862221,-20.83221,6.380228775,590.062684,6.944754764,1037.692486,12.050766,0.006886,1.758614,321,3,15,33,4,0,6,64,0,4.693329,0.091779,96.27381,80,-1297.577748,18.726462,567.251747,177.094559,255.65616,8.978129335,7927.788,2.597900458,13.4355,2.670754,5323.741599,0.019943,4.812314,23.820368,4.364729,-8.186062,1.064054,7430.546373,0.433448,2.90E-05,0.209957399,0.153926419,0.027917728,0,2.326065,44.532531,7,0.322462,0.583403,2113.479134,44
0.507246,115.323098,27.924558,0.334159564,1.396766,3.025201023,20.598145,4.916559,0.041369,14.747021,40,3,11,99,9,0,1,43,0,2.964084,0.028823,87.02785,24,-1052,0,277.62585,461.92517,260.408163,1.465996088,4.331856,1.131836533,3.101347,1.180385,5904.350975,0.031578,15.846961,18.359296,6.119881,-5.257533,0.861219,12409.73905,0.31268,0,0.929947461,0.027243243,0,0.318973,0.81037,414.899604,1,0.004453,1.316166,0,0
1.230566,148.97118,-33.188256,-3.266544119,0.038138,0.377139705,1.458108,2.106217,0.225421,38.231963,686,5,5,56,9,0,4,56,0,5.823632,-0.014027,99.433333,25,-1250,9,580.736842,177.842105,241.421053,2.961486007,19.32667,6.228018377,506.7503,3.295429,1039.14408,0.018878,2.744209,13.013548,2.603505,-9.596294,0.190389,5484.258268,0.447997,0,0.619580082,0.578,0.032095875,0,0.510306,5.001687,1,0.027828,0.115484,0,0
0.144262,-65.020573,-31.855425,2.175204801,8.803988,4.049669372,57.378483,5.455121,0.033604,6.517329,847,1,7,51,15,0,6,64,1,9.628444,0.144379,99.844262,113,-1370.772598,8.488868,372.582133,342.10951,285.247839,6.790372563,889.2448,4.61516804,101.0048,9.399098,1754.535075,0.018069,2.947587,14.330474,3.9094,-5.810765,0.823606,3781.331687,0.301775,0.02975178,0.097674688,0.144688797,0.033886392,0,2.862294,11.638162,1,0.020883,0.108335,0,34
0.021084,112.987696,26.875115,1.35024948,3.858388,3.304319233,27.229998,3.910567,0.065391,7.057351,120,5,5,1,9,0,1,43,0,13.445522,0.088685,88.42029,98,-1180,6,309.166667,412.825,278.066667,3.700062688,40.44984,2.349813085,10.48361,12.112457,5192.020856,0.027739,1.669725,17.9632,5.894581,-5.988476,0.664669,12694.00095,0.491819,0,0.359545627,0.153431953,0.192447936,0,0.316721,189.194455,1,0.003704,2.193668,0,30
0.272914,108.486442,37.700028,0.159584177,1.173023,2.679303753,14.574942,3.796197,0.069391,12.425116,1274,1,6,53,6,0,1,43,0,13.959039,0.281856,72.586375,64,-1121.675048,0,628.87963,253.175926,117.87037,3.09828119,22.15983,2.938696735,18.89121,1.433129,557.723914,0.028721,0.138326,8.273428,1.726972,-4.658975,1.204077,2648.29816,0.152556,0,0.298503067,0.86760479,0,0.033899,0.121664,100.786213,3,0.004461,0.040843,0,28
0.047921,100.507058,25.806363,0.700950158,2.015667,2.611020003,13.612929,2.704813,0.136686,6.75356,1543,5,3,44,15,0,1,43,0,10.880239,0.055423,88.937972,96,-1189.253788,4.590152,318.183673,385.969388,296.142857,4.37343357,79.3155,3.672483522,39.34951,19.132482,2328.542926,0.024219,15.917619,16.12816,3.500725,-7.174884,1.056112,5583.693508,0.407194,0,0.54332131,0.181901141,0.060830571,0.330394,1.289384,80.321418,2,0.014133,1.25694,0,24
0.02286,111.827186,21.862206,1.356334771,3.881939,3.699349576,40.421005,5.787324,0.029857,10.412582,10,9,11,57,15,0,1,43,0,5.118213,0.020021,89.960531,45,-1333.065195,0.785098,377.310345,366.237069,256.702586,3.271037442,26.33865,1.91470265,6.784921,7.04357,12468.89395,0.023465,28.03607,22.369572,6.381243,-6.637981,1.026487,14510.69077,0.505811,0,0.474686838,0.100626263,0.241270802,0.256284,4.767083,472.513219,1,0.003866,3.387074,0,24
0.738462,106.888683,32.876897,0.978680195,2.660942,3.253186078,25.872641,4.474228,0.049953,9.723113,627,5,3,44,15,0,1,43,0,8.448125,0.051152,83.792884,80,-1310.972453,1.96808,275.621739,488.430435,236.078261,4.842652051,126.8052,3.863971818,47.65425,19.050074,3570.011467,0.027418,1.904534,10.899877,6.195656,-3.526342,0.117562,8726.652441,0.527549,0,0.244590304,0.26587766,0.344794014,0.081877,0.422314,150.82083,1,0.027105,0.802692,0,40
1.077879,-1.097202,41.285694,-0.285225093,0.751845,2.299034296,9.964555,3.24182,0.095153,13.253477,617,3,5,10,6,0,2,21,0,13.348715,0.104556,88.409911,73,-1186.615776,6.882103,335.019048,418.904762,245.771429,6.185443722,485.6284,6.470669464,645.916,6.807748,365.695006,0.026388,0.964563,11.172116,1.754368,-6.067129,1.058892,3040.411528,0.278721,0.005941943,0.574753195,0.395043478,0.013862753,0.045644,1.920327,3.727056,1,0.007409,0.115166,0,0
0.25963,105.501956,29.846126,0.537056954,1.710964,3.209928961,24.777326,5.343539,0.035022,14.481497,392,3,5,6,15,0,1,43,0,12.849108,0.115312,76.3792,84,-1520,19,286.188119,415.064356,298.678218,3.648842828,38.43017,3.111785814,22.46112,3.252083,4173.200406,0.032273,12.765944,17.151397,4.177823,-4.33925,0.707503,10916.3914,0.483279,0,0.592367758,0.214798206,0.023005232,0.004897,0,262.115235,2,0.007431,1.594719,0,36
0.313081554,-96.556734,35.873684,-1.159136478,0.313757,1.346687774,3.84467,1.936231,0.266738,12.253645,266,5,5,8,9,0,5,74,0,4.184169,0.047045,107.939086,18,-1490.539957,19.401728,662.142857,252.428571,85.380952,2.986457395,19.81536,4.145593289,63.15508,2.126711,2847.151163,0.030226,3.197152,16.044152,3.042194,-9.317043,0.884387,5488.577396,0.418386,0,0.007567568,0.446041667,0.125075465,0.053082,2.592014,6.513376,1,0.002001,0.483265,0,0
4.8875,24.369158,45.19936,0.920826032,2.511364,3.116165306,22.559704,4.015814,0.062009,8.983047,257,5,3,46,10,0,2,22,0,5.744632,0.044001,100.971916,70,-1520,19,369.35443,332.848101,297.974684,5.264345295,193.3197,4.343519277,76.97797,15.01485,979.325095,0.027766,0.670469,8.310603,3.069847,-5.202488,0.397903,7338.601607,0.51055,0,0.211415619,0.150622837,0.571171763,0,3.227916,61.743228,4,0.001973,0.768219,8.589319,39
0.035752,113.729627,28.32243,0.255641719,1.29129,2.638292823,13.989301,3.472795,0.082917,10.833585,123,3,3,4,9,0,1,43,0,12.829151,0.035365,100.426506,99,-1508.160484,18.547313,295.046875,414.015625,291.164062,3.969097994,52.93676,3.713456206,40.99525,22.595347,5436.845231,0.024877,13.570006,16.918783,6.639478,-5.022302,0.482957,13479.35898,0.570609,0,0.051824151,0.159883721,0.259761633,0.245629,0.066045,109.823361,1,0.042976,2.742527,0,28
0.434707,99.101472,24.90625,0.059332493,1.061128,2.703200795,14.927435,4.087863,0.059842,14.067514,1529,6,1,1,16,0,1,44,0,19.40711,0.14837,97.363006,117,-1180,6,316.533784,394.925676,288.695946,3.049780968,21.11072,2.990448338,19.8946,11.925858,3455.581513,0.022856,3.264508,14.494723,5.405727,-10.695149,0.620014,7650.064552,0.466266,0,0.388314275,0.447142857,0.003600148,2.027574,2.957471,221.824605,1,0.007752,1.214228,0,0
0.733333,67.186074,39.015777,1.337116459,3.808047,3.495755703,32.975198,4.766848,0.044009,8.659347,1082,5,1,44,12,0,1,46,1,18.566313,0.124005,99.243215,108,-1520,19,205.116438,466.390411,328.380137,6.724984661,832.9592,5.387868266,218.7366,30.567176,278.876836,0.032919,13.824932,4.123077,2.885276,-2.8388,0.672338,4706.579544,0.154831,0.096649187,0.238900327,0.22510453,0.001531873,0,0.114435,93.201629,1,0.030596,1.198329,110.467451,38
0.16129,8.847215,11.593607,1.858799702,6.416031,3.366259431,28.96996,3.226337,0.096068,4.515246,470,8,9,57,4,0,3,16,1,2.390684,0.005073,83.753521,24,-1413,0,675.188679,191.037736,133.842767,5.469205477,237.2716,3.61040589,36.98106,1.418561,3598.09746,0.025079,5.036705,25.578458,2.26064,-11.152963,0.102588,3508.471258,0.216474,0,0.956003404,0.104673629,0.005812617,0,0.00212,322.29231,1,0.050986,0.310041,0,0
0.105907,112.453366,25.523749,0.558965862,1.748863,2.776066667,16.055744,3.424898,0.085252,9.180675,279,5,1,4,9,0,1,43,0,8.97268,-0.042209,86.822805,74,-1180,6,315.145161,357.75,327.040323,4.378510335,79.71919,3.819544493,45.58344,9.029166,4605.367394,0.028991,15.176306,17.09095,5.893598,-5.468965,0.300232,12533.70805,0.444878,0,0.71097414,0.225,0.081770367,0.426925,1.380825,395.633879,3,0.011558,2.329578,0,30
0.01177,113.779101,28.909071,0.49205434,1.635673,2.624108725,13.792276,3.042165,0.108052,8.432171,367,3,1,4,9,0,1,43,0,12.739172,0.012435,75.141179,83,-1410,1,336.060241,376.313253,287.120482,2.861649872,17.49036,2.369595868,10.69307,18.633863,5286.131852,0.025899,3.323737,15.793024,6.339326,-4.578724,0.542535,13060.56425,0.502762,0,0.286355823,0.109279279,0.313579716,0.047398,0.005606,295.450618,1,0.171499,2.371448,0,0
0.04,-112.825542,50.215447,3.118116707,22.60377,4.483417596,88.536739,5.253251,0.036236,3.916901,851,3,5,53,19,1,5,71,0,9.226277,0.155598,83.820741,88,-1116.445236,0,361.218115,380.593346,258.210721,7.32982444,1525.114,4.211707658,67.47166,1.3281,263.340999,0.033572,0.444456,5.279137,1.522793,-9.252868,1.073431,3295.005436,0.200018,0.001428571,0.872542979,0.095002435,0.000143799,0,1.640855,1.95235,4,0.127993,0.031482,0,37
0.527937,0.326733,42.141703,1.691277773,5.42641,2.821541909,16.802739,2.034786,0.241525,3.096474,448,5,3,12,9,0,2,21,0,5.509483,0.012138,97.235876,55,-1234.141414,13.218855,290.343511,420.687023,289.061069,6.849288633,943.2097,5.158010501,173.8183,17.630078,907.218599,0.025011,4.173975,10.441812,2.728879,-5.825318,0.431119,6122.454928,0.415586,0.004066871,0.345124919,0.080675355,0.010983663,0.365666,0.972274,6.247331,2,0.012239,1.370062,0,34
0.209162181,-100.612195,30.591885,-4.097509566,0.016614,-0.489657916,0.612836,1.341246,0.555883,36.887751,660,6,13,51,9,0,5,75,0,3.561384,-0.022241,106.380952,11,-1052,0,115,407,478,2.353853137,10.52605,6.451390378,633.5826,2.145365,1369.29507,0.030917,0.581539,18.662082,1.815266,-8.315799,2.373692,2624.531601,0.259761,0,0,0.84,0,0,3.035321,0.692619,1,0.003091,0.026253,0,0
0.603429,73.768758,23.020571,4.25079548,70.161202,5.924975298,374.26919,12.604645,0.006294,5.334418,113,8,11,4,4,0,1,45,0,4.750764,0.021299,77.33768,116,-1410,1,377.827305,388.546091,233.562427,6.451771313,633.824,2.200975866,9.033825,1.929251,3293.849178,0.025876,9.580665,26.45989,2.768013,-9.842716,0.954701,3968.484901,0.307727,0,0.867688191,0.161081142,0.009018722,0,2.641487,530.07419,4,0.00795,0.481192,0,34
0.054542,106.8922,31.91477,1.190770537,3.289615,3.697857456,40.360737,6.277426,0.025377,12.269137,401,3,1,6,15,0,1,43,0,20.474836,0.215908,81.780828,141,-1520,19,250.02716,442.145679,307.881481,4.515615979,91.43387,3.324845355,27.7947,17.977211,3958.834539,0.0274,4.810708,15.313613,5.256462,-3.895039,1.057487,9972.807251,0.543817,0,0.421814343,0.195088106,0.112153785,0.015731,0.070896,417.530062,1,0.034451,1.51334,0,34
1.672824,105.896697,36.796072,2.112976651,8.27283,3.815692067,45.408171,4.453506,0.050419,5.488832,1454,1,7,34,6,0,1,43,0,11.680478,0.142439,95.474388,122,-1362.835193,12.651853,320.817746,503.01199,176.095923,7.321558859,1512.56,5.208582466,182.8347,7.817897,482.582693,0.032179,1.353836,7.541971,1.709325,-4.175819,0.74606,2382.069921,0.111839,0.000261015,0.050996986,0.264623746,0,0,0.085202,56.40125,3,0.128124,0.119808,0,30
0.06375,14.846905,50.699082,-0.81513178,0.442581,1.484838624,4.414253,1.871786,0.285422,9.973896,314,1,7,75,10,0,2,23,0,4.911423,0.078334,84.342567,24,-1353.147975,7.582555,358.47619,451.904762,189.619048,2.135720736,8.463144,2.950853624,19.12227,5.724936,592.32,0.021497,0.055199,7.730147,2.760804,-3.757166,0.363972,8063.558483,0.479,0,0.03309126,0.181204819,0,0.091182,8.413232,25.791925,1,0,0.762604,0,0
0.036536934,-84.219951,35.965685,2.952882704,19.16111,5.457186592,234.436929,15.108132,0.004381,12.235039,242,6,5,4,9,0,5,74,0,10.702935,0.139369,104.34471,112,-1364.807343,8.492636,323.774574,422.281782,253.918742,7.004391851,1101.46,4.051509084,57.48414,6.775143,3042.692745,0.025609,0.844949,14.155984,4.205626,-16.998808,0.497075,9569.18279,0.511288,0.001144397,0.012184327,0.149209859,0.481053082,0,26.111258,151.922471,5,0.066449,1.544594,382.958155,32
0.206824,19.20309,49.785856,0.906327261,2.475215,2.450630804,11.595659,2.079141,0.23133,4.684707,315,3,3,7,19,0,2,24,0,14.527403,0.241966,82.908408,79,-1150.372529,3.993757,284.628866,491.443299,223.835052,4.004576662,54.8486,3.098249601,22.15913,19.324674,1229.762806,0.029331,0.733123,6.711627,3.791924,-2.772673,0.75552,11025.4395,0.481314,0,0.02867381,0.049164786,0.117054483,0,13.645643,145.413399,2,0.098284,1.097853,0,31
0.04788,106.447773,30.597477,0.089254609,1.093359,2.951890777,19.142113,5.164207,0.037497,17.507627,406,3,15,34,15,0,1,43,0,8.387348,0.080828,74.321709,50,-1520,19,242.409091,411.688312,345.980519,2.508663052,12.28849,2.419408557,11.23921,4.808779,4027.182477,0.030625,12.497643,16.897496,4.843401,-3.947563,0.780066,11024.57186,0.463,0,0.793385448,0.155034014,0.065694528,0.726083,0.629624,348.592986,1,0.0088,1.334306,0,0
0.051561,109.315006,27.97446,0.350827984,1.420243,3.083470632,21.834049,5.168303,0.037437,15.373456,623,6,5,4,9,0,1,43,0,13.871192,0.127234,105.827892,83,-1180,6,289.917874,437.05314,273.028986,3.971927933,53.08678,3.621099953,37.37866,7.034123,4686.437647,0.02914,4.543665,14.569112,6.723352,-3.957121,0.989285,12328.83795,0.501981,0,0.603203883,0.497025641,0.08613221,1.449758,0.008218,158.378798,2,0.094894,1.947425,0,36
0.070109378,-110.466835,40.190615,2.527497399,12.522129,4.164551379,64.363801,5.130949,0.037984,5.140004,1742,3,5,46,19,0,5,77,0,8.626001,0.119048,80.413793,108,-1385.43262,19.787719,401.721939,376.357143,222.076531,7.523691987,1851.39,4.996194188,147.8494,13.602367,107.075042,0.026949,1.528534,4.015797,1.73236,-10.300651,1.358318,2417.246478,0.139991,0.029347347,0.00731406,0.156170551,0.089544023,0,0.393861,0.435945,3,0.008576,0.238074,0,38
0.595,35.721375,30.968961,-0.528573863,0.589445,1.964903626,7.134225,2.621322,0.145532,12.1033,364,6,1,59,6,0,1,29,1,15.867301,0.043758,96.684744,103,-1180,6,287.253521,420.591549,292.394366,7.65466216,2110.462,8.183236787,3580.425,3.738712,26.722321,0.032384,0,17.057434,0.25593,-6.36689,1.992471,806.78441,0.108736,0.982271296,0.014194094,0,0,0.000298,1.411726,13.57357,2,0.031978,0.085725,0,0
0.084609,111.062531,24.971263,0.762039647,2.142642,3.136699012,23.027727,4.437837,0.050776,10.747354,349,6,1,4,9,0,1,43,0,25.106247,0.084336,90.390886,228,-1520,19,445.443182,308.971591,245.448864,5.38059849,217.1522,4.618559152,101.3479,27.493203,7490.698342,0.024019,1.39873,16.363246,8.638091,-4.818655,0.52415,15905.68283,0.624171,0,0.052711165,0.324943396,0.393722965,1.310004,0,59.449583,1,0.006603,3.216372,0,31
0.020252,111.028105,27.266911,0.154320665,1.166865,2.80326668,16.498454,4.30852,0.05387,14.139132,348,6,1,1,9,0,1,43,0,14.449197,0.132275,88.060606,87,-1180,6,260.896104,417.850649,321.62987,3.49138903,32.83152,3.337068377,28.13652,13.137578,5260.884083,0.026088,12.517262,16.324967,5.63629,-4.308977,0.792431,12731.09459,0.512232,0,0.396762724,0.235189873,0.048394144,1.058989,0,261.840357,1,0.017886,2.372306,0,30
0.124,19.460174,-33.798418,0.254406532,1.289696,2.250521923,9.492689,2.357983,0.179853,7.360408,196,3,7,56,13,0,3,12,0,1.934773,0.003137,96.234444,13,-1453.630069,19.905045,781.742574,107.50495,110.881188,2.024218298,7.570191,1.769811873,5.869749,4.786993,811.491506,0.017811,0.033361,15.747149,1.872122,-5.964445,0.136413,3373.736098,0.226,0,0.023751178,0.79511236,0.007775683,0.426979,1.178252,7.236518,4,0.003223,0.800279,0,0
0.122024,116.734716,29.434369,0.799711072,2.224898,3.148121503,23.292269,4.40506,0.051534,10.468916,28,12,11,105,9,0,1,43,0,4.968385,0.026963,77.182761,40,-1478.185291,17.099331,245.267677,467.318182,287.343434,2.749689142,15.63777,1.949978007,7.028533,2.370636,5265.976111,0.029082,0.850349,17.608724,6.197779,-5.620562,0.943912,11451.19417,0.427886,0,0.879703491,0.029423729,0.048024868,0.014785,0.002293,364.852807,3,0.008048,1.912638,0,0
0.643614336,-91.562783,40.033118,-3.168776994,0.042055,0.348815036,1.417387,1.949736,0.263056,33.703331,168,6,5,41,9,0,5,74,0,4.016253,-0.025852,107.113757,14,-1413,0,168.222222,535.944444,296.555556,0.774484742,2.169474,3.94326602,51.58681,1.084848,2340.835913,0.032469,16.741425,11.943387,3.150441,-7.372334,0.485735,7433.284848,0.36,0,0.641030303,1,0,0,4.446674,1.808669,2,0.01006,0.670343,0,32
0.790417,108.893411,35.007749,0.935154487,2.547607,3.089139872,21.958183,3.880836,0.066397,8.61914,770,1,1,6,15,0,1,43,0,22.463517,0.160536,81.951962,126,-1376.088362,0.491379,294.465969,481.712042,223.82199,6.349593259,572.2599,5.414438578,224.6264,13.974696,1325.495403,0.02581,3.437648,10.904003,2.684197,-4.917071,0.535377,4899.225917,0.380968,0,0.379554915,0.131530055,0.340756044,0.058221,1.512542,98.569685,3,0.091923,0.210218,0,52
0.887632,2.575431,36.137442,2.311078224,10.085293,4.032674527,56.411584,5.010939,0.039826,5.59345,419,3,1,56,12,0,3,15,0,10.984925,0.116947,105.80422,114,-1216.631734,7.400625,310.071197,344.106796,345.980583,7.719823958,2252.563,5.408745868,223.3513,8.894225,479.417958,0.0294,7.657969,15.047163,1.446754,-9.016581,0.539771,2853.627567,0.174648,0.214863253,0.503316341,0.139282759,0.026433592,0,2.461334,77.119008,3,0.002989,0.391209,0,25
0.295596423,-82.685684,34.840109,-1.682998342,0.185816,1.293929315,3.647089,2.38671,0.17555,19.627405,283,8,9,4,9,0,5,73,0,8.152196,0.102385,109.779257,31,-1410,1,453.340909,312.795455,233.522727,2.845304073,17.20679,4.528301885,92.60118,2.711302,3871.783292,0.024275,0.297084,15.143309,4.110513,-12.510727,0.24949,10123.97011,0.542069,0,0.003685504,0.572,0.401470106,0.089689,25.931228,166.782797,2,0.008342,1.85555,0,0
0.191637631,11.550585,47.576542,0.537767412,1.71218,2.431435723,11.375202,2.452333,0.16628,6.643695,748,1,7,24,10,0,2,22,0,15.094409,0.119505,85.714286,102,-1138.261496,18.735734,309.921739,399.182609,290.895652,6.480368436,652.2112,5.94260093,380.9244,33.746404,1493.753212,0.027097,3.107966,2.636561,5.755459,-7.426875,0.363586,15756.30955,0.368419,0.045610864,0.02942587,0.059694915,0.006307335,0,2.070334,31.367318,2,0.018797,2.911976,0,27
0.174362,-39.084499,-4.979417,2.826109406,16.879661,4.599605512,99.445078,6.828047,0.021449,5.891414,197,9,7,56,3,0,6,63,0,4.214398,0.019114,104.524752,123,-1410,1,613.924399,208.821306,177.115693,5.36557874,213.915,2.539469801,12.67295,6.836332,3168.122993,0.024769,6.019458,26.362491,2.430566,-9.756415,2.999051,4785.945098,0.40639,0.002666076,0.067623161,0.609071066,0.141053263,0,1.50316,24.668996,1,0.001378,0.31184,0,50
0.522941,70.479861,21.036474,1.962025173,7.113719,3.392050947,29.726858,3.144095,0.10116,4.178807,64,6,11,46,3,0,1,45,0,2.220619,0.00773,80.327243,34,-1168.904255,5.31383,392.681159,351.902174,255.376812,4.691363478,109.0017,2.729337999,15.32274,1.164045,3145.617205,0.026823,7.571298,25.978698,2.564544,-9.867965,1.974376,3887.66184,0.34704,0,0.57401514,0.510245989,0.055399089,0,7.687295,181.386437,2,0.004764,0.312677,0,24
0.045556,73.882601,22.45338,3.171588601,23.845335,4.815874814,123.454765,7.131834,0.019661,5.177313,139,1,11,4,4,0,1,45,0,4.584118,0.015547,96.27256,74,-1410,1,325.408696,345.532919,329.122981,5.935676694,378.2959,2.764087691,15.86456,4.930003,3492.254052,0.024717,12.191869,26.471753,3.056565,-11.063377,0.940108,4442.720034,0.363143,0,0.655015518,0.335375375,0.025844028,0,1.76935,319.981256,2,0.005462,0.694526,0,40
0.278787879,27.309041,-26.609442,1.470770381,4.352587,2.683997439,14.643513,1.980007,0.255074,3.364324,1372,10,11,56,6,0,3,12,0,1.67903,0.009998,69.41687,15,-1575.088339,11.438163,552.387387,164.144144,283.576577,6.723917654,832.0709,5.253147392,191.167,2.761703,1745.886291,0.021667,7.924968,16.582272,2.47702,-8.254794,1.27379,3233.856435,0.275003,0,0.143708698,0.114203152,0.079282405,0,5.626857,73.005579,3,0.003523,0.064962,0,47
0.011398,113.25648,28.010765,0.529412807,1.697935,3.120227576,22.651534,4.903793,0.041585,13.340635,63,3,9,1,9,0,1,43,0,8.6374,0.047089,96.349065,73,-1520,19,273.66474,440.606936,286.179191,2.540261726,12.68299,2.010848947,7.469656,2.585774,4630.304098,0.026247,0.136471,18.079799,6.576044,-6.043011,0.531394,11683.12373,0.458098,0,0.476951584,0.210570175,0.182821279,0.039308,2.760871,321.467213,1,0.002663,1.693535,356.190114,0
0.461017,-98.083852,31.701417,-1.85561982,0.156356,1.11377574,3.045837,2.17292,0.211793,19.48008,331,5,9,51,9,0,5,75,0,4.982503,-0.030511,111.188722,23,-1250,27,302.0625,414.25,283.875,2.69040748,14.73768,4.546024033,94.2569,1.53644,2246.697243,0.031291,2.999502,18.86625,2.654142,-8.424351,1.618092,3960.185424,0.345053,0,0.560287556,0.505909091,0,0.112555,6.176563,14.554074,1,0.009263,0.205842,0,0
1.194318,111.87742,38.086729,3.28227506,26.636303,4.362404881,78.44556,4.28772,0.054394,2.945062,1119,1,7,37,6,0,1,43,0,12.000421,0.027963,73.506182,172,-1216.6254,1.091427,467.450262,385.673647,146.708551,8.524434708,5036.339,5.242159628,189.078,12.107778,884.717738,0.027412,3.719931,5.437129,2.385263,-4.514729,0.86255,3789.07774,0.239297,0,0.366389037,0.200427155,0.009338347,0.117418,1.578513,91.478664,3,0.150636,0.178133,0,38
0.15,-97.468185,32.627547,2.704435342,14.945875,3.989892652,54.049087,3.943872,0.064292,3.616321,212,5,5,51,9,0,5,75,0,4.638311,0.037534,104.72,37,-1394.096012,13.989934,302.054878,372.771341,325.060976,6.506330697,669.3658,3.801895591,44.786,1.882167,2539.042719,0.031471,1.311193,18.642055,2.843679,-8.008346,1.401994,4375.819762,0.334924,0,0.035435553,0.098752418,0.008474809,0,19.624832,105.74368,4,0.003508,0.343799,0,38
0.042692,111.131958,26.461396,0.497845546,1.645173,2.985784458,19.80203,4.355108,0.052723,12.036439,285,6,1,4,9,0,1,43,0,24.901524,0.361143,86.817125,178,-1429.530133,15.540858,355.805405,341.691892,302.443243,4.781542414,119.2882,4.283696901,72.508,23.311928,5490.219438,0.027082,0.946366,16.14486,6.823333,-4.496696,0.330287,14675.44731,0.576996,0,0.276077547,0.116837209,0.3953536,0,0.03367,161.398968,1,0.064398,2.722395,0,38
0.4644,82.67828,18.728074,4.136402513,62.577295,5.664506909,288.445716,10.286101,0.009451,4.609431,851,1,5,66,4,0,1,45,0,8.185923,0.127898,104.240815,71,-1387.775359,5.242886,409.14843,326.346337,264.513321,7.388889854,1617.909,3.252487374,25.85457,8.900042,5304.278948,0.021558,18.730841,22.250282,5.014586,-7.859371,0.830922,8568.408702,0.394818,0,0.731916025,0.113262411,0.01191703,0.436064,1.607198,149.921273,1,0.234723,1.702964,175.512945,27
0.407463,-93.919415,35.167748,-2.648602742,0.07075,0.72844965,2.071866,2.197322,0.207116,29.284354,194,3,3,1,9,0,5,74,0,10.620395,0.100447,100.66242,50,-1052,0,290.923077,541.384615,167.692308,1.74639802,5.733912,4.395001841,81.04478,4.094247,3421.513648,0.028282,2.33508,16.121173,3.690466,-21.431404,0.508601,8112.449204,0.525357,0,0,0.719,0.004589963,0.607843,9.106808,18.545209,1,0.009067,1.471706,0,0
0.013751,110.925734,29.274261,0.454544754,1.575456,3.13803659,23.058549,5.182315,0.037235,14.636107,573,5,1,4,9,0,1,43,0,22.162589,0.287916,94.942675,161,-1180,6,299.117117,420.689189,280.351351,3.390741913,29.68797,2.936197214,18.84405,18.036588,5485.345863,0.027647,1.113042,15.011049,6.431553,-4.015626,0.699852,12722.34242,0.559212,0,0.209745143,0.345613208,0.507451426,0.128378,0,77.915732,1,0.03643,2.270722,138.322937,36
0.563404,16.23101,40.853624,1.041059091,2.832215,2.534899265,12.61516,2.114583,0.223641,4.454167,262,5,3,84,9,0,2,21,0,5.511012,0.097397,67.319042,25,-1292.352941,9.757919,209.791667,456.358333,333.908333,5.615934384,274.77,4.574875295,97.01594,5.099889,731.32708,0.031747,3.095003,13.831069,2.090141,-5.187477,0.978536,3730.085697,0.29595,0,0.951483222,0.115609195,0.006707441,0.036353,3.73885,20.114487,1,0.010132,0.365584,0,32
0.139382807,-111.313457,37.05537,5.570599562,262.591492,6.7889233,887.956984,15.457764,0.004185,3.381515,1124,3,15,82,8,0,5,77,0,15.765485,0.183985,96.11976,301,-1392.032856,20.740338,575.455055,258.771071,165.759646,11.49851189,98568.98,5.927912206,375.37,10.250884,137.395147,0.029788,1.903957,8.566723,1.20525,-7.978453,0.962351,1774.398325,0.138307,0.073342363,0.016911964,0.121649953,0.108863244,0,0.549345,2.329438,7,0.03743,0.094159,776.418078,35
0.01525,112.079752,28.315433,1.631776733,5.112951,3.672771871,39.360858,4.910478,0.041472,7.698266,131,6,1,4,9,0,1,43,0,18.006762,0.072123,96.494993,158,-1401.51933,14.469857,289.038348,428.017699,282.80236,4.855658829,128.4653,3.223882073,25.12547,18.741408,5304.286303,0.02656,1.301164,15.979853,6.487778,-4.428906,0.695604,12527.31709,0.549436,0,0.204991172,0.208462665,0.540052966,0.960772,0.037532,131.89966,2,0.015851,2.635623,0,30
0.689655,123.84136,39.979202,0.044139366,1.045128,2.494408035,12.11456,3.342858,0.089488,11.591455,8,3,11,37,26,0,1,42,0,2.576226,0.02006,95.969468,16,-1410,1,381.31,413.84,204.5,1.75720115,5.796192,1.713061801,5.545916,1.570942,3291.10859,0.035356,1.355874,9.083855,3.22935,-4.635874,0.559818,7901.00227,0.228474,0,0.827468785,0.091,0.004358683,0.172932,2.639948,231.071755,1,0.000193,0.596899,0,0
0.158106956,-122.905877,38.942739,-1.63220513,0.195498,1.282996439,3.607433,2.301559,0.18878,18.45252,451,8,1,42,13,0,5,77,0,6.817857,0.101296,96.655172,32,-1476.297968,19.595937,425.575,355.075,219.35,3.598558607,36.54552,5.230763103,186.9354,11.50932,1456.540526,0.026024,4.935518,13.762249,2.919096,-29.637735,0.607937,6531.259137,0.549489,0,0.003760965,0.301290323,0.069789839,0.04,0.062139,0.726353,1,0.013609,0.994293,0,33
1.349934469,22.427112,49.419301,0.105949742,1.111766,2.293413765,9.908706,2.650973,0.142295,8.912583,356,3,7,7,19,0,2,24,0,14.77346,0.307805,113.511811,72,-1518.41459,18.907599,277.327273,492.4,230.327273,4.211174551,67.4357,4.105224824,60.65638,8.103745,1029.679993,0.027666,0.025747,6.68382,3.564437,-4.420913,0.569619,9900.046984,0.482685,0,0.098147166,0.092164948,0.571347365,0.018657,6.117654,33.988345,2,0.009595,0.723983,0,32
0.06,14.449747,50.624002,-0.947556966,0.387687,1.77744399,5.914719,2.679716,0.139259,15.256445,270,10,5,75,10,0,2,23,0,2.106193,0.032737,82.671877,10,-1180,6,277.722222,465.277778,256.777778,3.30863243,27.3477,4.256190415,70.54074,6.233665,519.962617,0.024014,0.022233,8.034286,2.239369,-3.909979,0.495633,7814.375896,0.45137,0,0.395167331,0.19625,0.051848606,0.061775,5.878753,34.55976,2,0.002949,0.42761,0,0
1.118182,-99.747187,32.127154,-0.684736648,0.504223,1.731706163,5.650286,2.244679,0.198468,11.205932,577,3,5,53,9,0,5,75,0,2.510003,0.017282,109.815169,18,-1520,19,306.076923,387.846154,306.076923,3.414628775,30.40566,4.099365768,60.30203,1.589192,1738.083374,0.032571,1.178557,18.191946,2.11837,-8.383722,1.69802,2968.537542,0.271037,0,0.376073649,0.568571429,0.040913439,0.004139,1.854577,8.051377,1,0.002604,0.038576,0,0
0.200769,-90.195449,39.671776,0.57574501,1.778455,3.419262356,30.546874,6.461604,0.023951,17.176069,196,5,14,43,9,0,5,74,0,3.314363,0.041994,107.554412,23,-1413,0,25.298165,736.275229,238.477064,3.271507363,26.35103,2.695762347,14.81681,0.36001,2220.337248,0.036142,8.711325,12.018102,3.252619,-6.008029,0.607572,7584.101857,0.325862,0,0.894184646,0.136654275,0.025469142,0.024047,3.842869,5.27687,1,0.001606,0.742054,0,0
0.6,100.332431,18.223443,0.373219426,1.452403,3.127793818,22.823571,5.342385,0.035037,15.714355,250,1,3,1,4,0,1,44,0,14.590973,0.144694,110.535109,96,-1400.974385,14.449021,276.092683,413.829268,309.970732,4.773381831,118.3187,4.400162432,81.4641,14.420762,5795.495187,0.020552,1.83113,24.041027,6.204821,-19.69499,0.622151,6338.382229,0.582519,0,0.264167643,0.183641304,0.37229958,0.227107,0.002247,51.430113,1,0.079166,1.066798,0,37
1.559917,125.148766,50.01578,0.116504886,1.123563,1.905864044,6.725216,1.789792,0.312173,5.985618,279,9,11,37,27,0,1,42,0,3.625999,0.039309,72.807299,35,-1520,19,380.163265,402.571429,217.081633,5.07427341,159.856,4.957768833,142.276,2.979366,759.42009,0.038707,1.902202,0.202024,2.067652,-9.002509,0.555611,5562.87072,0.28318,0,0.243457802,0.204759615,0.190128832,0.137755,0.001742,1.473905,1,0.001686,0.216152,0,0
0.509031,109.042957,22.675914,5.056482351,157.037142,7.384726435,1611.186971,36.269354,0.00076,10.25991,58,3,5,34,15,0,1,43,0,8.951816,-0.009852,103.342541,93,-1490.832395,19.009186,350.872302,354.17446,294.95298,8.617775449,5529.073,3.561293495,35.20871,3.711946,6736.384682,0.027491,9.905744,21.339487,5.98269,-5.876192,0.778143,10766.01784,0.501639,0,0.634399692,0.122338458,0.10435813,1.651515,5.840796,650.768049,6,0.092229,1.773901,9120.667039,28
1.037,-97.800866,48.406896,-0.289463659,0.748665,2.002550238,7.407924,2.41517,0.171437,9.894842,325,1,9,17,19,1,5,71,0,4.746731,0.005798,108.208085,36,-1111.616034,0,329.666667,405.333333,264.666667,6.194469879,490.0316,6.483933157,654.5403,0.758091,704.290496,0.028282,1.784319,3.331522,2.005062,-4.431563,1.025625,4781.218954,0.298399,0,0.897689943,0.044965986,0.029373391,0,1.20896,0.9347,2,0.003883,0.127604,0,0
0.232,-96.715017,33.906233,5.833958544,341.708674,6.885316913,977.811502,14.921834,0.004491,2.861536,188,3,9,105,9,0,5,74,0,5.87625,0.065982,103.095238,56,-1316.890803,16.219902,322.321608,389.921407,287.773668,7.819382755,2488.369,1.985424088,7.282135,1.496035,2883.251433,0.033149,0.975472,17.78982,3.185916,-9.153747,1.044325,5787.722961,0.398662,0.000286369,0.038633067,0.117333542,0.14176511,0,5.927291,18.934731,6,0.012134,0.495957,1972.01456,47
0.031255,111.773248,28.712824,0.803591353,2.233548,3.22126018,25.05968,4.730129,0.044695,11.219674,67,12,9,1,9,0,1,43,0,8.330407,0.020057,88.849793,61,-1300,9,269.663366,457.381188,273.143564,3.183467069,24.13027,2.379875709,10.80356,4.089263,4526.152666,0.026724,0.104667,16.741897,5.427944,-4.458916,0.706192,11184.2191,0.490155,0,0.371544944,0.23624183,0.3753402,2.634205,0,267.13345,1,0.003065,1.821401,0,30
1.312604,102.935865,26.770165,5.321781732,204.748364,6.568375714,712.212067,14.040875,0.005072,3.478475,670,5,1,1,16,0,1,43,0,27.520683,0.006977,73.171429,678,-1377.983522,12.720301,336.694595,360.991983,302.267391,9.232074466,10219.72,3.910292509,49.91355,31.006753,2790.040029,0.025921,15.658762,12.818104,5.388268,-5.237927,0.425536,7630.129718,0.447247,0,0.307160433,0.31839568,0.020956391,0,0.528587,121.070302,7,0.266073,1.404785,26327.08992,38
0.217568,-95.829138,35.030574,1.791699967,5.999643,3.440872415,31.214178,3.594879,0.07738,5.202672,189,3,5,43,9,0,5,74,0,5.169327,0.055766,115.280717,43,-1406.585971,20.546555,409.308824,417.627451,173.137255,4.411164232,82.3653,2.619464495,13.72837,2.495988,2996.428129,0.037314,1.089094,16.832722,3.293955,-9.137461,0.916542,6776.263315,0.420472,0,0.003077842,0.161214953,0.111313588,0.669617,2.337406,8.887026,1,0.002328,0.741106,0,34
0.248568,22.604242,41.991873,1.357696307,3.887228,3.414532341,30.402728,4.349983,0.052848,7.821184,514,3,1,7,10,0,2,21,0,14.470769,0.216862,108.014925,95,-1410,1,407.742331,350.815951,241.269939,6.959576084,1053.187,5.601879678,270.9352,12.314115,603.156224,0.027461,3.503547,9.299089,3.004177,-4.709338,0.212571,5011.282746,0.443536,0.001551643,0.272042254,0.305445545,0.196976445,0.151515,1.483292,36.026602,2,0.01035,0.429669,0,32
0.106,76.745784,10.245166,3.348052444,28.447277,4.615693511,101.057889,5.344966,0.035003,3.552463,156,8,1,5,2,0,1,45,0,19.04879,0.252924,104.658228,193,-1410,1,383.873494,284.369478,331.700803,5.935700749,378.305,2.587648239,13.29846,21.648888,6863.886059,0.021522,0.27822,20.884819,11.20616,-10.897118,0.185292,15283.22094,0.684246,0,0.043883231,0.093688258,0.586515903,0.727273,0.472714,193.050591,1,0.671553,4.552427,0,29
0.953077,78.745713,19.130316,2.934528984,18.81264,4.013701374,55.351368,3.599967,0.077162,2.942243,212,8,7,56,4,0,1,45,0,5.088414,0.094688,81.766844,73,-1418.245764,2.349307,267.86059,371.158177,361.077748,7.692548206,2191.953,4.758019162,116.5149,3.40956,4311.216158,0.026791,4.200888,26.822347,3.526957,-10.094481,0.675457,4717.578507,0.38593,0,0.40360989,0.111012441,0.091621558,0,2.790696,120.049706,3,0.002092,0.747621,0,34
2.986154,-88.137708,39.464664,-1.135865658,0.321144,1.923866974,6.847386,3.40855,0.086072,21.321827,177,3,5,60,9,1,5,74,0,4.345309,0.060922,105.639175,31,-1413,0,189.304348,542.456522,267.347826,6.755590443,858.8467,7.891454909,2674.332,0.419785,2281.742521,0.031903,8.00474,11.795438,3.409952,-6.478433,0.741816,8511.118344,0.30152,0,0.911115805,0.200930233,0.048440628,0,3.740037,12.106519,2,0.000384,0.9435,0,24
0.178846,-98.31192,48.920801,0.266632068,1.30556,3.061683765,21.363498,5.274351,0.035947,16.363477,464,1,9,18,19,1,5,71,0,3.572711,0.050212,109.438,23,-1202.16208,0,282.341232,413.075829,304.436019,4.983471681,145.9803,4.71683946,111.8143,0.318477,706.149404,0.02854,1.441325,2.935,1.954047,-4.155915,1.044494,5272.380532,0.276439,0,0.985247214,0.068189655,0.002839678,0,0.852576,0.379634,1,0.002252,0.177013,0,0
0.206522,128.095537,36.977903,3.94418436,51.634206,5.545036341,255.96388,10.048587,0.009904,4.957254,135,9,1,44,26,0,1,42,0,15.80092,0.296457,72.979441,139,-1320.859798,2.93783,356.865162,358.484375,284.690394,8.759536522,6371.158,4.815352502,123.3903,19.439675,4198.314232,0.028166,11.742124,8.762137,4.004409,-7.129103,0.761141,12897.63669,0.476189,0.001101987,0.197836695,0.128515666,0.421566089,0,6.8321,65.764147,2,0.005169,1.972435,60.032154,34
0.067143,128.921351,36.532976,2.642212347,14.04424,4.338634922,76.602899,5.766219,0.030076,5.4544,156,9,1,44,15,0,1,42,0,18.510516,0.370355,69.991677,124,-1447.428688,7.124694,332.108374,390.778325,277.047619,7.178254061,1310.618,4.536041734,93.32068,13.670501,3018.608013,0.027889,11.413115,10.766997,3.542023,-6.124618,1.052469,10620.59386,0.52167,0.000819298,0.216106846,0.166173444,0.209639112,0.040672,5.421076,35.574293,2,0.134008,1.332268,0,34
0.161290323,31.003764,-25.267971,-0.637453283,0.528637,2.284915705,9.824858,3.81191,0.06882,18.58527,922,9,13,56,15,0,3,12,0,8.414964,0.130312,111.812392,42,-1357.057087,1,525.608108,155,319.527027,3.426495664,30.76863,4.06394927,58.20372,5.87582,2962.076776,0.014288,1.843114,17.054069,4.126091,-22.918156,0.198507,5314.161282,0.547228,0,0.063498233,0.139538462,0.384772842,0.060462,4.791587,8.511857,1,0.01146,0.705855,0,0
3.528347907,-87.851326,37.577759,-1.677240421,0.186889,1.280055404,3.596839,2.347059,0.181532,19.24584,127,1,5,60,9,0,5,74,0,4.889177,0.022805,104.5,28,-1413,0,66.454545,688.159091,245.477273,0.531350343,1.701228,2.208590298,9.102875,1.44,2758.114537,0.03232,0.128103,14.297909,3.733087,-14.422311,0.479639,8733.892,0.348248,0,0.43336,0.819259259,0.12948,0,2.091315,13.360791,1,0.001403,1.030718,0,0
0.997043805,-80.542303,40.379599,-3.798917559,0.022395,0.018810959,1.018989,1.920819,0.271036,45.500201,268,3,5,7,9,0,5,74,0,22.157577,0.115515,89.304348,68,-1052,0,143.857143,570,287.142857,1.728138039,5.630161,5.527044103,251.3997,3.922184,1911.842657,0.028168,2.343033,10.530013,3.795134,-18.077159,0.807324,8442.461092,0.482,0,0.007619048,0.526666667,0.561324042,0,41.028514,265.894239,1,0.121896,0.9924,0,0
0.431366,123.57347,41.252729,3.615810653,37.181475,5.115672263,166.612751,7.70797,0.016831,4.481069,94,15,1,6,26,0,1,42,0,13.969342,0.199634,72.647399,180,-1303.830197,4.458512,447.663964,372.178378,180.174775,7.518491575,1841.787,3.902680702,49.53506,14.795353,2123.468305,0.032514,4.417959,6.03216,3.180081,-12.555187,0.343126,7396.547501,0.345465,0.005745071,0.113280735,0.254986941,0.29722698,0,5.624838,453.358621,4,0.004958,0.574888,164.92017,36
0.04405,111.930022,27.250788,0.008157636,1.008191,3.082939806,21.822462,6.130944,0.026604,21.645161,217,6,5,1,9,0,1,43,0,9.855909,0.112467,114.00885,59,-1180,6,261.782353,370.505882,367.094118,3.621536203,37.39497,3.613378666,37.09116,4.610125,4531.479266,0.033718,8.751633,17.269412,5.583653,-4.720284,0.712807,11728.99163,0.396444,0,0.924096754,0.110775194,0.007687283,0.16,1.593725,442.99958,2,0.022385,2.471982,0,28
0.241791,-96.799438,34.126175,-1.138160095,0.320408,1.75287258,5.771157,2.876117,0.120889,18.011928,253,3,9,42,9,0,5,74,0,4.527863,0.044247,106.83871,25,-1476.775194,17.347287,390.258065,418.983871,190.274194,1.518012079,4.563145,2.656173579,14.24169,1.510903,2938.860759,0.032907,1.132424,17.540854,3.20269,-9.455548,0.91945,5877.333333,0.38,0,0.054127726,0.427173913,0.035109034,0,9.648629,3.928226,1,0.017467,0.511156,0,0
0.079936,104.533149,28.239355,0.187857041,1.206661,3.07846542,21.725038,5.579085,0.032127,18.004262,456,5,3,4,9,0,1,43,0,18.677893,0.059556,96.897059,126,-1515.551082,18.829894,253.904762,444.5,301.352381,4.42026333,83.11817,4.232406219,68.88278,13.740512,3899.078279,0.028773,4.253983,16.496988,5.302673,-3.552217,0.5014,10317.2584,0.500255,0,0.425274415,0.360375,0.019856194,0.091299,0.304312,368.240634,1,0.012894,1.731944,0,31
0.315312,-1.019598,9.547953,1.949330436,7.023983,3.023966412,20.57273,2.189754,0.20855,2.928926,120,8,13,57,4,0,3,14,0,2.763363,0.043533,91.311615,18,-1420.423505,2.705664,359.475862,404.075862,236.206897,5.12720871,168.546,3.177878398,23.99579,1.128731,4608.121393,0.024713,4.706742,27.975908,3.096133,-10.618703,0.961757,5191.709728,0.269815,0,0.90913878,0.157154862,0.019711084,0,0.691678,39.353417,1,0.000902,0.376944,27.261508,0
0.095472,104.784378,30.093007,0.207392959,1.230466,3.088725407,21.949084,5.58183,0.032096,17.838023,407,3,9,6,15,0,1,43,0,7.1055,0.08253,92.308475,41,-1520,19,179.335,522.21,298.62,2.212316672,9.136859,2.004923793,7.425528,1.585366,3518.282799,0.029207,5.721904,17.108574,3.817042,-4.4986,0.913971,11340.03496,0.436049,0,0.949308943,0.040645161,0.006788618,1.533909,0.02057,274.499342,1,0.00426,0.778221,0,0
0.02,-114.758812,51.199133,2.380867021,10.814275,4.080992148,59.20418,5.078655,0.038771,5.474633,1188,3,1,55,20,1,5,71,0,7.672905,0.174552,105.795367,99,-1052,0,304.248447,420.770186,275.031056,7.174055633,1305.127,4.793188817,120.6856,15.81732,245.040699,0.026814,0.852824,-0.730033,2.338954,-10.596163,1.114649,6108.66266,0.269599,0.160486813,0.033929917,0.126641717,0.017107998,2.836134,1.537015,2.670337,3,0.026031,0.65279,7.432592,32
0.340841731,-92.106899,43.564372,-4.232779386,0.014512,-0.522533899,0.593016,1.388646,0.518581,40.862669,367,6,5,43,19,0,5,74,0,5.3641,0.056151,101.086957,20,-1413,0,173.454545,592.090909,234.454545,1.178098842,3.248193,5.410849306,223.8216,1.806513,1548.566219,0.031287,6.128471,7.370428,3.016153,-5.668416,0.660615,8054.846743,0.34787,0,0.893678161,1,0.027547893,0,5.312191,4.34938,1,0.006376,0.653763,0,0
0.01032,113.63911,29.464642,1.452109957,4.272119,3.716254247,41.110117,5.610765,0.031766,9.622887,172,9,1,4,9,0,1,43,0,19.729089,0.172804,100.121462,160,-1520,19,229.705696,487.098101,283.139241,4.361071731,78.34105,2.908961777,18.33775,21.69056,5191.280408,0.026134,2.977251,15.900525,6.321559,-5.362779,0.581267,12144.61086,0.580876,0,0.011104324,0.291870629,0.557826668,0.080275,0.008748,147.574161,1,0.004686,2.588749,0,39
0.170894,121.759042,43.972799,1.123568931,3.075812,2.844939442,17.200517,2.766666,0.130643,5.592188,190,1,12,53,6,0,1,42,0,2.258486,0.021446,98.953339,14,-1052,0,460.961165,353.417476,186.038835,2.879741568,17.80967,1.756172705,5.790234,0.547883,818.301215,0.036336,1.31259,6.903132,1.455848,-5.955665,1.130333,2987.775503,0.185882,0.015625,0.552383761,0.152676056,0,0.322738,0,22.992197,1,0.000301,0.103229,0,0
1.75,-95.219153,41.603675,-0.438165485,0.645219,2.144905728,8.541236,2.999593,0.111141,13.237735,373,5,5,42,18,0,5,74,0,4.855698,0.055007,112.902733,31,-1413,0,48.944444,612.981481,338.018519,2.962379192,19.34394,3.400544835,29.98043,2.308331,2208.308664,0.03689,26.631971,9.588842,3.060633,-5.690992,0.495824,6616.451377,0.285109,0,0.908901427,0.2708,0.00015931,0.034322,1.248381,2.895711,1,0.006171,0.549117,0,37
0.235555556,22.623546,-33.514437,1.77190245,5.882033,3.34930317,28.482879,3.312953,0.091111,4.842353,437,3,7,44,6,0,3,12,0,9.676056,0.018463,78.596774,138,-1417.703528,21.070217,629.25,154.138889,216.866667,8.545654693,5144.352,6.773752232,874.5874,7.102297,529.078318,0.015257,1.906575,15.448641,1.063909,-6.477529,0.37559,1920.156403,0.152263,0.324555711,0.002821548,0.336797066,0.009097833,0,0.002338,0.685182,3,0.015186,0.056974,0,32
1.219230769,28.162261,-23.646072,-0.66513326,0.514205,2.464675796,11.759669,4.626174,0.046726,22.86961,865,3,7,78,5,0,3,12,0,1.968789,0.002267,89.092593,19,-1410,1,675.2,126.361538,198.715385,4.192795411,66.20761,4.85792846,128.7572,1.479981,1556.376033,0.022401,0.597689,20.860085,1.395958,-9.418009,1.736834,2288.225615,0.295943,0,0.038057503,0.76203125,0.005223952,0,0.000338,1.842141,3,0.001378,0.031613,0,49
0.222368037,-97.849885,39.055395,-3.100115489,0.045044,0.26903275,1.308698,1.73946,0.3305,29.053541,424,1,5,42,9,0,5,74,0,3.346085,0.058112,109.013072,21,-1413,0,273,395,332,0.841607271,2.320093,3.941714614,51.50684,1.54023,2138.557185,0.03385,0.447535,13.156584,2.615075,-8.276983,0.666116,4368.755747,0.321,0,0.002873563,0.95,0,0,0.064297,0.078996,1,0.009728,0.184795,0,0
1.854054,-80.513383,34.959731,-1.106933817,0.330571,2.102783486,8.188932,4.017813,0.061947,24.77206,150,8,13,4,9,0,5,73,0,6.167753,0.103288,104.372222,26,-1520,19,424.880597,419.850746,155.164179,4.683373973,108.1343,5.7903069,327.1134,1.367749,3519.507847,0.025644,0.573624,16.082249,3.78646,-20.48784,0.294633,8087.361891,0.479234,0,0.021242107,0.259777778,0.289418658,5.259328,15.378267,119.47219,2,0.00318,0.938871,0,44
2.233125,74.009236,22.076169,-0.183781021,0.832118,2.66018394,14.298919,4.421867,0.051143,17.183754,190,9,7,98,4,0,1,45,0,5.327943,0.0292,110.404423,44,-1250,9,291.993151,350.506849,357.239726,3.201089787,24.55928,3.384870148,29.51416,5.226507,3580.647849,0.029465,31.617289,26.233288,3.094579,-10.558053,1.053444,4538.685353,0.299,0,0.528839922,0.273877551,0,0,1.69021,357.700539,1,0.007779,0.722245,0,28
0.098093,104.809865,30.791583,0.027668668,1.028055,2.994443894,19.974249,5.557217,0.032381,19.429163,444,3,9,6,15,0,1,43,0,17.173722,0.272015,71.696769,102,-1520,19,230.530303,442.19697,327.272727,4.467146776,87.10783,4.43947811,84.73071,4.182865,3605.908358,0.031174,23.995895,16.767516,3.727787,-4.550091,1.031897,10415.48366,0.46578,0,0.896757535,0.335248227,0.070083813,0.003924,0.026171,443.929673,1,0.002972,0.826943,0,42
2.608696,87.237517,43.757423,0.557121823,1.745641,2.860597596,17.471965,3.730434,0.071859,10.008911,985,5,3,44,6,0,1,47,1,10.973234,0.108845,72.133263,101,-1393.84505,22.737924,350.179856,421.697842,228.079137,7.375289612,1596.054,6.818167823,914.3083,6.506634,234.405959,0.030755,3.941693,-1.26316,1.969173,-2.709075,0.836761,1385.95778,0.011831,0,0,0,0,0.00015,0.521551,10.827607,1,0.173161,1.879469,0,33
0.407619,19.225555,50.653353,1.351486019,3.863162,3.098889945,22.173324,3.182397,0.09874,5.739682,272,1,11,74,10,0,2,24,0,3.992269,0.048822,62.986348,22,-1067.022005,0.704156,522.429825,335.991228,141.280702,5.71386976,303.0415,4.36238372,78.4439,1.995017,662.757205,0.025316,0.460173,7.930358,2.657087,-3.633796,0.937133,8131.709406,0.435315,0,0.402156387,0.08230441,0.007857104,0,15.367194,231.013359,3,0.003092,0.552854,0,33
0.529439,-98.860988,32.641293,1.239151031,3.452681,3.081482631,21.790686,3.30817,0.091374,6.311237,389,3,13,56,9,0,5,75,0,4.04588,0.022086,113.857955,31,-1433.08642,20.185185,243.33,428.66,327.855,5.356774936,212.04,4.117623982,61.41315,2.082992,2111.487005,0.03134,0.840977,18.5948,2.285139,-8.458562,1.771558,3527.754846,0.350054,0,0.147520475,0.629638298,0.034687756,0,0.09559,1.145486,2,0.01487,0.06444,0,0
0.62747,121.302024,24.805642,2.354015388,10.527758,4.486569268,88.816218,7.721815,0.016771,8.436384,239,3,1,44,9,0,1,43,0,26.788572,0.138766,95.242283,403,-1520,18.777858,270.218112,398.298469,331.452806,6.632944548,759.7159,4.278928973,72.16311,33.790564,12337.28416,0.024236,4.721467,15.355433,10.690206,-7.976972,0.423499,26793.89294,0.740461,0,0.007875435,0.22051395,0.852718317,0.949959,2.880906,109.158347,1,0.132424,7.860227,0,32
0.081857,-74.441168,42.366368,1.485898491,4.418934,3.368451679,29.033539,3.896155,0.065876,6.570258,344,3,1,7,19,1,5,73,0,13.991429,0.232488,94.269113,105,-1398.729179,7.408029,243.694915,475.378531,280.864407,6.458923849,638.3737,4.973025496,144.4633,13.514529,1405.309731,0.027893,0.324419,6.48474,4.111172,-15.205275,1.068431,11376.89017,0.489526,0,0.043706887,0.096704708,0.84900578,0,5.3018,10.631244,3,0.153611,1.845666,0,39
0.284848485,25.263376,-29.521048,3.796147781,44.529317,4.813474726,123.158818,5.2064,0.036891,2.765792,1216,3,7,105,6,0,3,12,0,3.028293,0.003109,101.649038,64,-1506.409402,15.27598,584.107865,195.51573,220.375281,8.742568491,6263.964,4.946420276,140.6705,3.730337,770.925485,0.018629,1.231433,16.40839,1.792067,-8.890433,0.969665,1938.464419,0.193884,0,0,0,0,0,0.120036,2.401703,5,0.008588,0.045146,0,48
0.199552,13.406049,37.729323,-0.274881681,0.759662,1.992486436,7.333746,2.373618,0.177492,9.65396,645,6,3,12,12,0,2,21,0,6.392814,0.021759,102.240626,49,-1180,6,258.791667,401.055556,340.097222,2.983671838,19.76024,3.258553741,26.01189,10.502749,919.771429,0.026146,0.952472,14.044041,2.137031,-5.214848,0.27826,3852.419244,0.38544,0.007662835,0.919594502,0.068108108,0.03885567,0.013435,10.713512,71.424752,1,0.038529,0.742525,0,0
0.210526,-101.633347,35.662848,3.734762181,41.878065,4.93163969,138.606598,6.042069,0.027392,3.309766,895,5,5,52,6,0,5,74,0,10.339607,0.138099,103.476534,71,-1389.711176,20.518795,362.257895,378.061842,259.746053,9.724479899,16721.99,5.989717522,399.3018,1.975772,857.015567,0.03009,1.963072,14.395896,1.422368,-8.546263,1.766102,1961.794967,0.18381,0.001375865,0.124376807,0.2140532,0.038610939,0.010438,0.684739,2.462801,4,0.007359,0.008713,0,38
0.052342971,-81.889818,35.600978,-3.054887975,0.047128,0.517178203,1.677288,2.179533,0.21051,35.590086,361,8,11,4,9,0,5,73,0,8.881503,0.12846,98.540541,41,-1410,1,469.857143,298.857143,230.952381,3.470066823,32.13889,6.524955755,681.9496,7.385702,3061.768879,0.023913,0.320689,13.825453,4.204822,-20.238859,0.567966,9845.17688,0.562105,0,0,0.205714286,0.811860061,0,3.635186,10.434004,1,0.003412,1.353723,0,0
0.023255814,-121.725981,37.8875,-2.133804807,0.118386,0.874204188,2.396967,1.965202,0.258932,20.247078,47,3,15,56,12,0,5,77,0,3.543162,-0.117389,86.156863,13,-1520,19,196.5,453.678571,350.285714,4.895676267,133.7104,7.029482526,1129.446,13.935574,957.802557,0.02768,0.88091,14.240502,1.447607,-6.818631,1.584702,3233.552666,0.326359,0,0.193565491,0.888888889,0.19261101,0,7.882879,9.77287,1,0.016172,0.143064,0,0
0.405581,21.93322,49.552187,0.25173645,1.286257,2.892590517,18.039982,4.487116,0.049667,14.025174,330,3,7,7,10,0,2,24,0,5.51667,0.01748,112.623541,55,-1104.269082,2.122035,260.993333,502.646667,236.433333,5.326814926,205.7815,5.075078186,159.9847,8.270023,957.307905,0.02883,0.160003,6.639755,3.122644,-7.180264,0.393827,10257.4985,0.478888,0,0.152021372,0.097863248,0.453912018,0.08867,1.908964,45.065983,1,0.001627,1.136784,0,43
1.105769,105.694073,30.805367,1.78912918,5.984239,4.455430326,86.093191,9.927946,0.010146,14.386656,364,3,9,6,15,0,1,43,0,9.103152,0.065734,74.343643,79,-1520,19,211.045788,492.8663,296.236264,4.560323541,95.61441,2.771194626,15.97771,4.654667,3581.000508,0.033486,110.506437,16.979399,4.258476,-4.763165,1.075164,10559.18993,0.4597,0,0.830785478,0.097120292,0.037995067,0,0.615439,692.031702,1,0.047519,0.983347,0,33
1,-8.139018,31.332525,1.618575438,5.045897,3.543617325,34.591823,4.344095,0.052991,6.855435,662,3,5,109,7,0,3,15,0,6.078698,0.054054,99.531194,89,-1189.393845,6.244016,443.516432,341.99061,214.596244,6.209099353,497.2532,4.59052385,98.54604,15.689364,341.333278,0.029491,10.140795,13.843117,1.637835,-21.714331,0.077277,2330.195478,0.161598,0.265966235,0.359501152,0.119187228,0.008716404,0,1.090588,67.031839,1,0.008356,0.273309,0,28
3.769091,27.242833,46.334506,-1.527051799,0.217175,1.058555279,2.882204,1.744677,0.328526,13.271349,156,3,9,58,10,0,2,22,0,9.298875,0.099004,104.044159,44,-1413,0,302.636364,332.363636,365,3.867799608,47.83701,5.394851797,220.2695,11.328423,673.556723,0.031042,0.054401,9.543286,2.013255,-4.476931,0.375344,5154.088264,0.382414,0,0.465438227,0.081052632,0.374034414,0,0.398667,39.937598,1,0.001837,0.174512,0,0
4.466667,-9.282533,30.572753,-2.253623515,0.105018,1.051529766,2.862026,2.491363,0.161111,27.252753,228,3,3,12,6,0,3,15,0,17.651432,0.142378,91.716667,98,-1520,19,447,286.666667,266.222222,4.682176596,108.0049,6.935802259,1028.444,24.320427,448.651418,0.025046,4.985115,19.234603,1.194197,-30.85154,0.287392,1486.829252,0.165565,0.088370145,0.012297852,0.102,0.015085511,0,0.166173,29.656826,1,0.015229,0.310149,0,29
0.16577381,-97.603224,45.829056,-3.193622394,0.041023,0.249275907,1.283096,1.787072,0.313124,31.277687,435,1,8,19,19,1,5,71,0,2.240706,0.012849,114.937931,11,-1413,0,367.764706,335.294118,296.941176,2.050726817,7.773549,5.244355779,189.4937,1.840647,942.127172,0.027077,2.239707,5.86716,2.184096,-4.435304,0.545094,4266.842186,0.356303,0,0.102386451,1,0.00147806,0,0,0.623299,1,0.008721,0.083758,0,0
2.330714,27.562462,46.302182,1.127778457,3.088787,2.712487409,15.066706,2.418351,0.170986,4.877871,95,3,1,18,10,0,2,22,0,5.317127,0.063234,109.090909,32,-1413,0,278.71028,298.859813,422.64486,6.345452835,569.8954,5.217674395,184.5046,9.594057,641.14441,0.032726,2.025984,9.522235,2.081228,-5.202858,0.369068,5160.050052,0.388667,0,0.726193783,0.067616279,0.162518476,3.333333,1.644259,52.002035,1,0.001684,0.224173,0,0
0.231923,-93.590221,31.604387,-1.527770372,0.217019,1.303049971,3.680505,2.228711,0.201323,16.959379,80,1,9,4,9,0,5,75,0,4.992785,-0.020052,108,19,-1300,22,458.190476,428.690476,112.857143,1.008734991,2.74213,2.536505564,12.63544,1.232,4741.466912,0.022155,0.07974,19.289972,3.698707,-24.197697,0.547119,8784.074667,0.54972,0,0,0.226206897,0.036933333,0.4,2.206841,3.188546,1,0.001808,0.704434,0,0
0.6,-0.432849,42.305944,-1.368658786,0.254448,1.036975154,2.820672,1.577422,0.401887,11.085439,973,6,1,12,10,0,2,21,0,6.100998,0.006416,69.477297,35,-1288.983452,12.810875,359.722222,401.111111,239.611111,3.032570825,20.75051,4.401228101,81.55096,25.911261,918.353779,0.024106,2.32947,10.441601,3.309694,-6.493302,0.578166,5785.000306,0.445939,0.014726027,0.20749082,0.178292683,0.003834149,0,4.225929,2.308651,1,0.037373,0.825743,0,0
0.505224,-84.799445,33.353163,-1.998813159,0.135496,1.118366876,3.059853,2.344947,0.181859,22.582674,275,8,9,4,9,0,5,73,0,7.185031,-0.073405,94.735898,34,-1410,1,536.30303,287.393939,176.606061,-0.543107798,0.58094,1.455707777,4.287517,1.790123,3915.711864,0.024448,0.087719,16.590799,3.656068,-13.243605,0.192954,9289.45679,0.401,0,0,0.225454545,0,0,48.793199,34.716778,2,0.052019,1.181194,0,0
0.696202532,-7.325829,33.490673,1.456096738,4.289185,3.246941785,25.711588,3.502165,0.081532,5.994516,100,4,5,56,12,0,3,15,0,11.109628,0.082743,115.6,107,-1056.435072,0.382538,354.139303,314.024876,331.920398,6.576795421,718.234,5.120698535,167.4523,5.969926,567.984183,0.029307,3.512365,17.161151,1.28878,-10.949365,0.661425,2407.031013,0.197709,0.472879511,0.181704572,0.053383333,0.005724788,0.363636,1.115191,49.714452,2,0.004227,0.112698,0,33
0.371705,108.414982,31.186322,2.492258641,12.088549,4.381178037,79.932141,6.48529,0.023776,6.61222,162,3,3,6,15,0,1,43,0,9.07684,0.031856,86.666667,78,-1520,19,299.597983,430.368876,270.152738,6.887583694,980.0305,4.395324944,81.07097,18.981743,4397.360187,0.029873,34.124383,16.804227,5.664402,-3.58767,0.534994,11153.61428,0.510481,0,0.732712707,0.244331713,0.063214894,0,1.987182,485.630844,5,0.168088,1.732344,3348.216961,39
0.404858,116.767494,28.853074,0.794166487,2.212596,3.655058882,38.669798,7.333578,0.018594,17.477119,13,1,15,99,9,0,1,43,0,1.897867,0.013487,116.059951,19,-1057.052988,0,152.211009,508.431193,339.492355,3.156729746,23.49364,2.362562917,10.61813,0.150768,6696.679078,0.031613,12.542915,18.374644,6.533871,-6.09179,0.811819,12109.77497,0.309814,0,0.964958387,0.138636364,0,10.745271,1.379646,256.410826,5,0.02316,1.424405,0,0
0.852857,78.174468,12.49586,2.241010282,9.402826,3.36165384,28.836843,2.652855,0.142093,3.066827,483,9,15,56,4,0,1,45,0,4.828754,0.049114,81.820203,93,-1410,1,397.359756,291.780488,310.75,7.277253946,1447.009,5.03624391,153.8909,4.033624,3881.609343,0.024603,11.755063,24.515856,2.676893,-9.860427,0.754965,3685.294826,0.374909,0,0.803499444,0.135481874,0.022580122,0,5.677145,458.237178,4,0.070407,0.155333,0,41
0.158695652,18.90909,-32.237462,2.313958075,10.114379,4.236496111,69.16508,6.134968,0.026569,6.838292,99,3,5,56,5,0,3,12,0,7.964963,0.030341,97.584189,82,-1262.456165,25.754383,771.289568,91.160072,137.455036,7.137233126,1257.943,4.823274662,124.3717,17.958804,668.114259,0.015485,0.944236,16.526373,1.472919,-6.595068,0.292926,1675.166279,0.271433,0.00108446,0.106555615,0.284507549,0.041946279,0,0.39799,13.234439,4,0.031899,0.116619,0,0
0.728909,-0.595821,35.290067,0.806119552,2.239202,2.911661242,18.387319,3.466306,0.083227,8.211551,406,6,11,6,12,0,3,15,0,5.398201,0.033867,118.156746,44,-1052,0,346.103448,365.436782,288.488506,5.507442315,246.5198,4.701322738,110.0927,3.593843,445.210786,0.029039,3.101,16.419632,1.54023,-8.051837,0.682371,2424.355544,0.174549,0.009506485,0.96767817,0.130883281,0.000785229,0.009953,5.807966,199.115427,2,0.005092,0.293958,0,22
1.519048,78.251137,10.578789,-0.808995838,0.445305,1.639700157,5.153624,2.178607,0.210689,11.573243,247,8,3,44,4,0,1,45,0,10.845816,0.107117,94.223919,54,-1410,1,385.671429,272.785714,342.057143,4.406169096,81.9549,5.215164536,184.0421,11.054686,4003.535777,0.027348,5.083179,26.972447,2.859836,-11.015766,0.536482,3949.93862,0.384632,0,0.731127703,0.067407407,0.038485067,0,3.318996,269.412499,1,0.002616,0.106376,0,0
0.057894737,28.493082,-25.233407,1.374732783,3.95402,3.247533717,25.726812,3.649737,0.075072,6.506495,1036,3,7,78,5,0,3,12,0,4.629599,0.056848,93.945122,77,-1301.445832,15.175191,672.968254,131.47619,195.78836,4.693393495,109.2232,3.318660706,27.62333,2.119437,1906.751685,0.021494,0.676506,19.345403,1.811726,-8.481187,0.919282,2816.396204,0.299021,0,0.046633727,0.227854331,0.006687758,0,0.371469,2.435438,2,0.194129,0.033594,0,0
0.818409,85.453058,24.335437,3.400722169,29.985747,4.707756223,110.803263,5.708082,0.030692,3.695198,366,8,9,57,15,0,1,45,0,5.346423,0.099616,72.118883,67,-1318.460099,18.475799,285.860814,427.477516,286.646681,6.75027247,854.2915,3.349550341,28.48992,1.686109,4095.031711,0.027127,5.616777,23.959744,4.017008,-8.174876,0.626121,5663.26611,0.348877,0,0.805345739,0.113266476,0.036815371,0.06302,2.07566,408.127271,3,0.000925,0.496613,0,35
0.846667,74.187691,15.173842,2.940114431,18.918011,4.981368798,145.673643,9.447966,0.011203,7.700262,40,8,7,5,2,0,1,45,0,7.746752,0.102862,82.452159,79,-1410,1,395.987324,295.408451,308.657746,5.345739929,209.713,2.405625319,11.08536,11.405794,7046.754546,0.026246,0.177279,24.210438,10.142987,-24.019002,0.722067,18517.95395,0.593112,0,0.026049563,0.155386983,0.459657721,0.002127,1.472127,69.804288,2,0.015497,7.380982,29.445398,31
0.123077,-98.418367,31.230108,-1.25684278,0.284551,1.219601734,3.385839,1.790529,0.311916,11.898886,422,5,5,53,9,0,5,75,0,2.21392,-0.027472,112.92715,14,-1250,27,315.5,407.605263,276.894737,2.508706181,12.28902,3.765549249,43.18742,2.624851,2191.670948,0.029263,1.278522,18.962988,2.46877,-8.430824,1.548922,3789.42055,0.351349,0,0.609253286,0.675121951,0.006810036,0.883751,4.401975,5.998883,1,0.006567,0.166507,0,0
0.296905,78.976049,11.806958,1.881969697,6.566426,3.267243004,26.238899,2.888525,0.119853,3.995918,121,9,10,56,4,0,1,45,0,2.111612,-0.007691,77.432803,16,-1410,1,376.4329,288.398268,334.922078,6.174066898,480.1348,4.29209714,73.11965,7.749212,4502.543717,0.02447,10.135779,26.938565,3.195571,-9.583819,0.316066,4632.761358,0.446977,0,0.70020301,0.112229299,0.054076304,0,4.99114,325.835889,1,0.001615,0.385173,0,38
0.347667,72.913309,24.027213,4.512161164,91.118528,5.276791616,195.740855,5.784598,0.029885,2.1482,176,9,15,56,5,0,1,45,0,4.973148,0.024767,73.825812,115,-1164.125336,4.552097,403.723247,383.554736,212.842558,8.228067945,3744.592,3.715906657,41.09583,7.635964,3278.224062,0.025907,41.243272,24.615832,2.304,-9.764262,0.767772,3379.833394,0.339748,0,0.462859522,0.12899296,0.061927087,0,0.874559,187.118887,4,0.005881,0.674548,220.090417,44
0.411786,76.64719,10.9686,0.212049439,1.236209,2.982491703,19.736934,5.00759,0.039879,15.965692,882,8,7,65,4,0,1,45,0,13.668646,0.200635,100.685535,120,-1410,1,385.751244,314.940299,299.358209,3.10970584,22.41445,2.897656272,18.1316,26.338849,7927.559075,0.019441,0.758806,23.104606,4.872685,-23.436707,0.637028,14689.49605,0.705011,0,0.003550207,0.250324675,0.536825874,0.082731,0.2801,317.358769,1,0.010064,2.587396,0,0
0.281538,-84.177987,36.370959,-2.15086021,0.116384,1.310297375,3.707276,3.065508,0.106413,31.85371,415,3,5,7,9,0,5,74,0,17.91966,0.084812,102.080645,72,-1052,0,360.022222,414.6,225.777778,3.336096569,28.10919,5.486953113,241.5202,8.828333,3102.692327,0.026687,0.382278,13.196532,4.455291,-18.175276,0.557915,10894.46139,0.533632,0,0.001128874,0.285294118,0.969382686,4.603448,13.297491,3.127221,1,0.003074,1.720516,76.591631,27
0.905217,76.795658,11.251165,0.16353791,1.17767,2.920965138,18.559191,4.82439,0.042965,15.759251,425,8,3,44,4,0,1,45,0,8.416802,0.099965,89.712047,143,-1410,1,409.818182,266.654545,323.727273,6.844007805,938.2419,6.680469912,796.6934,18.915483,7150.382013,0.020517,80.361013,22.299076,6.883984,-18.096541,0.425412,11402.80996,0.582956,0,0.241459766,0.214255319,0.220830176,0,1.792642,363.075599,3,0.003273,2.664147,226.8903,29
0.100638,75.57851,13.653061,4.575014438,97.02944,5.351190285,210.859131,6.038592,0.027424,2.173146,661,8,7,66,4,0,1,45,0,7.871491,0.170688,112.199399,92,-1410,1,438.128205,259.815385,302.102564,7.617723194,2033.926,3.042708889,20.96195,11.022842,5980.82127,0.022758,0.997277,21.953325,7.270659,-23.924895,0.505362,18314.76244,0.619289,0,0.094237072,0.094151962,0.426828901,0.223861,0.805445,150.979971,3,0.014083,5.548345,195.284797,37
0.010263686,-79.149458,37.961117,-4.001455493,0.018289,-0.161346676,0.850997,1.775117,0.317356,46.530269,527,8,5,56,9,0,5,73,0,5.62117,0.004222,70.819048,25,-1180,6,202,540,258,2.042785597,7.712062,6.044235112,421.6751,8.33626,1960.220951,0.024687,0.743281,10.843331,3.509157,-19.394347,0.727559,9238.958736,0.545,0,0,0.145,0.753731343,0,5.241441,28.326908,1,0.009866,1.269102,0,0
0.070456204,-84.231523,34.625216,-4.26955546,0.013988,-0.385105283,0.680379,1.62283,0.379712,48.641247,631,8,3,4,9,0,5,73,0,17.444443,0.084694,106.076923,66,-1052,0,478,322,200,1.999293151,7.383835,6.268869364,527.8802,16.254545,3819.043145,0.025817,0.341296,13.594367,4.793053,-20.311174,0.174289,13149.87368,0.588,0,0,0,0.999674641,0,0.000205,3.08375,1,0.014413,3.181127,0,0
0.351429,1.308989,42.127444,0.737817441,2.091366,3.185412522,24.17726,4.716145,0.04496,11.560512,507,6,1,12,10,0,2,21,0,14.903287,0.081495,68.042662,178,-1174.104644,5.903586,357.804598,406.168582,235.977011,7.675082322,2154.001,6.937264565,1029.949,24.333713,1021.230935,0.026197,8.204007,7.528849,2.984768,-5.640593,0.430795,8938.290833,0.423884,0.023329079,0.065863728,0.175276074,0.002676865,0,4.870398,23.555448,3,0.008506,2.089222,18.077074,30
0.031848,111.443855,29.05805,0.689654087,1.993026,3.434749559,31.023642,6.199139,0.026022,15.566099,53,3,7,99,9,0,1,43,0,6.584634,0.04724,90.3673,52,-1520,19,281.922261,434.042403,284.035336,2.704709962,14.94998,2.015055809,7.501146,2.27008,4344.935427,0.031341,11.911575,16.963861,5.074746,-4.578039,1.02375,10764.44829,0.418048,0,0.806004016,0.249704797,0.067193775,0.442293,0.145473,251.027874,1,0.028247,1.393931,0,35
0.09435,111.918751,25.407076,0.686785488,1.987317,3.249415078,25.775259,5.157801,0.03759,12.969881,264,5,3,4,9,0,1,43,0,21.055679,0.16444,73.079075,175,-1520,19,369.077206,321.617647,309.231618,4.99633892,147.8708,4.309553518,74.40726,25.021047,6030.530631,0.025763,1.709097,15.873137,6.640216,-4.917824,0.371449,15085.14129,0.578842,0,0.111340996,0.232846442,0.329655172,0.008351,0.01562,99.257996,2,0.004545,2.511743,0,26
0.197143,76.974704,10.472726,1.897378601,6.668391,3.113994439,22.510783,2.459094,0.165367,3.375745,306,8,3,3,4,0,1,45,0,13.042587,-0.025651,110.284585,110,-1410,1,424.977941,277.308824,297.963235,4.443326088,85.05738,2.545947655,12.75531,24.53152,7574.164785,0.02122,2.417838,20.931943,7.158517,-19.839561,0.45684,10562.64539,0.558008,0,0.114210265,0.15668348,0.542604984,0,3.007295,111.828756,1,0.047226,1.823323,0,25
1.169565217,35.902748,14.762559,4.853822142,128.229566,6.207916798,496.665518,12.372714,0.006532,3.873253,472,2,16,105,7,0,3,17,0,2.371646,-0.010291,99.091936,60,-1246.311033,17.194153,156.74668,315.098059,528.221655,8.487287645,4852.686,3.633465312,37.84373,0.483505,2988.192121,0.022857,1.294767,28.780547,1.824137,-13.054181,0.645173,2091.448261,0.177438,0.015711401,0.753424351,0.146223731,0.016577124,0.042057,0.118972,20.385772,5,0.000778,0.197012,494.93108,43
0.480303,-96.518471,35.196216,0.430255277,1.53765,2.883818555,17.882428,4.068111,0.060425,11.629715,252,5,9,8,9,0,5,74,0,5.446483,0.048757,110.283108,30,-1389.345617,12.805137,502.851852,334.694444,162.212963,2.628172591,13.84844,2.197917337,9.006237,1.603343,2714.947147,0.030411,1.996407,16.60206,3.091875,-9.627832,0.919211,5963.04306,0.417,0,0.002097264,0.214292237,0.162021277,0,5.03498,13.004704,2,0.002651,0.547506,0,0
0.22560778,-86.398722,37.72532,-2.845624039,0.058098,0.879405561,2.409467,2.819918,0.125756,41.472645,180,6,5,4,9,0,5,74,0,11.575743,0.079981,105.241379,41,-1413,0,113.129032,658.612903,228.258065,2.000789627,7.394893,4.846418453,127.2837,3.02112,2980.41798,0.026468,0.82141,13.668137,4.027767,-21.568455,0.476996,9365.656566,0.49169,0,0.164527089,0.425,0.168980716,0,6.388351,28.336691,1,0.006251,1.067293,0,0
0.093851,106.428934,30.59296,1.081855,2.950147,3.675351057,39.462508,6.481237,0.023806,13.376455,400,3,7,34,15,0,1,43,0,8.719467,0.025862,90.194702,58,-1520,19,249.258065,431.66129,319.229839,3.893519873,49.08335,2.811664593,16.63759,7.799368,4000.537007,0.033605,9.572457,16.946,4.694914,-4.021925,0.807062,11016.05554,0.481951,0,0.829321192,0.16555,0.036222155,0.311303,0.274932,205.955262,1,0.028773,1.340349,0,31
0.086693,102.175834,25.490281,0.571516126,1.77095,2.895361676,18.090043,3.834701,0.068004,10.21488,2033,6,1,6,16,0,1,43,0,18.379031,0.137057,102.368957,115,-1507.021764,19.176976,215.76,393,391.42,4.352980989,77.70977,3.781464789,43.88027,12.71889,3300.763026,0.024318,2.613259,14.922771,5.468546,-7.341696,1.667223,6960.189702,0.530672,0,0.19678575,0.399910314,0.064798922,2.662123,0,69.639485,2,0.02133,1.372566,0,44
0.164368,104.91589,29.542199,0.427910645,1.534049,3.588657657,36.18547,8.241564,0.014722,23.588204,338,3,9,34,15,0,1,43,0,5.493157,0.074657,112.32971,33,-1520,19,278.905138,433.387352,287.667984,3.761165231,42.9985,3.333254673,28.02942,1.798889,3726.542993,0.033116,13.210824,17.638109,3.829416,-4.260493,0.850318,11248.36245,0.439502,0,0.950164988,0.12625,0,1.11336,1.60935,799.433431,2,0.016299,0.77019,0,40
0.099091,127.201925,34.980284,3.254962401,25.91864,5.391466317,219.525043,12.163905,0.006759,8.469775,101,4,1,44,15,0,1,42,0,17.100527,0.126623,106.611111,243,-1399.848105,2.437851,337.237791,410.831977,251.90814,6.272577905,529.8415,3.017615578,20.44249,14.71192,5536.073645,0.027496,5.842266,12.129313,4.571901,-14.441552,0.588048,12293.73176,0.531476,0.000147536,0.223934524,0.170341997,0.257307657,3.483516,5.608788,136.500445,2,0.150349,2.018527,24.513968,30
0.023739956,-75.329619,41.240886,-3.665084806,0.025602,-0.054240792,0.947204,1.669942,0.358589,36.997201,548,3,5,7,19,1,5,73,0,6.753232,0.074959,88.742268,27,-1413,0,461,404,135,2.526934317,12.51508,6.192017236,488.8312,3.157379,1501.478553,0.027094,0.044435,8.208166,4.123068,-17.175061,0.908954,12254.25593,0.461755,0,0,0.78,0.915221878,0,7.014818,68.166408,1,0.018913,2.681094,0,0
0.640222,78.079273,10.11264,-2.780749935,0.061992,0.18145368,1.198959,1.358409,0.541925,19.340449,225,9,3,56,4,0,1,45,0,5.404127,-0.058289,63.318676,35,-1410,1,404,293,303,2.012315944,7.480622,4.793061204,120.6702,7.687006,4767.348917,0.023467,7.40811,26.636576,3.32731,-9.372332,0.200646,4396.056497,0.503174,0,0.365966102,0.51,0.095615819,0,4.616434,446.761025,1,0.00446,0.225979,0,0
3.2875,27.486809,46.173204,0.193685904,1.213715,1.839067901,6.290672,1.610771,0.385418,5.182991,87,3,5,18,9,0,2,22,0,3.011238,-0.002893,80.787486,21,-1413,0,227,318.491228,455.070175,5.07548939,160.0505,4.881803697,131.8683,7.218297,612.539886,0.031652,2.030495,10.053136,1.994948,-5.570445,0.445398,4978.62431,0.348889,0,0.848684064,0.276157635,0.103793231,1.132862,0.670641,36.064025,1,0.002353,0.234224,0,0
0.234741784,-80.573602,39.308151,-4.114261596,0.016338,-0.500045604,0.606503,1.338549,0.558125,37.12316,348,3,9,7,9,0,5,74,0,10.221465,-0.002686,97.472155,48,-1052,0,186.555556,535.222222,277.666667,-0.260545619,0.770631,3.853740501,47.16917,5.224138,2402.20354,0.027622,1.062939,11.311662,4.617778,-17.541225,0.793682,10121.4569,0.508,0,0,0.06,0.96612069,0.018895,11.81905,19.782312,1,0.012889,1.554601,0,0
1.381818182,-2.818522,34.730575,0.412148723,1.510059,2.876588425,17.753602,4.075535,0.060205,11.756894,162,6,5,107,6,0,3,15,0,8.087025,0.066172,100.434615,82,-1180,6,441.163636,311.339394,247.139394,7.540565765,1882.895,7.128417354,1246.902,6.016325,349.699597,0.031589,1.189336,15.883529,1.193728,-10.739697,0.329223,1697.430912,0.146258,0.455407052,0.390911536,0.109022222,0.002748882,0.136877,0.967211,34.289572,4,0.003002,0.076636,0,34
0.151515152,19.043348,-33.367618,2.738444447,15.462913,3.30968005,27.376365,1.963926,0.259268,1.770453,73,3,15,56,12,0,3,12,0,4.210121,-0.004913,99.100883,38,-1551.102941,14.82563,820.60793,84.013216,95.066079,3.859250512,47.42979,1.120806172,3.067326,12.122165,976.514104,0.01929,0.614647,16.92382,1.960466,-6.437588,0.316939,2746.299214,0.224042,0.013350168,0.061706985,0.140078704,0.034381615,0,1.005116,8.664954,1,0.017403,0.25004,0,0
0.856,78.304305,16.00112,6.358131374,577.166839,6.913340256,1005.600602,11.807825,0.007172,1.742305,263,5,16,99,5,0,1,45,0,10.421466,0.004237,95.991031,362,-1441.697871,12.426807,391.726908,286.135422,322.131245,8.824189095,6796.677,2.466057618,11.77593,3.38775,3381.283203,0.02688,9.880698,26.898747,2.419899,-10.658096,0.623465,3155.975456,0.311733,0.000429449,0.632147727,0,0.029120851,0,3.925305,241.339292,7,0.132535,0.230744,7065.221506,35
0.685,64.853774,39.848043,5.408189083,223.226976,5.221240617,185.163759,3.496051,0.081817,0.829486,220,6,16,114,8,0,1,46,1,2.115627,0.013982,107.78537,32,-1272.268606,7.253476,327.18541,385.518997,287.271277,9.274867956,10666.55,3.866678717,47.78342,1.637253,133.381794,0.042941,0.502882,16.100964,0.958005,-7.138522,1.399754,1219.534892,0.114245,0.538000952,0.265765111,0.030066219,0.005302915,0.001553,0.795635,118.533265,2,0.003375,0.025827,0,58
0.739091,-0.95649,9.362906,-0.789473076,0.454084,1.696844028,5.456699,2.284321,0.19164,12.01695,136,3,7,57,4,0,3,14,0,2.387139,0.020904,116.485545,12,-1520,19,408.038462,395,197.288462,3.223590692,25.11815,4.013064909,55.31615,1.40742,4746.666323,0.025148,12.147875,28.026205,3.128317,-9.903963,0.985737,5686.815177,0.284912,0,0.91413828,0.286226415,0.026236088,0,1.959811,52.707217,1,0.00147,0.456549,0,0
0.176333034,-106.471659,36.268411,3.048439328,21.082416,4.617921304,101.283276,6.222611,0.025826,4.804159,1883,1,7,115,19,0,5,75,0,11.514275,0.067261,102.858357,99,-1239.928749,12.33548,542.87024,285.771509,171.35543,8.096403865,3282.642,5.047964476,155.7052,9.571282,340.776415,0.025641,1.454317,6.377195,1.900226,-14.566581,0.983137,3327.275658,0.229474,4.61E-05,0.006021712,0.297336617,0.060401358,0.151603,0.093154,0.490725,3,0.022444,0.085731,0,40
0.502,11.876407,47.115027,-0.193893049,0.823746,2.112471497,8.268652,2.570001,0.151403,10.03787,1113,8,1,75,31,0,2,22,0,38.8974,0.184526,112.699187,459,-1410,1,390.027397,402.465753,207.506849,4.123541972,61.77767,4.317435445,74.99605,47.518739,905.44027,0.028685,13.270556,-0.5538,4.581858,-5.722998,0.089639,18601.3181,0.24573,0.326754202,0.003631459,0.145985401,0.00128904,0,0.117049,20.710192,1,0.080857,2.508265,0,28
0.308929,-89.777075,39.048258,-0.713082577,0.490131,2.096049857,8.133976,3.277493,0.093093,16.595506,178,3,10,102,9,0,5,74,0,6.992799,0.114391,114.94538,34,-1413,0,119.651685,678.258427,202.067416,2.447731643,11.56209,3.160813991,23.58979,0.889273,2369.556544,0.033997,9.235877,12.94264,3.40549,-7.877173,0.474558,7585.852364,0.373561,0,0.460392157,0.087808219,0.267479815,2.476888,20.568888,47.771768,2,0.027524,0.722227,0,26
0.078431373,28.361527,-25.630423,1.231403908,3.426036,3.53381587,34.254429,5.220545,0.036692,9.99827,1219,10,7,56,15,0,3,12,0,4.365097,0.071867,75.633828,52,-1373.778452,7.915023,673.571429,121.59127,204.992063,6.301773014,545.5383,5.070369166,159.2331,4.040358,2033.955778,0.02228,1.951252,17.362368,2.255941,-8.008599,0.559305,3510.421176,0.27632,0.000152852,0.066232936,0.191866667,0.053050196,0,31.293573,1211.928851,3,0.019876,0.091223,0,0
0.101031,-94.135117,35.998488,-2.277424297,0.102548,0.740943994,2.097915,1.848076,0.292793,20.457921,397,3,7,1,9,0,5,74,0,9.148289,-0.036635,96.459184,38,-1052,0,295.607143,508.964286,195.035714,1.87757655,6.537642,4.155002752,63.75214,8.675877,2940.864224,0.026806,0.868793,14.361983,3.877821,-23.563212,0.735481,8257.955367,0.521966,0,0,0.25,0.717980871,0.102564,6.124315,20.40662,1,0.01418,1.03101,0,0
0.241984,104.015455,29.749994,1.570288269,4.808034,4.308580841,74.334921,9.563221,0.010934,15.460564,415,5,7,6,15,0,1,43,0,7.453405,0.017887,108.647259,65,-1520,19,321.644501,408.933504,269.381074,2.794097002,16.34786,1.223808666,3.400113,2.653899,4950.028839,0.032286,36.478249,17.177394,4.211232,-5.111149,0.768195,14103.94026,0.482852,0,0.401988144,0.205921875,0,0.988276,0.013411,153.654757,1,0.014941,1.553018,0,0
0.042742,104.618007,28.517452,0.793409623,2.210922,3.729548637,41.6603,7.903706,0.016008,18.842954,489,3,5,6,15,0,1,43,0,11.160503,0.079054,102.798552,93,-1520,19,304.297546,403.990798,291.840491,3.142930412,23.17167,2.349521158,10.48055,11.382286,4267.96044,0.030478,4.402214,16.687299,4.524147,-4.103634,0.437657,10855.53924,0.508009,0,0.352976229,0.360716724,0.005604038,0.641405,0.160663,292.395224,1,0.007787,1.495079,0,0
0.096154,115.470462,39.13287,1.252105038,3.497698,3.290283623,26.850478,4.050008,0.060966,7.676614,34,6,11,44,6,0,1,43,0,2.740243,-0.005615,88.71106,31,-1377.767886,6.85935,456.14554,370.521127,173.225352,5.542102409,255.214,4.289997417,72.96628,8.372672,1551.888815,0.029378,46.194072,11.710926,2.240727,-5.681277,0.251979,3461.367404,0.247457,0,0.770847113,0.284629981,0.020552397,0.107903,2.679716,286.121468,1,0.000579,0.134702,0,0
0.359307,-96.659073,32.328731,-0.589363908,0.55468,1.959989145,7.09925,2.688973,0.138302,12.798827,144,1,13,99,9,0,5,75,0,2.811694,0.044517,105.035714,18,-1300,22,393.222222,311.814815,295.259259,2.006272148,7.435547,2.595636724,13.40512,0.953171,3099.514226,0.030287,0.79435,19.147537,3.222965,-7.790182,1.29341,5344.121951,0.380799,0,0.019512195,0.312253521,0.014039024,0,53.142681,418.868534,1,0.002021,0.391667,0,0
0.035832,113.427666,28.404429,0.894960859,2.44724,3.145091579,23.221802,4.18748,0.057029,9.488976,92,3,5,4,9,0,1,43,0,8.484932,-0.013373,97.574312,72,-1520,19,256.148325,475.837321,267.827751,3.664765537,39.04698,2.769804851,15.95552,8.156613,4821.966756,0.025867,0.611237,17.415944,6.595639,-5.316543,0.439392,11903.53384,0.555266,0,0.239174401,0.188965517,0.276813612,0.006583,0.134999,258.957357,2,0.010668,2.039176,0,26
0.06929242,-96.742231,30.11784,-2.716541147,0.066103,0.272519449,1.313269,1.440917,0.481639,19.867099,119,1,9,98,9,0,5,75,0,3.892535,0.039658,103.5,17,-1460.769231,19.807692,537,243,220,1.954732262,7.062028,4.6712781,106.8342,0.926393,3286.219979,0.031855,1.121543,20.210941,3.018176,-7.658135,1.190284,5815.583596,0.434448,0,0.199810726,0.645,0.025667718,0,1.015084,2.252858,1,0.002808,0.410253,0,0
0.155447,110.261159,26.523625,1.186089751,3.274253,3.741035353,42.141599,6.569767,0.023169,12.8706,336,5,3,4,9,0,1,43,0,17.624582,0.068803,77.218571,169,-1552.302377,17.260641,344.225914,396.860465,258.61794,4.034954719,56.54036,2.848864922,17.26817,16.86615,4617.114345,0.025256,1.093686,16.061717,6.001978,-3.913087,0.601447,12847.29243,0.554767,0,0.162683789,0.16657277,0.52997554,0.09703,0.166194,131.575806,3,0.079722,1.972784,316.552876,29
0.319417,18.516114,44.494232,2.623994379,13.790699,3.629922262,37.709885,2.864555,0.121867,2.734443,191,6,7,7,10,0,2,22,0,7.044607,0.094616,67.829951,55,-1135,0,308.517647,363.007843,328.458824,7.095210304,1206.176,4.471215847,87.463,10.261433,1186.960354,0.026969,2.614911,9.618977,3.612457,-4.152683,0.308895,8821.125386,0.520161,0,0.341239012,0.070441767,0.451472417,0.147455,5.64054,137.584073,1,0.005413,1.163049,0,34
0.603995384,-94.874583,38.238302,-4.228310335,0.014577,-0.241306249,0.785601,1.835549,0.296803,53.893949,254,1,5,43,9,0,5,74,0,9.609395,-0.005788,105.880478,25,-1413,0,68,552,381,-2.601220266,0.074183,1.627109644,5.089144,1.799974,2703.842209,0.034508,1.331897,13.57546,3.344633,-8.466805,0.661025,6812.787606,0.415496,0,0.177672372,0.378510638,0.123281076,0,0.723914,3.72933,1,0.005553,0.726604,0,33
1.42,-92.724901,42.128805,-0.913215465,0.401232,1.728238031,5.630724,2.50762,0.159029,14.033597,285,5,9,43,18,0,5,74,0,6.350551,0.089599,103.885057,31,-1413,0,96.210526,531.894737,371.789474,3.150303579,23.34315,4.063519824,58.17873,1.325061,2181.043922,0.032954,7.274517,8.991947,3.179186,-5.274786,0.498766,7579.368148,0.318771,0,0.913697846,0.174393939,0.016833924,0,5.407976,5.759358,1,0.004755,0.784702,0,0
0.073645,109.457126,27.97643,1.507175703,4.513964,4.207869657,67.2132,8.924226,0.012556,14.89006,386,6,5,4,9,0,1,43,0,26.984214,0.26951,93.931787,257,-1180,6,254.051128,455.398496,290.371429,5.96823814,390.8165,4.461062374,86.57944,9.653025,4571.702549,0.029988,1.620525,14.93846,6.903825,-4.080978,0.985177,11998.57986,0.510252,0,0.704666486,0.337983471,0.100305099,0.489197,0.231544,189.562955,3,0.031717,1.959064,0,36
0.416567484,-97.755315,37.698786,-3.272012923,0.03793,0.186464629,1.204982,1.745361,0.328269,31.768742,431,5,5,53,9,0,5,74,0,2.410412,-0.016898,104.227273,11,-1650,12,270,496,233,0.388094441,1.474169,3.660112628,38.86572,1.235023,2268.13615,0.033106,1.87498,13.803205,2.703187,-6.636286,1.028093,4370.041475,0.298253,0,0.350230415,0.943333333,0,0,2.803786,13.871484,1,0.005592,0.23696,0,0
0.477440029,-105.712002,31.339302,-1.483444232,0.226855,1.115425813,3.050867,1.806942,0.306275,13.448543,1225,1,9,113,7,0,5,75,0,3.485422,0.025544,76.053512,24,-1052,0,580.742857,243.714286,176.342857,4.246313578,69.84745,5.729758816,307.895,5.021201,485.487363,0.029886,0.984251,17.672799,0.717744,-7.989595,0.447643,1131.844353,0.131462,0,0.00220403,0.72625,0.159647355,0,0,0.024225,1,0.008356,0.013001,0,0
0.391231,12.399741,46.441363,0.803910525,2.234261,3.112253046,22.471617,4.240943,0.0556,10.057739,662,6,1,24,20,0,2,21,0,21.462003,0.101469,109.015464,159,-1172.930781,5.66863,401.090517,433.827586,164.646552,5.457317839,234.4677,4.653406864,104.9419,37.746438,1458.344031,0.026,0.606695,3.756163,6.241499,-6.489536,0.296785,12191.32924,0.35914,0,0,0,0,0,7.343461,51.688965,2,0.02783,1.791954,0,33
0.185185185,-39.06262,-6.26053,5.263019679,193.063602,6.680416329,796.650712,16.173828,0.003823,4.126364,193,5,11,56,4,0,6,63,0,4.524548,0.022542,101.774342,98,-1268.798393,8.067578,576.286414,211.699077,212.03844,8.80337569,6656.677,3.540355954,34.47919,4.652555,3191.106219,0.022474,2.378726,26.129897,2.646869,-12.147718,2.17226,4874.834514,0.436233,0.001647253,0.214866647,0.361627661,0.162297229,0,1.535503,39.400335,6,0.076702,0.303982,53.479357,53
0.549672,104.812527,30.851682,2.154772204,8.625925,4.865144435,129.689669,12.456545,0.006445,15.03487,477,3,9,6,15,0,1,43,0,9.612325,0.052823,79.068096,107,-1290.043845,14.074414,252.402311,449.206933,298.288866,4.034368949,56.50725,1.879596797,6.550863,3.41959,3913.471854,0.030745,11.63688,16.76553,3.746441,-4.537063,1.031493,10335.97091,0.448709,0,0.765626712,0.224200873,0.045339768,0.114414,0.862965,452.625194,2,0.074575,0.764333,0,43
6.917543,111.805793,40.400829,0.940427483,2.561076,2.6640825,14.354773,2.530347,0.156185,5.604977,1137,3,5,44,6,0,1,43,0,3.116757,0.017309,83.991549,34,-1413,0,477.423358,379.080292,143.386861,5.813043673,334.6361,4.872616132,130.6623,9.461659,611.027737,0.022103,1.249049,5.151288,2.095934,-4.474009,0.785123,2563.385934,0.178942,0,0.500682969,0.501381074,0.002296566,0.477165,2.928848,114.119019,1,0.001464,0.133195,0,48
0.017729,111.31211,29.394547,0.111229161,1.117651,2.455386949,11.650941,3.108873,0.103465,10.424491,208,3,3,1,9,0,1,43,0,19.294186,0.059103,100.346351,151,-1520,19,302.864407,437.432203,259.940678,3.074961112,21.64904,2.963731673,19.37012,18.343124,5294.599417,0.0255,3.111059,16.128342,5.756122,-4.46563,0.825954,11186.72633,0.529189,0,0.065276434,0.313907285,0.541357982,0.196429,0,193.38724,1,0.027217,1.688282,0,33
0.118488,120.983319,43.372583,3.567268191,35.419701,5.094605957,163.139548,7.732713,0.016724,4.605899,268,1,14,51,6,0,1,42,0,2.139298,0.008804,91.774494,24,-1079.388279,2.429605,500.57623,323.836735,175.65066,7.971391991,2896.887,4.404123809,81.78745,0.209705,813.731891,0.028459,0.528058,7.25283,1.408175,-5.982405,1.513559,2899.081247,0.176469,0.104402619,0.20922166,0.156184001,0,0.04068,0.800164,60.970886,1,0.000835,0.077996,0,45
1.78125,-100.041993,39.677059,-4.48189117,0.011312,-0.484990575,0.615703,1.633059,0.37497,54.430516,739,1,9,53,9,0,5,74,0,4.202611,0.054801,96.968151,12,-1413,0,154,584,261,1.506859523,4.512537,5.988774432,398.9254,1.420058,1310.1133,0.030957,2.494148,11.92196,2.079458,-7.466948,0.512687,3244.691894,0.240428,8.58E-05,0.510835668,0.199129505,0.000228984,0.993902,0.379057,0.805871,1,0.00437,0.046398,0,0
2.23878,70.492764,33.026722,1.896863202,6.664955,3.334940407,28.07671,3.06791,0.106247,4.212588,437,1,11,44,5,0,1,45,0,4.491086,0.048058,114.246362,51,-1180,6,398.439024,358.473171,243.014634,5.737601767,310.3193,3.840738367,46.55984,8.907742,1872.996462,0.025815,6.562464,20.560361,2.477644,-6.043241,0.596278,1761.499293,0.104919,0.004885339,0.049290037,0.114505376,0.026966542,0.173474,0.431126,39.974789,2,0.009847,0.066922,0,0
0.0825,105.952196,30.140036,2.602951947,13.503541,4.562178913,95.791975,7.353606,0.018493,7.093841,222,1,5,34,15,0,1,43,0,12.129901,0.094211,74.740859,137,-1497.863541,18.101298,355.654321,376.05487,268.262003,6.664973657,784.4428,4.062021764,58.09164,4.016508,3978.507247,0.033249,26.75384,17.644095,4.136601,-4.310246,0.722158,10780.83757,0.425414,0,0.879472241,0.203130816,0.055994157,0.044391,2.352335,506.95575,6,0.074636,1.103813,15230.85433,37
0.0425,25.772939,-27.664903,5.332867951,207.030878,5.94432895,381.583214,7.481123,0.017868,1.843122,1230,11,14,78,5,0,3,12,0,2.087284,-0.00214,105.518868,37,-1449.224834,19.965116,729.810952,79.230769,191.008475,10.1267395,25002.71,4.79387135,120.768,1.172033,1142.201231,0.019729,3.839605,17.261146,2.01493,-8.655594,1.040128,2710.170362,0.242648,0.000854603,0.492419611,0.124779258,0.03086529,0,2.301796,46.428874,6,0.042865,0.02749,0,36
0.105608,110.088069,28.121525,0.005386467,1.005401,3.390588472,29.683415,8.351014,0.014339,29.523948,158,3,1,34,9,0,1,43,0,15.670143,0.220873,84.813732,98,-1592.864681,15.076517,322.095941,408.95941,269.269373,4.232977897,68.92217,4.227591414,68.55192,11.037684,4968.215521,0.028063,14.885268,16.639134,6.174195,-4.167626,1.124853,11997.90255,0.567361,0,0.395820699,0.05384,0.26430345,0.032489,0.176706,204.670426,2,0.0347,1.819395,1420.868286,37
0.060891,-84.228913,37.536663,-2.634832268,0.071731,0.547284642,1.728553,1.820644,0.301682,24.097787,310,6,1,7,9,0,5,74,0,21.250832,0.121535,105.512821,80,-1380.871369,8.564315,187.666667,525.047619,287.285714,1.009449873,2.744091,3.644284988,38.25541,11.506203,3047.869898,0.028022,0.044522,12.999815,4.097426,-21.071774,0.700191,10005.48635,0.546,0,0,0.145,0.988312655,0.040541,5.631583,15.960092,1,0.020838,1.090217,0,0
0.063083,8.327998,46.585762,-0.720390945,0.486562,0.985225575,2.678416,1.083189,0.852298,5.504782,1758,6,1,44,31,0,2,23,0,17.737594,0.127544,101.962836,106,-1410,1,452.636364,351.863636,195.5,2.175263068,8.804501,2.895654447,18.09534,43.426273,1077.807664,0.030345,97.916649,-1.756626,6.21961,-1.926027,0.257406,17157.54357,0.344885,0.260152672,0,0.156707317,0,0.562656,0.073837,2.190915,2,0.128338,4.683326,0,32
0.310345,-6.40123,32.100924,3.4956821,32.972771,5.022267925,151.755083,7.455222,0.017992,4.602436,782,6,3,24,12,0,3,15,0,15.443963,0.103922,114.636765,172,-1224.187095,11.891613,358.525355,346.270791,295.104462,8.783398991,6525.018,5.287716879,197.8911,19.009672,414.020976,0.025359,9.192484,9.684914,2.134279,-17.21017,0.470887,2225.570817,0.145329,0.417031915,0.112916353,0.159188713,0.019250184,0,0.093845,22.179793,1,0.015708,0.284251,0,41
0.835,-122.722429,43.9513,1.861078887,6.430671,3.701180905,40.495097,4.504736,0.049279,6.297181,255,2,1,3,13,0,5,78,0,17.960908,0.439947,72.740466,153,-1385.022097,14.51366,308.626623,416.931818,274.516234,6.160387365,473.6115,4.299308528,73.64885,20.234256,2212.834796,0.028769,0.795876,8.436834,5.885339,-16.393942,0.188388,13775.32506,0.660914,0,0.000187948,0.088309318,0.001871256,0,0.035298,0.379788,1,0.005565,3.694196,43.204986,37
0.087143,76.481814,12.464913,4.86957423,130.265442,6.073500115,434.197767,10.731688,0.008683,3.333177,747,8,11,105,4,0,1,45,0,3.055553,-0.037521,112.262317,62,-1379.339385,6.85339,388.766864,281.928994,329.347929,8.024864441,3056.007,3.155290449,23.45985,2.54856,4198.367203,0.024544,10.186267,22.701315,3.965568,-12.071585,0.737287,5785.385769,0.433554,0,0.697235403,0.107392254,0.102351721,0,4.217974,300.670949,5,0.005801,0.980791,352.734318,32
0.075896,-82.513706,39.145725,-1.366766281,0.25493,1.290591229,3.634935,2.030867,0.242458,14.258575,210,3,5,7,9,0,5,74,0,11.431436,0.235476,99.638889,51,-1495,0,176.588235,544.529412,278.058824,3.343577803,28.32027,4.710345184,111.0905,3.585331,2110.818462,0.027157,11.150098,12.112425,3.763845,-19.367794,0.584718,8808.849083,0.494912,0.018172324,0.053171133,0.220540541,0.470914433,0,7.450255,47.342254,1,0.000901,1.094772,0,30
0.393125,70.886447,22.739559,3.031173015,20.721525,4.516051554,91.473705,5.668661,0.03112,4.414429,53,2,15,98,5,0,1,45,0,2.715143,0.001745,94.283538,38,-1387.621852,14.097106,489.34264,268.371827,242.252538,6.949399016,1042.523,3.918225729,50.3111,0.856825,3064.18646,0.02768,2.870848,26.640032,1.730608,-10.306833,1.806094,2249.627895,0.233382,0.000726535,0.773419012,0.114708589,0.000988916,0,6.447835,215.517291,4,0.001822,0.19121,0,51
0.7075,-78.819541,35.749466,-1.786957019,0.167469,1.310935646,3.709643,2.557171,0.152926,22.151208,120,8,9,4,9,0,5,73,0,4.188025,0.029427,100.239351,25,-1511.290323,19.258065,528.428571,291.571429,179.142857,1.736822175,5.679267,3.523778665,33.91233,1.256442,3404.005051,0.026586,2.116177,15.722116,3.758434,-21.576933,0.352345,8195.692025,0.448268,0,0.036809816,0.5345,0,0.698937,61.337161,612.677409,1,0.003658,0.829768,0,0
0.165409,116.653003,28.228887,0.552782782,1.738083,2.612849309,13.637854,2.918138,0.117432,7.846493,57,12,7,99,9,0,1,43,0,5.648583,-0.00424,77.294379,59,-1297.267293,10.75064,343.964602,411.823009,244.318584,2.540033835,12.6801,1.987251003,7.295451,8.137828,6444.528472,0.029553,2.43921,18.15984,6.661503,-5.57333,0.637504,13229.42482,0.404699,0,0.498472554,0.091222707,0.104212411,0.014828,3.636586,86.972404,2,0.013255,2.163213,0,0
0.762439,-2.753645,31.547825,4.046175593,57.178365,5.162191468,174.54655,6.511641,0.023584,3.052668,690,1,15,105,7,0,3,15,1,2.510357,0.000641,112.130045,41,-1338.230141,5.344355,394.8,343.81875,261.3625,9.114907085,9089.79,5.068731231,158.9725,3.13099,114.38444,0.032032,1.03858,19.241444,0.360202,-7.36962,0.465764,607.340057,0.114762,0.973505811,0.008351928,0.026449712,0,0,0.146558,3.36853,3,0.004383,0.088959,0,33
0.056544154,-78.847159,37.328162,-2.769298142,0.062706,0.2601125,1.297076,1.461187,0.468369,20.685025,212,7,5,4,9,0,5,73,0,4.933562,-0.024388,111.750416,23,-1410,1,289.411765,318.529412,392.058824,2.275703704,9.734767,5.045001293,155.2445,2.147966,2411.971066,0.024138,4.439359,13.867813,3.488054,-23.858231,0.597764,8354.07223,0.534651,0,0.034361851,1,0.24842216,0,17.204198,151.91356,1,0.006541,0.967206,0,0
0.180193,116.482009,27.873776,0.436430041,1.547174,3.176624685,23.965725,5.435207,0.033851,15.49,47,3,9,99,9,0,1,43,0,4.090159,0.017684,103.05726,31,-1475.56224,11.728366,285.967742,407.682796,306.349462,2.390204868,10.91573,1.953774855,7.05527,1.210014,6248.811558,0.031889,1.361924,18.516553,6.454106,-5.435756,0.462718,13095.6822,0.402394,0,0.933059805,0.055072464,0,0.141438,0.010681,234.933939,2,0.014729,1.937777,0,0
0.973958,-85.511873,39.053955,-0.498880584,0.60721,2.144882663,8.541039,3.091978,0.104599,14.066039,217,6,9,34,9,0,5,74,0,9.52113,0.079283,102.963742,40,-1413,0,136.148148,620.296296,243.098765,3.845650911,46.78913,4.344531652,77.05594,1.193875,2423.077467,0.028568,6.776625,12.246245,3.78687,-12.84764,0.620656,9065.203846,0.435858,0,0.624921652,0.118586957,0.288860399,0,2.895822,13.592847,1,0.003871,1.168098,0,0
0.56,-94.02032,42.119439,-0.595788192,0.551128,2.190333891,8.938197,3.396399,0.086689,16.218,324,3,9,42,18,1,5,74,0,3.980449,0.049535,100.469573,27,-1413,0,222.47619,452.444444,324.349206,3.110681966,22.43634,3.706470078,40.70985,0.648127,2195.857566,0.031771,5.010074,9.15766,3.11133,-5.506493,0.415237,7075.316686,0.293323,0,0.943334279,0.167341772,0.003992622,0.142288,4.093104,3.322794,2,0.005614,0.579496,0,0
1.145161,-87.505888,34.81661,4.120387563,61.583105,5.355888149,211.852049,7.615474,0.017243,3.4401,157,6,9,105,9,0,5,74,0,7.737882,0.081019,73.928571,96,-1200.399946,8.719993,219.277236,554.070732,226.661789,7.863705089,2601.14,3.743317449,42.23788,2.254825,3936.416679,0.024913,1.432981,15.862792,4.340334,-19.483184,0.297737,10131.41528,0.515652,0.00036125,0.112042819,0.050946779,0.375211223,0,6.22378,25.37611,6,0.026702,1.730847,77.925928,36
0.166217,114.839598,25.136877,1.312792321,3.716537,3.97963498,53.497503,7.828153,0.016319,14.394448,167,3,7,4,9,0,1,43,0,14.343414,0.120265,76.665939,105,-1520,19,384.27668,334.640316,281.057312,5.316621813,203.6946,4.003829418,54.80763,7.815565,4813.670787,0.025758,10.128378,18.580296,4.926416,-8.254881,0.294744,12456.41353,0.548245,0,0.299270583,0.414303797,0.324570403,0.075388,0.211488,131.986974,4,0.012361,2.175148,300.196365,30
0.125,-97.835165,37.760229,3.730553597,41.702188,4.555381328,95.143029,4.156164,0.057891,2.281488,434,5,15,53,9,0,5,74,0,2.688706,0.011384,111.214286,29,-1376.515243,19.661195,476.035849,296.454717,227.530189,7.392646289,1623.998,3.662092619,38.94275,0.54698,1893.731997,0.03325,2.676749,13.634647,2.561436,-8.301009,1.024793,3978.136027,0.311173,0,0.463939739,0.05048967,0.009611149,0,0.569706,2.691609,3,0.001223,0.127665,0,39
0.020118,112.90603,26.947194,1.301256218,3.673909,3.848862351,46.939632,6.90829,0.020954,12.776483,110,5,7,1,9,0,1,43,0,12.159949,0.070194,101.7,86,-1262.457421,24.975669,295.379747,402.007595,302.579747,3.712713405,40.96481,2.411457435,11.1502,6.02989,4984.09973,0.028067,3.115266,18.092028,5.645186,-5.853845,0.741376,12124.28395,0.501562,0,0.554679619,0.114338843,0.236564543,0,0.008455,161.017261,1,0.005204,2.240373,0,26
0.050937,15.21628,49.919806,0.041281089,1.042145,2.535952205,12.62845,3.489643,0.082118,12.117748,325,8,5,17,10,0,2,23,0,5.10553,0.044009,96.358944,40,-1423.237957,3.059779,278.289157,488.409639,233.638554,4.415203157,82.69864,4.373922132,79.35426,2.570893,542.105083,0.02712,1.343435,8.112089,2.591582,-4.269489,0.838539,5938.554098,0.409404,0,0.710073603,0.058907104,0.001005688,0.063327,6.833068,31.830161,3,0.13868,0.341499,0,0
0.395172,34.83838,40.095154,-0.098949996,0.905788,2.352382749,10.510584,3.115363,0.103035,11.603799,1017,10,7,109,13,0,1,22,0,11.297874,0.073602,93.136551,76,-1410,1,300.566038,399.95283,299.481132,4.520381174,91.87061,4.61933144,101.4262,8.417859,278.608654,0.029642,0.48768,9.256446,1.874336,-5.369051,0.479718,3700.323555,0.233588,0.002363636,0.505382799,0.210647482,0,6.35829,0.380572,33.191567,1,0.078893,0.135048,0,0
0.038254,112.082922,26.115671,1.045359532,2.844421,3.443356753,31.291821,5.233943,0.036504,11.001121,457,3,1,4,9,0,1,43,0,24.521181,0.203971,82.573664,192,-1520,19,285.289037,401.684385,313.089701,5.047399145,155.6172,4.002039562,54.70962,22.131883,6187.392711,0.023151,8.511394,16.126685,7.31054,-5.668973,0.288909,15548.88675,0.622457,0,0.027308817,0.380438356,0.489749715,0.026561,0.003487,41.324815,1,0.018246,3.215516,0,40
0.109364,98.402518,25.270961,0.401841885,1.494575,2.798905138,16.426652,3.790402,0.069603,10.990849,1909,8,1,44,16,0,1,44,0,18.142792,0.153075,80.806795,97,-1375.150754,1.885678,351.00625,379.35,269.3875,3.779541347,43.79595,3.377699455,29.30328,16.053005,5387.696091,0.021783,0.688798,12.756925,9.135209,-10.758034,0.418537,11827.48786,0.66431,0,0.003648289,0.221736842,0.598099628,0.474144,0.038769,109.299411,1,0.011426,3.084717,0,23
0.476667,36.641727,40.905122,1.906085722,6.726707,3.727047137,41.556217,4.51991,0.048949,6.177795,168,5,1,12,13,0,1,22,0,18.279996,0.161397,77.084263,100,-1250,9,287.575875,383.603113,328.902724,7.815707744,2479.241,5.909621971,368.5668,18.483375,625.611097,0.028582,4.704726,9.823219,3.047012,-4.804232,0.231256,4618.922674,0.391174,0.004866614,0.411483632,0.066336925,0.254163927,0,1.844463,57.45666,5,0.011308,0.844593,0,40
0.352326,-116.526193,32.696988,1.647952222,5.196328,3.486602517,32.674747,4.043514,0.061162,6.288045,918,9,5,82,13,0,5,77,0,8.104758,0.094956,77.967865,100,-1395.469632,3.773979,668.016393,225.692623,106.278689,5.607658797,272.5055,3.959706462,52.44193,6.963509,900.049602,0.01983,2.241159,15.071375,1.03507,-28.841098,0.797078,2944.290593,0.395513,0,0,0,0,0.002881,2.077402,3.936795,1,0.030113,0.087193,0,0
0.304815,77.561589,10.047413,3.120317985,22.653582,4.240915387,69.471416,4.117492,0.058984,3.066686,266,9,11,56,4,0,1,45,0,2.396591,-0.001961,108.493902,47,-1410,1,415.94929,257.401623,326.567951,7.491585795,1792.893,4.371267841,79.14391,3.442116,5044.24142,0.023319,51.90067,23.955776,3.456606,-15.166384,0.394356,3486.403775,0.389087,0,0,0,0,0,3.715037,413.378035,4,0.008273,0.042689,0,33
2.029573,105.139307,32.792406,2.634635712,13.938234,5.057049921,157.126297,11.872442,0.007094,11.273042,707,8,1,44,15,0,1,43,0,28.645434,0.044141,115.896907,371,-1419.639279,2.577336,317.397813,461.695147,220.910458,7.333931099,1531.39,4.699296028,109.8698,36.204725,1709.607757,0.027629,9.104632,9.120078,4.317958,-5.710457,0.192427,7380.675062,0.504143,0,0.191089911,0.322782111,0.268486043,1.872881,0.049218,28.522802,3,0.014529,0.916558,773.700707,41
0.107143,100.333755,24.703389,3.280424895,26.587067,5.309530919,202.255332,11.065214,0.008167,7.607283,999,3,1,4,15,0,1,44,0,29.153855,0.260748,69.405834,266,-1463.02334,12.26496,298.589988,416.574493,284.898093,7.00469867,1101.798,3.724273625,41.44112,27.946531,3304.015445,0.022699,5.615324,16.167337,4.236558,-14.463862,0.702077,7288.741708,0.535203,0,0.261112212,0.194943165,0.153746381,0.093089,0.912241,100.909232,5,0.301172,1.439868,1093.430307,40
0.416667,24.250446,44.882263,1.467998304,4.340538,2.927262515,18.676434,2.528816,0.156374,4.302793,180,3,15,8,10,0,2,22,0,2.432344,0.021305,106.678261,23,-1520,19,330.208333,292.375,377.75,5.122428277,167.7422,3.654429821,38.64548,6.040964,899.336669,0.031649,0.221374,9.959675,2.864425,-4.039965,0.335424,6230.928766,0.41837,0,0.365092623,0.083049645,0.35290339,0,2.549172,61.070733,4,0.001715,0.242797,34.357275,41
0.364324,0.947862,42.200734,1.591671215,4.911951,2.8858808,17.919344,2.280816,0.192229,3.648112,487,6,7,12,10,0,2,21,0,5.977274,0.018577,86.818413,79,-1214.353312,10.580442,307.031847,443.070064,249.808917,7.286047869,1459.79,5.694376712,297.1915,29.508615,1108.586335,0.026042,5.484804,7.590965,3.075047,-4.773314,0.443824,9105.189894,0.411778,0.020494858,0.075133703,0.065587097,0.009486334,0.022476,2.083722,7.643655,4,0.066207,2.363748,0,30
0.010787191,-74.247281,42.3333,-3.084039035,0.045774,0.113125093,1.119772,1.476432,0.458747,24.462871,521,3,7,7,19,1,5,73,0,3.624408,-0.052695,87.870968,13,-1413,0,309,448,243,2.76155874,15.82449,5.845590438,345.7066,12.854852,1423.24457,0.027686,0.124065,6.529034,4.095962,-15.349021,1.055886,11159.96913,0.476409,0,0.026824379,0.3,0.859178027,0.149533,5.696484,8.661389,1,0.0164,1.732424,0,0
0.015667,18.679629,51.804727,3.580410278,35.888262,3.72821355,41.604717,1.959122,0.260542,1.159285,112,1,15,21,10,0,2,24,0,2.89288,0.034811,110.420305,20,-1144.763711,5.372445,727.32636,190.677824,82.033473,8.316541785,4090.988,4.73613178,113.9924,0.894554,518.401515,0.023633,0.294705,8.511369,2.353129,-3.854226,0.997487,6695.36838,0.398406,0.001770842,0.658617109,0.118136121,0.003385952,0.80802,7.916547,100.534538,5,0.00045,0.387172,0,40
0.517582,-100.560712,31.311019,-2.553112688,0.077839,0.485180993,1.624469,1.642506,0.370669,20.869503,603,6,7,53,9,0,5,75,0,2.473963,0.028112,99.125,11,-1052,0,193,467,340,0.871990612,2.391667,3.425098136,30.72566,1.760736,1304.518987,0.030147,0.856041,18.787886,1.814628,-8.581017,2.205473,2423.733129,0.25,0,0,0.84,0.16,0,0.60249,0.24793,1,0.007682,0.008965,0,0
0.641489,-96.182441,32.130296,-1.243413808,0.288398,1.592347703,4.915275,2.581945,0.150005,17.043386,101,1,13,56,9,0,5,75,0,3.199002,0.005368,112.276596,14,-1404.182879,19.023346,297.471698,375.773585,326.339623,2.894737215,18.07875,4.138151697,62.68685,0.579413,3137.977077,0.033381,0.094945,19.203491,3.280666,-7.289342,1.092858,5850.891033,0.418748,0,0.0146924,0.183555556,0.027289908,13.090909,2.555128,5.354209,1,0.002171,0.364897,0,0
0.180962,14.539714,50.039464,-0.982174157,0.374496,1.402439327,4.065104,1.873887,0.284782,10.854877,250,6,9,7,10,0,2,23,0,9.068317,0.137564,74.411765,51,-1520,19,258,484,258,4.500072414,90.02365,5.482247213,240.3863,2.653726,506.192272,0.028192,0.826594,8.593348,2.306101,-4.386009,0.872239,5843.105673,0.350019,0,0.702723704,0.171594203,0.007227231,0,36.184266,805.602752,2,0.003824,0.271412,11.408792,0
0.118639,114.364709,38.627478,1.891968388,6.632411,3.826633817,45.907744,5.028579,0.039547,6.921727,197,8,5,44,6,0,1,43,0,5.145103,0.043152,97.863231,55,-1296.272,0.838171,442.947214,384.42522,172.592375,4.96986677,144.0077,3.077898264,21.71272,9.654623,1358.190859,0.030984,12.493103,11.359378,2.250571,-4.692289,0.391427,3011.548561,0.215575,0,0.784515318,0.254690983,0.003329453,0.40041,1.230645,114.900889,1,0.095253,0.118638,0,0
0.019478,113.599922,29.341055,1.043884683,2.840229,3.665287873,39.067381,6.539322,0.023385,13.755012,167,9,7,4,9,0,1,43,0,18.160501,0.086332,78.335003,116,-1468.670979,10.600706,267.16129,449.747801,283.219941,4.246368554,69.85129,3.202483807,24.59354,16.411034,5171.120996,0.026805,15.59298,16.257484,6.285613,-4.988349,0.619678,11961.47938,0.560495,0,0.248373862,0.448236842,0.386468131,0,0.020983,190.46684,1,0.016213,2.571352,0,31
0.353658537,45.651285,50.410664,7.871886603,2622.508557,7.847621354,2559.638596,14.099875,0.00503,0.976027,8,6,16,105,18,0,2,28,1,4.47574,0.054628,120,99,-1090.096431,0.877123,323.861423,399.208859,276.914177,11.08592278,65246.18,3.214036132,24.8793,1.555427,278.278599,0.032263,0.349648,6.354016,1.592079,-4.63762,0.353296,3871.622094,0.271125,0.001647947,0.778776707,0.024587471,0.03621225,0,2.456476,33.27205,7,0.036019,0.223219,3585.025,28
0.38,21.457781,51.459561,-2.13773189,0.117922,0.866151298,2.377742,1.953271,0.262105,20.163701,142,1,9,22,10,0,2,24,0,3.24642,0.042914,111.06216,14,-1052,0,711.5,201.142857,88.178571,4.475082229,87.80182,6.612814929,744.576,0.691585,523.946392,0.021127,0.061326,8.319969,2.321263,-4.180109,0.725869,6130.360915,0.427081,0,0.41199878,0.04,0.006721341,0.1034,7.939483,102.575569,1,0.002002,0.339386,0,0
0.528125,27.096022,-26.668082,-0.487437927,0.614198,1.736824816,5.679282,2.044251,0.239294,9.246656,1349,10,9,56,6,0,3,12,0,2.196877,0.015674,105.375829,13,-1347.55137,12.613014,601.963636,135.581818,262.854545,5.919143554,372.0929,6.406580766,605.8187,1.781603,1780.758522,0.020165,13.833509,16.877296,2.334953,-8.634266,1.369414,3054.951974,0.280577,0,0.090458589,0.217195122,0.072195942,0.024943,3.516017,5.121094,3,0.002405,0.048336,0,40
0.414395,115.298091,29.276929,5.845982359,345.842116,7.377374589,1599.385207,24.261028,0.001699,4.624611,55,6,7,1,9,0,1,43,0,10.261628,0.00052,88.91791,196,-1355.066514,15.790147,257.747358,470.237821,272.021271,7.599395324,1996.988,1.753413054,5.774277,11.216066,4956.579648,0.026554,2.862626,16.441236,5.77231,-4.639936,0.363944,11443.62535,0.522544,0,0.239739526,0.122693356,0.288953155,0.276316,0.513668,115.642694,5,0.039784,2.049275,1044.787211,44
0.267347,76.804253,10.624953,0.443615377,1.558331,2.497925535,12.157248,2.747265,0.132495,7.801454,152,8,11,65,4,0,1,45,0,5.336211,0.081798,78.099385,23,-1410,1,430.280488,276.170732,293.585366,4.499969324,90.01437,4.056353972,57.76332,4.893858,6498.454067,0.025019,1.817133,24.900662,4.815807,-11.42349,0.597756,8485.163619,0.541335,0,0.683993436,0.125291005,0.138105016,0.002985,4.397742,468.304532,1,0.005136,1.322917,0,28
4.294061055,-85.409716,38.096436,-3.907981185,0.020081,-0.018227109,0.981938,1.954706,0.26172,48.897724,199,6,9,56,9,0,5,74,0,5.277402,-0.06789,101.335878,27,-1375.248366,0,117.333333,612.866667,270.066667,0.966343337,2.628316,4.874300738,130.8826,1.66581,2943.625323,0.030939,0.629552,13.250294,3.931077,-21.826284,0.505515,9180.604113,0.483,0,0.114935733,0.32,0.036709512,0.039683,11.728119,151.328416,1,0.010973,1.044708,0,0
0.359584909,-97.778296,47.964227,-2.776195218,0.062275,0.569500487,1.767384,1.997882,0.25053,28.380427,382,1,8,17,19,1,5,71,0,3.966086,0.001939,111.603448,19,-1413,0,215.434783,414.521739,369.826087,3.050005,21.11545,5.826204511,339.0693,0.911789,751.206171,0.028111,1.419593,4.107725,2.129814,-4.851647,0.892543,4808.268173,0.296116,0,0.78776477,0,0.00523278,0,0.404461,1.016117,2,0.005182,0.101742,0,0
0.035897436,29.29975,-25.931798,2.309411242,10.068495,4.180803029,65.418365,5.81584,0.029565,6.497333,1505,3,5,56,16,0,3,12,0,5.272736,0.050141,99.472222,93,-1393.420353,14.311865,622.507128,140.144603,237.336049,6.693571965,807.2004,4.38416123,80.17095,2.469881,1816.260542,0.022526,11.431168,15.48113,2.59834,-7.536355,0.639559,3829.117957,0.247009,0.124613836,0.187135835,0.16877709,0.060689339,0,10.176553,104.86552,4,0.007633,0.146408,0,55
0.836667,-84.605325,38.868856,-3.72612452,0.024086,0.144544401,1.155513,2.100334,0.226685,47.974611,265,5,9,56,9,0,5,74,0,3.821711,-0.008184,93.879781,20,-1413,0,95.882353,546.294118,357.823529,-0.095238582,0.909156,3.630889047,37.74636,1.352941,2427.312977,0.032495,2.169939,12.351199,3.649893,-21.397884,0.573252,8887.816176,0.466,0,0.066176471,0.434,0.182647059,2.316667,34.097742,380.653732,1,0.00767,1.0287,0,0
0.21865,103.392484,30.147422,0.880806964,2.412846,3.275178159,26.447937,4.803105,0.043347,10.961302,568,1,5,6,15,0,1,43,0,12.823446,0.046548,95.656754,115,-1180,6,183.386831,486.786008,329.975309,4.725311328,112.7656,3.844504475,46.73552,7.58032,5408.704129,0.026392,2.446987,15.672191,4.487541,-3.637132,0.24195,14457.37318,0.547293,0,0.399766186,0.369440994,0.084344991,0.016249,0.210282,231.034692,3,0.016035,2.266149,0,33
0.07,6.765054,45.134757,-1.39447977,0.247962,1.224114492,3.401153,1.926764,0.269366,13.716423,1961,6,1,24,20,0,2,21,0,21.577804,0.032295,80.862366,146,-1410,1,371.583333,422.5,205.5,3.162720625,23.63481,4.557199996,95.31622,39.107893,481.064304,0.02951,9.864032,0.758153,3.414991,-4.566118,0.361244,16859.03537,0.271025,0.349657143,0,0.307179487,0,0.069351,0.574529,0.666868,1,0.099019,2.927538,0,24
0.120082305,-82.6835,39.704792,-3.84324349,0.021424,-0.391371393,0.676129,1.303081,0.588921,31.559011,283,3,5,60,9,1,5,74,0,7.540561,0.054617,104.972973,29,-1413,0,178.272727,513,308.363636,1.545522131,4.69042,5.388753414,218.9303,2.567606,2065.919378,0.031547,8.702546,11.178381,3.699007,-5.960953,0.759614,8527.787324,0.418,0,0.464211268,0.175,0.09615493,1.083333,13.43787,26.967387,1,0.011194,1.219694,0,0
1.502681132,-98.57073,37.098587,-2.936935203,0.053028,0.605411541,1.832006,2.244238,0.198546,34.547828,444,3,9,53,9,0,5,74,0,3.114009,0.013868,104,15,-1052,0,375,384.25,241,0.122158339,1.129933,3.059091506,21.30819,1.412121,2031.617834,0.032162,1.646361,14.613067,2.454516,-6.883388,0.866079,3760.806061,0.317,0,0.496969697,0.931111111,0,0,0,0.103385,1,0.003489,0.109886,0,0
0.031896,112.677666,24.962266,2.325958494,10.236487,4.002558386,54.738012,4.826237,0.042932,5.347344,634,5,1,34,9,0,1,43,0,16.184473,-0.030233,84.501257,131,-1362.291623,2.037139,426.104575,328.346405,245.591503,4.863578173,129.4867,2.53761927,12.64952,18.858809,5522.002135,0.022193,0.193871,16.356494,5.752773,-7.242232,0.329022,16094.4991,0.582557,0,0.033790138,0.150914634,0.103225496,2.158367,1.10E-05,67.16136,1,0.072877,3.060143,0,29
0.438625,112.691324,39.371633,2.091503379,8.097079,3.721303855,41.318232,4.09612,0.059601,5.102857,1037,1,12,53,6,0,1,43,0,2.300718,0.007268,102.810891,22,-1066.348092,0,485.239344,349.308197,165.468852,7.643791436,2087.644,5.552288042,257.8268,7.238058,663.377628,0.026851,1.928495,5.254168,2.012465,-4.651158,1.44728,3196.121924,0.181415,0,0.496717512,0.32820179,0.000157698,0,3.800264,112.555578,3,0.000859,0.171939,0,41
0.39898,71.758358,21.435422,4.352271136,77.654627,5.027803068,152.597398,4.884932,0.041907,1.965078,46,2,16,44,5,0,1,45,0,3.076394,0.000771,103.018939,82,-1259.874099,11.567266,368.994915,353.092373,277.916949,7.965954517,2881.178,3.613683544,37.10247,0.778861,3376.394902,0.028085,4.442106,27.059911,1.864824,-11.010287,1.498199,2367.657422,0.276975,0.000136834,0.91824636,0.325124679,0.000462328,0,4.792655,240.15643,4,0.007809,0.190876,0,34
1.538462,6.513488,35.521125,1.884010429,6.57984,3.381499751,29.414853,3.234849,0.095563,4.470451,971,1,7,108,6,0,3,15,1,3.385083,0.002149,95.217391,53,-1052,0,414.313869,340.233577,245.49635,6.264038819,525.3364,4.38002839,79.8403,8.598176,483.47102,0.027684,1.326692,11.985138,1.762816,-24.48735,0.555528,2318.650126,0.185279,0.067743179,0.574668087,0.063771186,0.012213021,0,4.159217,65.296253,1,0.036773,0.095792,0,0
0.960321596,-92.45527,39.016291,-2.96270377,0.051679,0.533095792,1.7042,2.114749,0.223606,32.976662,188,6,5,60,9,0,5,74,0,10.398511,0.152443,107.160714,45,-1413,0,203.681818,572.409091,223.909091,2.681127003,14.60154,5.643831105,282.5431,1.582458,2528.746104,0.031699,0.273785,12.978589,3.348424,-23.093714,0.440594,7354.087254,0.455867,0,0.260689813,0.3675,0.210031978,4.290909,5.945983,12.84798,1,0.000741,0.818064,0,0
6.181818,24.662557,45.203741,-1.010285527,0.364115,2.476258529,11.89667,5.561617,0.032329,32.672818,455,3,5,58,10,0,2,22,0,3.263329,0.034737,105.373987,30,-1520,19,293.927083,378.072917,328.416667,4.177309304,65.19021,5.187594164,179.0373,9.120085,886.775195,0.028158,0.086924,8.124734,2.899472,-3.929285,0.470486,7290.978858,0.508925,0,0.266952893,0.094461538,0.486550445,0.311533,3.660505,96.664434,1,0.00709,0.589505,0,48
0.091429,73.376244,23.493652,2.379625483,10.800857,3.939413653,51.388461,4.410944,0.051397,4.757813,149,1,15,56,5,0,1,45,0,2.396927,0.002779,123.378645,26,-1410,1,369.230952,354.814286,275.845238,5.790430091,327.1537,3.410804419,30.2896,1.986772,3130.824177,0.02718,13.407249,26.3019,2.515082,-10.851001,0.906603,3356.339859,0.321929,0,0.861165252,0.067597685,0,0.026438,2.360348,358.318887,2,0.015531,0.385221,0,32
0.0696,22.164909,38.536863,2.833581629,17.006262,4.04226524,56.955214,3.896046,0.06588,3.349073,430,6,3,56,12,0,2,21,0,11.146793,0.068262,112.223585,145,-1461.094225,16.74772,296.943715,457.373358,245.651032,6.376157058,587.665,3.542575698,34.55581,2.472222,1026.758606,0.025444,1.857006,11.248266,3.301002,-8.315986,0.236953,4687,0.42,0,0,0,0,0.091168,0.851323,9.201672,1,0.010912,0.635779,0,31
1.87459,-97.230343,30.907193,-2.610088993,0.073528,0.501814142,1.651715,1.718322,0.338681,22.463833,140,1,5,99,9,0,5,75,0,3.936675,0.031732,113.239726,18,-1400,15,100,444,456,0.357064468,1.429128,2.967156858,19.43658,1.927835,2829.211957,0.029688,1.539318,19.882898,2.963302,-7.442329,1.214144,4788.159794,0.373361,0,0,1,0,0,6.607465,48.331543,1,0.037707,0.255769,0,0
0.015877,113.050829,27.219528,1.503748676,4.498521,3.893107571,49.063117,6.525523,0.023484,10.9065,85,3,5,1,9,0,1,43,0,9.69307,0.078237,101.007254,67,-1520,19,339.068602,383.936675,276.741425,3.549495828,34.79577,2.04574721,7.734936,5.008119,4827.082124,0.027788,1.779674,17.974043,5.924502,-5.637477,0.718672,12185.86417,0.487601,0,0.556319947,0.122173913,0.259758613,1.949711,0.000908,262.294438,1,0.004793,2.505976,0,33
0.048276,-81.265579,36.118888,1.637959478,5.144661,4.158902443,64.001239,7.959853,0.015783,12.440321,314,8,7,4,9,0,5,73,0,10.17337,0.09734,100.827264,63,-1410,1,497.141561,306.99274,195.782214,6.836653292,931.3669,5.198693697,181.0356,10.827717,2374.281768,0.024976,0.277383,12.815853,4.199068,-19.732002,0.712459,10126.08405,0.588208,0,0.006960521,0.104,0.839018492,0.0006,3.75182,17.429826,3,0.011169,1.840034,0,40
0.081143,20.045562,49.866859,2.173390227,8.788027,3.428028032,30.815815,2.932399,0.116293,3.506568,266,3,7,7,10,0,2,24,0,7.927777,0.122913,81.1568,90,-1285.912369,5.997784,126.129032,654.141129,219.850806,6.642330857,766.8804,4.468940642,87.26423,12.194122,1204.350793,0.0288,0.291338,6.280667,3.729485,-3.242833,0.736249,12754.76665,0.475438,0,0.32502075,0.112759494,0.01385231,0,9.513761,170.471151,1,0.002046,1.164281,0,24
0.530645,-94.102162,34.963925,-1.722746598,0.178575,1.155988975,3.177164,2.120918,0.222307,17.791716,218,3,11,1,9,0,5,74,0,8.847171,0.16024,97.596154,41,-1052,0,316.945946,537.027027,145.486486,0.634346831,1.88579,2.357091271,10.56019,3.033582,3287.910931,0.028495,0.237955,16.085375,3.665709,-22.475996,0.625286,8116.559701,0.600149,0,0,0.3565,0.232313433,0.142073,1.157172,10.073049,1,0.003838,1.15873,0,0
3.378462,73.750444,21.540459,0.281798045,1.325511,2.279424956,9.77106,2.394115,0.174466,7.371541,181,2,7,13,4,0,1,45,0,4.842712,0.039368,96.144509,44,-1250,9,324.721519,300.189873,375.189873,3.405184423,30.11985,3.123386429,22.7232,7.067073,3674.887866,0.025561,33.016907,26.045496,3.028938,-9.4447,1.135185,5135.464475,0.327718,0,0.219862142,0.419064327,0.058366914,0,1.582327,240.515081,1,0.049067,1.256785,0,31
0.618679021,-95.685171,39.557599,-3.787065766,0.022662,-0.37194813,0.68939,1.29185,0.599206,30.420663,314,1,5,43,9,0,5,74,0,3.686354,0.038065,95.188672,13,-1413,0,219,492.272727,288.545455,-0.495937011,0.609,3.291133229,26.8733,1.967391,2573.386364,0.031928,7.930422,12.247378,3.133916,-7.450094,0.548492,6223.663043,0.386,0,0,1,0,0.005366,0,0.735452,1,0.004801,0.404705,0,0
0.746053,-99.305783,31.753783,-2.609939401,0.073539,0.697069478,2.00786,2.088673,0.229224,27.303424,517,3,5,53,9,0,5,75,0,2.725617,0.015141,107.028338,16,-1650,12,288.230769,386.923077,323.923077,0.894392302,2.445849,3.504334728,33.25931,1.868657,2059.290123,0.030001,1.188011,18.762871,2.219755,-8.107732,1.567369,3353.716418,0.320743,0,0.684328358,0,0.012149254,0.004255,7.277535,32.779401,1,0.012111,0.09729,0,0
0.51,27.133693,-24.919408,0.411123072,1.508511,2.217933003,9.188319,2.110362,0.224536,6.090986,990,3,11,98,5,0,3,12,0,1.723908,0.008268,89.798153,10,-1410,1,571.645833,160.5625,267.78125,7.16433438,1292.501,6.753211288,856.8058,2.539929,2048.832484,0.021706,19.794459,19.809602,2.154415,-8.571381,0.799413,2854.442478,0.27223,0.004693891,0.088650344,0.32734375,0.014216412,0,2.291418,34.102123,1,0.008805,0.050255,0,0
0.162,-123.173254,39.215548,1.959996328,7.099301,3.329243953,27.917227,2.955695,0.114467,3.932391,226,3,1,42,13,0,5,77,0,13.6273,0.160735,84.557292,94,-1236.184675,12.657262,400.627586,398.303448,200.965517,5.583858649,266.0964,3.623862419,37.48206,14.688622,1529.528026,0.026197,1.102226,13.491273,3.365836,-27.766642,0.499394,6435.449532,0.495577,0,0.173400025,0.09254902,0.078006994,1.588235,0.800543,7.833665,1,0.018445,1.341827,0,32
0.761842,-0.853121,9.585102,-0.674926196,0.509194,1.83843136,6.286669,2.485272,0.161902,12.34631,140,8,9,57,4,0,3,14,0,2.534438,0.00402,90.236025,14,-1457.221298,8.727121,486.477612,294.895522,218.567164,3.425126125,30.72652,4.100052077,60.34343,1.225406,4677.278819,0.022355,3.913137,27.998787,2.975335,-9.802192,1.025394,5194.948746,0.277862,0,0.827233398,0.473684211,0.036806283,0,2.907022,145.699307,1,0.001208,0.347917,0,0
0.729348,-95.875557,34.832494,0.791133322,2.205895,2.786432639,16.223043,3.081307,0.105325,7.354405,219,3,11,8,9,0,5,74,0,3.376823,0.003081,115.242174,21,-1052,0,359.18543,462.417219,178.423841,3.825457856,45.85379,3.034324424,20.78693,1.337996,3097.676296,0.029141,1.732037,16.825649,3.328863,-9.079839,0.873122,6909.562711,0.422591,0,0.037935752,0.152380952,0.229812481,0.012225,8.516844,0.443141,3,0.003171,0.714111,0,28
0.259796,-1.090138,38.10571,0.233220607,1.26266,2.58972827,13.32615,3.345465,0.089348,10.554027,82,6,7,12,6,0,2,21,0,5.666365,0.037862,104.041744,45,-1272.177215,8.938819,171.152542,487.59322,340.957627,4.781160073,119.2426,4.547939405,94.43761,4.475484,340.750802,0.028859,2.1304,17.068512,1.015259,-6.364308,0.371569,1843.966878,0.197129,0.11604798,0.617600498,0,0.000353301,0.008664,21.245614,184.221577,5,0.129984,0.062667,0,0
0.296565,102.289605,26.699033,0.051572955,1.052926,2.244664518,9.437249,2.594428,0.148565,8.96288,1936,5,3,1,16,0,1,43,0,11.57207,0.008138,95.131898,79,-1520,19,221.301205,444.746988,333.481928,2.023239905,7.562788,1.971667004,7.18264,14.06998,3549.518879,0.024929,2.711455,14.394475,6.423899,-5.439407,0.590566,7164.298174,0.507,0,0.122738337,0.298686131,0.004533469,0.536641,0.350556,129.595117,1,0.019074,1.491487,0,0
1.217241379,22.00593,-32.613131,0.782780825,2.187547,2.255627753,9.541281,1.819797,0.301963,4.361634,611,3,9,109,7,0,3,12,0,2.717891,0.030517,109,20,-1650,12,658.78022,179.879121,161.032967,7.629641508,2058.312,6.846860671,940.9224,5.862022,414.458743,0.015306,2.247234,16.995311,0.952797,-7.546046,0.59363,926.27798,0.103735,0.554079906,0.00039237,0.173220339,0.000530341,0.170213,0,0.163561,2,0.002882,0.063878,0,37
0.481519369,-97.044527,34.661057,-1.715593188,0.179857,0.989256767,2.689235,1.788795,0.312521,14.952099,312,3,9,8,9,0,5,74,0,4.459377,0.029505,109.132075,23,-1520,19,407,401,192,2.285430287,9.829915,4.00102515,54.65415,1.471264,2898.2542,0.030943,0.0456,16.903011,2.950984,-9.273024,1.000403,5857.150144,0.37946,0,0,0.7064,0.050215517,0,0.494714,4.415947,1,0.004207,0.446895,0,0
0.170426,87.282647,24.168436,4.149680873,63.41376,4.856649851,128.592675,4.555327,0.04819,2.027836,121,8,15,66,15,0,1,45,0,3.833999,0.066254,84.399914,82,-1410,1,408.009401,374.532315,217.549941,7.541410914,1884.487,3.391730041,29.71732,2.350514,5296.365367,0.027894,43.970308,24.752078,4.394467,-7.742285,0.188575,6861.176189,0.356271,7.94E-05,0.931029126,0.100767049,0.001325534,0,1.232859,425.660334,1,0.168411,0.759192,46.889753,33
0.257143,-121.210358,38.520144,-1.849530541,0.157311,1.170294917,3.222943,2.292281,0.190311,20.487681,47,3,5,56,12,0,5,77,0,3.612775,0.085753,106.536617,18,-1142.870229,8.061069,418.837838,416.108108,165.054054,2.100092339,8.166924,3.949620864,51.91568,0.902138,960.801508,0.030806,0.236932,15.754996,2.302641,-7.22047,0.811419,2777.200658,0.276,0,0,0.571666667,0,0.748977,10.161342,9.39204,1,0.002413,0.144358,0,0
0.240857734,-97.398607,34.021809,-2.934712436,0.053146,0.319605795,1.376585,1.684473,0.352429,25.902083,244,3,5,56,9,0,5,74,0,5.41857,0.084389,101.666667,18,-1052,0,352.111111,362.111111,286,2.405318561,11.08196,5.340035919,208.5202,1.599872,2650.764059,0.03369,1.691593,17.74038,2.905334,-10.042362,1.06851,4962.53693,0.405837,0,0,0.815,0.166236352,0,0.000592,0.832177,1,0.010938,0.340081,0,37
0.022985,113.871954,28.449162,0.063167269,1.065205,2.70786305,14.997193,4.0991,0.059515,14.079165,168,3,1,4,9,0,1,43,0,20.772881,0.078196,89.612966,128,-1520,19,301.443609,410.428571,288.270677,3.992318666,54.18037,3.929151472,50.8638,25.768631,5849.485735,0.025043,0.752284,16.507124,6.893712,-4.919269,0.455943,13758.93063,0.61292,0,0.060452709,0.106449275,0.223226076,0.054033,0.007074,102.813624,1,0.003946,2.778821,0,31
0.026667,-1.940204,54.180611,-1.43705727,0.237626,0.846246737,2.330882,1.348866,0.54962,9.809057,357,3,1,34,10,1,2,23,0,7.056355,0.022452,68.744027,29,-1190.180467,10.354565,406,380.545455,213.212121,2.712878526,15.0726,4.149937882,63.43006,11.86807,1165.772178,0.025343,0.58237,7.257952,3.532565,-3.297055,1.523003,22812.47018,0.522712,0,0,0,0,0,0.301717,2.577803,1,0.013374,0.041286,0,0
0.678036,76.591896,11.436176,1.247960598,3.483232,3.993985942,54.270779,8.202947,0.014861,15.580581,2076,8,5,3,16,0,1,45,0,12.581093,0.215418,112.010204,84,-1410,1,358.255459,344.997817,296.740175,3.867465501,47.82103,2.619504557,13.72892,10.046639,7526.997575,0.021164,0.320947,15.92984,7.74908,-17.34482,0.197222,9910.513024,0.622487,0,0.037316086,0.258112745,0.304171067,2.928994,1.247375,225.215453,2,0.023982,5.204295,0,25
0.069297501,-100.309784,35.603319,-1.153805811,0.315434,1.397525802,4.045179,2.031789,0.242238,12.824176,786,1,9,56,9,0,5,74,0,4.128975,0.040679,108.871982,25,-1052,0,394.909091,345,260.090909,4.188539878,65.92646,5.342346214,209.0025,1.497882,1313.430289,0.031873,0.632615,14.87496,1.853106,-7.95412,1.620513,2798.409043,0.23239,0.002358491,0.149051249,0.523958333,0.001660313,0,1.043759,0.638436,2,0.003577,0.04384,0,0
0.977308,71.437875,22.465828,2.202315043,9.045931,3.642630652,38.192175,3.582142,0.077932,4.222028,119,2,15,98,5,0,1,45,0,1.440827,0.001158,103.991196,20,-1377.282177,13.714155,418.988506,274.804598,306.204023,5.208907297,182.8941,3.006592092,20.21838,0.873074,2965.436731,0.027607,5.142609,27.035087,1.750381,-9.550132,2.034592,2082.307659,0.233114,0,0.733515296,0.081761613,0.000958125,0,2.8643,180.369261,3,0.002166,0.227222,0,45
1.362273,12.31697,46.411516,-2.953477706,0.052158,0.405065695,1.499401,1.852042,0.29154,28.747071,715,6,1,24,20,0,2,21,0,16.151579,0.009113,71.388334,79,-1180,6,434.526316,394.263158,171,4.091796819,59.84733,7.045266865,1147.415,37.746438,1447.595821,0.025678,0.286096,4.465596,6.073654,-6.416946,0.280747,12191.32924,0.35914,0.061655702,0.011673922,0.291,0.018807875,0.717873,6.394721,32.716113,2,0.039765,2.464885,0,27
0.011662,113.745225,26.679363,3.047786581,21.068659,5.273230768,195.045091,11.987032,0.006959,9.257594,165,3,3,4,9,0,1,43,0,20.219916,0.049772,88.671537,193,-1520,19,287.280785,400.175491,312.5116,6.63580547,761.8925,3.588018799,36.16236,17.790588,5484.097134,0.025318,1.143423,16.219396,6.288572,-5.083686,0.315752,14793.42008,0.601237,0,0.044063458,0.453974729,0.17015945,0.260308,0.025241,54.066348,1,0.004121,2.500808,111.2094,42
0.503485,125.349801,42.672016,0.313114411,1.367678,2.599212833,13.453144,3.245091,0.094961,9.836484,358,13,7,44,26,0,1,42,0,3.732901,0.044065,101.745332,28,-1395.103448,1.744828,297.588889,461.677778,240.155556,3.637775615,38.0072,3.32466113,27.78958,3.266523,1500.559024,0.038685,12.596965,4.883784,2.880824,-4.006507,1.503734,6710.248256,0.279385,0,0.949186317,0.161441441,0.014211226,0,0.532108,129.518464,1,0.002701,0.446007,0,0
0.709375,27.689487,-27.246896,2.538935844,12.666185,3.832227091,46.165238,3.659209,0.074684,3.644763,1401,3,13,98,15,0,3,12,0,2.210653,0.014607,74.033149,26,-1572.418717,14.216608,567.509615,140.227564,292.11859,7.43345316,1691.639,4.894517122,133.5555,2.314758,1556.672041,0.023147,11.774113,15.922745,2.421506,-7.836715,0.704184,3457.566429,0.252686,0.000230461,0.127250631,0.098057727,0.053820836,0,0.49243,16.617019,3,0.001135,0.088369,0,43
1.864667,82.359108,41.739276,3.800378654,44.718114,4.575951734,97.120428,4.096981,0.059576,2.171836,1142,1,15,44,8,0,1,48,1,9.36241,0.021452,104.809937,233,-1412.279345,18.024882,341.798429,433.969895,224.098168,9.725094469,16732.27,5.924715852,374.1721,23.066458,220.185117,0.032758,10.302574,1.991119,1.43762,-3.136456,0.999671,3701.347456,0.083523,0.477487797,0.153472263,0.140560815,0.001680371,0,0.291803,13.860528,2,0.014568,0.874408,1138.096792,31
0.670588,-95.799493,37.250279,3.161386872,23.603308,4.859503706,128.960184,7.487973,0.017835,5.463649,242,6,9,43,9,0,5,74,0,4.019869,0.034858,98.778761,55,-1406.186884,1.326447,242.737542,483.815615,273.513289,6.936847953,1029.52,3.775460968,43.61761,1.735069,2560.983031,0.0322,1.201607,14.282363,3.290722,-7.536262,0.732927,6120.721966,0.370952,0.000495137,0.178466831,0.320872717,0.049999536,0,0.610573,3.027275,4,0.000786,0.587774,0,38
0.1096,106.277268,30.619958,0.991979853,2.696568,3.853485599,47.157148,8.100968,0.015238,17.487841,379,3,9,6,15,0,1,43,0,8.129047,0.044301,89.095154,64,-1520,19,242.63142,433.072508,324.450151,4.686309523,108.4522,3.694329824,40.21861,7.651297,3772.546893,0.033216,8.320876,17.035601,4.567968,-4.121204,0.829404,10978.82844,0.473591,0,0.910541442,0,8.58E-05,0.77897,0.004142,259.86494,2,0.011583,1.275239,0,31
0.145375458,-86.559216,38.482943,-0.588594391,0.555107,2.131379247,8.426481,3.190458,0.098241,15.179929,176,3,5,4,9,0,5,74,0,14.202919,0.25682,108.429336,64,-1413,0,141.681159,607.652174,250.666667,2.866087034,17.56814,3.454681907,31.64822,3.516067,2868.446995,0.026078,2.83036,12.925046,3.885698,-20.341428,0.467235,9437.012624,0.526327,0,0.007498087,0.125058824,0.817138485,0.106865,2.891928,10.089022,1,0.006221,1.239964,0,0
2.842718,-93.842645,33.961658,-1.600289884,0.201838,0.982554763,2.671272,1.677304,0.355448,13.234742,121,5,9,5,9,0,5,74,0,3.394347,0.019051,107.958333,22,-1300,22,405.125,420.15625,175.6875,3.044157133,20.99233,4.644447628,104.0059,1.748728,4140.077975,0.030594,0.089614,17.194293,4.206453,-23.177719,0.383893,9360.374025,0.511385,0,0.016215666,0.134166667,0.02529332,0,9.931563,34.725097,2,0.006182,1.448913,0,29
0.326120716,-87.303172,39.279099,-2.054748929,0.128125,1.29311244,3.644111,2.871903,0.121244,28.44185,169,3,9,60,9,0,5,74,0,4.070859,0.010892,108.837114,19,-1413,0,176.488372,550.372093,273.139535,2.245993895,9.449803,4.300742824,73.75456,0.917018,2425.485,0.03171,2.548667,12.296919,3.636543,-6.344866,0.560882,8783.843882,0.346,0,0.802798875,0.022857143,0.160246132,0.002306,5.88691,10.837558,1,0.001042,1.209977,0,0
0.208221321,-96.420117,37.367369,-1.519853183,0.218744,1.540487326,4.666864,2.81483,0.126211,21.334822,352,6,9,42,9,0,5,74,0,2.869411,-0.0325,109.755819,22,-1413,0,194.930233,498.906977,306.395349,2.999633653,20.07818,4.5194868,91.78848,2.717975,2358.701085,0.034482,0.734332,14.014517,3.290443,-7.353821,0.779672,5644.975535,0.358276,0,0,0.483548387,0.007787971,0.079808,0.028458,1.110974,1,0.003921,0.572068,0,0
0.604651,-5.901248,33.993646,2.875954663,17.742354,4.063475872,58.176173,3.89614,0.065877,3.278943,115,1,5,52,12,0,3,15,0,11.389295,0.09685,116.531941,129,-1390.106122,14.033469,327.506211,334.78882,337.593168,7.593955888,1986.155,4.718001426,111.9443,7.912819,693.581762,0.030384,20.158028,16.233683,1.918504,-14.778738,0.325503,2803.130159,0.236501,0.048047708,0.806274622,0.076548957,0.013418434,0,1.078378,97.92139,2,0.005505,0.315646,0,45
0.054375,19.935021,51.436263,2.843259128,17.171639,3.785213246,44.045062,2.998378,0.111231,2.564989,159,1,5,74,10,0,2,24,0,4.347477,0.065768,109.093753,33,-1205.055906,10.117566,647.984227,242.763407,109.113565,6.662267827,782.3231,3.819008628,45.55902,0.979239,523.440477,0.02381,0.266423,8.254166,2.32612,-3.751667,0.975176,6540.134147,0.386259,0.000130868,0.59608432,0.036372487,0.003366154,0.407937,11.249367,163.856095,5,0.005489,0.450539,0,38
0.249971,114.408236,37.276478,0.711569935,2.037187,2.631489048,13.894444,2.746128,0.132605,6.820407,127,8,9,44,6,0,1,43,0,4.291229,0.009606,92.786229,31,-1411.381436,0.539521,383.377953,381.992126,234.362205,4.472614089,87.58538,3.761044057,42.99329,7.657101,1600.813114,0.028487,2.41484,12.572048,2.118044,-5.288654,0.318547,3744.612571,0.231943,0,0.902908056,0,0.02165172,0,1.409135,157.849684,2,0.008446,0.143857,0,0
0.26041,-76.572465,39.45679,2.117421822,8.309686,4.387446719,80.434784,7.871303,0.01614,9.679642,72,4,5,4,9,0,5,73,0,10.657256,0.140812,98.42623,89,-1283.191088,9.161382,285.741554,465.699324,248.738176,6.363569336,580.314,4.246147488,69.83585,3.717178,2326.307273,0.025498,1.895963,12.050179,3.742313,-18.633747,0.690225,8658.299819,0.503835,0.005041207,0.258040907,0.09901992,0.431786729,0.520548,26.364889,169.831974,2,0.002824,1.388787,0,35
0.104783,127.848004,38.120042,3.080211832,21.763012,4.661155867,105.758254,6.395137,0.024451,4.859541,176,9,1,44,26,0,1,42,0,20.305493,0.363888,76.028646,139,-1410,1,375.805195,369.101299,255.101299,6.74981901,853.9042,3.669607181,39.23649,19.018248,4377.621467,0.02899,7.542173,8.277576,4.092947,-8.553964,0.639816,12651.50882,0.443704,0.00042654,0.109425855,0.111126717,0.524398195,0,5.234101,31.595765,2,0.003354,1.646085,17.524885,33
0.887017,120.573182,23.279394,2.971736822,19.525803,4.620891929,101.584598,6.485127,0.023777,5.202582,210,3,3,44,15,0,1,43,0,19.943668,0.026978,71.687165,379,-1520,19,267.888262,434.080135,298.092551,6.180296739,483.1353,3.208559999,24.74343,28.267996,9454.077103,0.024592,1.083362,18.274155,10.046165,-4.809524,0.100525,19631.39986,0.686568,0,0.054492756,0.314947707,0.7738483,0.002905,2.571844,23.660444,2,0.121265,8.23778,69.997963,30
0.172413793,130.628147,32.352269,-0.977450966,0.376269,2.06894502,7.916467,3.640634,0.075448,21.039357,51,1,1,4,9,0,1,41,0,25.108088,0.057117,100.402058,131,-1520,19,328.752941,338.964706,332.423529,7.322261394,1513.623,8.299711084,4022.71,19.638593,9203.580107,0.034998,8.088651,13.640236,7.254172,-13.992831,0.303644,25983.76444,0.632484,0,0.134729479,0.266666667,0.102218824,3.87879,3.669618,82.931688,3,0.002266,6.185243,3.422494,32
1.74895245,-97.995098,37.071174,-3.562282046,0.028374,0.162995166,1.177031,1.971164,0.257368,41.482747,395,1,13,53,9,0,5,74,0,2.924313,0.024006,89.986169,12,-1413,0,553,306,141,3.016556438,20.42085,6.578839183,719.7034,1,2379.349025,0.036646,0.97369,14.898698,2.61487,-7.922051,0.941037,4248.251678,0.361966,0,0.966912752,0,0.001489933,2.078333,0.086556,0.291073,1,0.001794,0.17028,0,0
0.258788,-1.165895,10.889123,2.824911864,16.859459,4.100503374,60.370669,4.147623,0.05813,3.580819,178,8,11,57,4,0,3,14,0,3.244262,0.042111,106.661976,25,-1413,0,495.808901,259.879581,244.246073,6.493176215,660.6183,3.668264162,39.18383,1.466966,3890.405022,0.019309,2.662901,27.944505,2.645493,-11.069902,0.447978,4130.757152,0.292426,0,0.496012326,0.261672474,0.064183658,0.000531,0.061351,65.153239,2,0.00728,0.282002,0,45
0.501667,25.769923,45.577894,-0.669942504,0.511738,1.355079714,3.87707,1.528885,0.427809,7.576276,728,3,1,7,19,0,2,22,0,3.484377,-0.110297,107.34556,21,-1180,6,409.363636,315.272727,275.363636,5.193853671,180.1615,5.863795651,352.0579,19.962159,1021.493546,0.027286,0.190221,5.176112,3.544251,-6.651927,0.371589,7703.892823,0.492935,0,0.010923483,0.068690476,0.595823453,0,0.525781,94.142656,1,0.008253,0.932873,0,44
0.364857,75.02058,18.203305,5.389975043,219.197915,5.987931586,398.589309,7.594558,0.017338,1.818399,493,2,15,98,5,0,1,45,0,3.139663,0.040139,70.067591,73,-1250,9,311.629276,249.571599,438.830947,7.739295204,2296.853,2.349319813,10.47844,1.408423,2635.263917,0.026591,4.938563,26.269838,2.18271,-9.052555,1.574786,2407.548317,0.317696,0.000338996,0.875509465,0.072480454,0.00012408,0,5.760828,222.197955,6,0.050957,0.108241,808.45044,38
1.111905,-99.668919,19.45391,1.940230766,6.960357,4.008406318,55.059054,5.88719,0.028853,7.910378,2569,1,9,95,16,0,5,77,0,3.443574,0.038341,107.74407,31,-1377.316629,10.253075,432.60241,297.551807,270.026506,7.46298776,1742.346,5.522756878,250.3242,6.672626,2717.806624,0.026948,36.361949,11.769626,4.654787,-13.18187,0.103963,5882.457738,0.379307,0.000413437,0.517014674,0.064504084,0.006502035,0.191293,30.252739,1094.281023,4,0.010285,0.725645,0,37
0.098215895,-86.437656,37.599462,2.897856952,18.135239,5.724424002,306.256811,20.287063,0.00243,16.887387,151,6,5,4,9,0,5,74,0,11.418467,0.176632,109.275,70,-1374.560744,7.483749,127.023197,640.883593,231.975116,6.968928456,1063.083,4.0710715,58.61974,2.994767,2937.206213,0.02597,10.221817,13.718373,4.095991,-21.969397,0.484149,9393.851001,0.49041,0,0.173982484,0.304966089,0.287349361,0.281022,4.865053,19.474169,2,0.003179,1.145317,0,29
0.310769,70.49611,21.255125,1.096389153,2.993338,2.877899693,17.776897,2.898499,0.119029,5.93882,136,2,9,44,3,0,1,45,0,2.721668,0.001858,102.713987,34,-1250,9,407.666667,363.350282,228.903955,3.850204409,47.00267,2.753815477,15.70243,2.847097,3234.212882,0.023494,8.032359,25.707695,2.669786,-9.742254,1.54019,3972.929848,0.326522,0,0.188550996,0.50462766,0.103960497,0,2.342126,185.741904,1,0.003844,0.326368,0,22
0.033128,112.170677,27.707881,3.757294242,42.832375,5.777620899,322.98985,13.921879,0.005159,7.540788,86,3,7,99,9,0,1,43,0,7.737999,0.010964,76.279098,96,-1263.420173,10.636266,253.672825,438.040524,308.339094,7.629354825,2057.722,3.872060641,48.04128,9.664144,4664.13293,0.0301,7.720014,16.759703,5.581422,-4.826824,0.798896,12055.36776,0.455158,0,0.694239842,0.127694351,0.136617364,0.034625,4.12308,579.272845,5,0.034492,2.493056,2490.223752,30
0.060293,111.760952,26.985631,0.334790108,1.397647,3.054362107,21.207653,5.060447,0.03905,15.173821,202,5,1,1,9,0,1,43,0,20.688793,0.199123,103.924596,118,-1520,19,302.840909,403.627273,293.772727,4.471985362,87.53033,4.137194579,62.62688,12.728306,4848.506732,0.03173,0.147743,17.038383,5.541322,-5.608976,0.706167,12347.41117,0.49768,0,0.668600017,0.141578947,0.198387661,0.003977,0.007257,282.193819,2,0.019522,2.284483,0,30
0.558333,-87.752298,39.243438,-2.909371108,0.05451,0.719639636,2.053693,2.481367,0.162412,37.675278,172,3,13,102,9,0,5,74,0,2.055308,-0.032649,107.632716,10,-1413,0,209,516,276,0.812801353,2.254214,3.722166008,41.35387,0.415929,2311.226586,0.039794,11.120179,12.459231,3.5485,-6.538712,0.545196,8595.40413,0.340864,0,0.997581121,0,0.002418879,0.131537,0.338763,3.868324,1,0.002208,1.082866,0,0
0.174863388,-122.37943,38.560187,-3.066949045,0.046563,0.224996234,1.252318,1.637155,0.373096,26.895216,275,3,1,42,13,0,5,77,0,8.193588,0.028949,126.04,53,-1410,1,310.352941,460,229.705882,0.777211636,2.175398,3.844163777,46.7196,16.515432,1295.430818,0.026035,46.04874,14.89267,2.115661,-30.673998,0.839581,5348.947531,0.529,0,0.316388889,0.083333333,0.036820988,14.658537,0.749225,1.282681,1,0.012011,0.719041,0,0
0.058,-102.691275,45.141491,-2.291961721,0.101068,0.873559833,2.395423,2.125547,0.221339,23.701121,770,3,11,53,18,0,5,74,0,2.150621,0.018293,110.633936,11,-1455.014749,10.097345,294.827586,423.172414,282.137931,1.616224233,5.034047,3.908186857,49.80856,1.199759,676.501229,0.034296,0.322355,7.722272,1.621127,-5.48888,0.620103,2773.894103,0.193,0,0,1,0,0.205545,0,0.13338,2,0.008519,0.043507,0,0
0.568113,113.593892,41.309986,0.448493946,1.565952,2.090389642,8.088066,1.823268,0.300815,5.164951,1415,3,11,53,6,0,1,43,1,2.529334,0.042994,108.837518,21,-1410,1,512.140625,284.953125,203.1875,5.460005851,235.0988,5.011511577,150.1315,5.542241,413.232388,0.02917,0.279052,3.246374,1.542634,-4.852222,1.826052,2470.168855,0.167541,0,0.221915957,0.185785124,0,1.223427,0.062426,44.65381,1,0.001813,0.069637,0,0
0.118518519,27.253371,-25.793632,0.825782484,2.283667,2.085439394,8.048127,1.502358,0.44305,3.524212,1205,3,3,56,5,0,3,12,0,6.883311,0.07484,91.286442,87,-1650,12,608.508197,179.311475,212.180328,6.19408044,489.8408,5.368298083,214.4975,6.671903,1935.811257,0.017866,19.06389,17.152648,2.225557,-8.114828,0.572522,3387.093269,0.343743,0,0.059895597,0.14443686,0.077770471,0,2.225893,9.165634,1,0.005957,0.107015,0,0
0.040287,109.555888,26.300643,1.997082643,7.367531,4.592687419,98.759482,10.263911,0.009492,13.404691,354,3,5,34,9,0,1,43,0,19.282554,0.134103,80.72243,148,-1534.145954,15.967768,252.893074,472.81774,274.584447,5.87114605,354.6552,3.874063369,48.13759,11.33141,4622.304125,0.027221,0.350718,16.169929,6.590671,-4.274596,0.480074,12195.99651,0.557682,0,0.241327115,0.27400209,0.425405206,0.733339,0.010843,77.520836,2,0.078842,1.789549,0,24
0.146341463,26.77106,-32.570518,0.703214336,2.020236,2.91875441,18.518207,3.675302,0.074031,9.166361,751,3,5,56,10,0,3,12,0,9.151247,0.079468,102.105263,117,-1650,12,439.282258,275.008065,285.870968,5.57807903,264.5629,4.874864443,130.9564,14.412506,1623.003022,0.017606,0.445897,15.001843,2.875245,-9.967781,0.279781,3798.268047,0.458431,0,0.073560467,0.167179487,0.209068578,0,0.171926,15.998483,1,0.009097,0.140709,0,0
0.776060409,-77.313713,41.734926,-3.930441591,0.019635,-0.150543859,0.86024,1.731791,0.333433,43.810784,429,3,5,7,19,1,5,73,0,8.891397,0.09099,89.177778,27,-1413,0,293,532,175,2.027370445,7.594091,5.957794262,386.7561,7.146835,1053.391378,0.026215,0.009676,7.55191,3.60799,-16.537844,0.922036,8837.375527,0.437058,0,0.281392405,0,0.458227848,3.732558,10.833162,31.622235,1,0.012469,0.993589,0,0
0.010333333,-66.219024,-17.271912,-3.36482688,0.034568,0.031353308,1.03185,1.565574,0.407993,29.849716,4108,5,1,44,16,0,6,62,0,5.075537,-0.036955,105.01,24,-1520,19,414,274,312,-0.85247591,0.426358,2.512345083,12.33382,5.634615,2266.291667,0.015775,0.398071,10.162012,5.381024,-4.730977,0.775462,5839.692308,0.282,0,0,1,0,0,3.938319,154.483278,1,0.199607,1.764152,0,0
0.446153846,24.548751,-31.290766,0.287766569,1.333446,2.270823388,9.687374,2.366538,0.178555,7.264919,1398,3,15,109,6,0,3,12,0,3.984848,0.011535,102.81297,47,-1396.865959,19.232401,597.443038,221.177215,181.493671,3.903399933,49.5707,3.615633264,37.17488,1.822137,515.074103,0.016724,0.710365,14.829479,1.223263,-7.964376,0.668295,1733.598106,0.151474,0.043920923,0.004495413,0.143867403,0.000155371,0,0,0.233136,2,0.002863,0.011971,0,0
0.046182,12.644225,47.15273,0.401086871,1.493447,1.935879005,6.930133,1.599712,0.390766,4.640361,2007,8,1,44,31,0,2,22,0,18.162353,0.146219,76,166,-1410,1,392.152542,376.576271,231.220339,3.120721725,22.66273,2.719634839,15.17478,38.591753,1236.18655,0.028777,5.820946,-1.346097,5.214218,-3.108331,0.212017,24625.06005,0.31525,0.441375358,0.008505155,0.06281746,0,0,0.361263,17.191028,1,0.376435,3.58998,0,0
0.445106,104.709827,31.240417,0.5054685,1.657762,2.278013776,9.757281,2.137779,0.218814,5.885817,483,3,9,6,15,0,1,43,0,13.011656,0.057043,108.785851,91,-1478.657588,17.419261,282.275,452.4,265.3375,0.952230299,2.591483,0.44676187,1.563242,4.223796,3840.761538,0.029714,38.395576,16.679379,3.923774,-4.275442,0.814361,9934.790368,0.449,0,0.517620397,0.416045455,0.08776204,0,1.279331,658.251314,1,0.002775,0.504539,0,0
0.237742,-79.27826,37.677487,-0.853520179,0.425913,1.926514842,6.865541,2.967628,0.113548,16.119596,313,8,3,4,9,0,5,73,0,16.606329,0.233122,101.616162,81,-1052,0,338.539474,415.065789,246.789474,4.476241215,87.90364,5.329762253,206.3889,14.642543,2080.39147,0.025472,0.092096,11.944787,3.581065,-20.229654,0.655463,9603.610721,0.568981,0,0,0.172537313,0.978827528,0.163265,0.101414,2.137191,1,0.01166,1.388847,0,33
0.413961,105.625807,31.557494,4.097977738,60.218387,6.303911667,546.706266,19.873967,0.002532,9.078726,427,3,1,4,15,0,1,43,0,13.088804,0.009087,74.795471,207,-1520,19,242.89566,472.735728,284.355356,7.153033638,1277.977,3.055055814,21.22237,14.543114,3576.547869,0.028299,8.028089,15.71165,4.388912,-4.950281,1.056358,9672.260994,0.494672,0,0.619396298,0.25024,0.008198898,0.226776,0.039909,137.905297,4,0.202384,0.983217,0,43
0.304951837,-99.673829,35.468015,-2.072434151,0.125879,0.99060494,2.692863,2.141077,0.21814,21.392434,654,1,5,53,9,0,5,74,0,4.027796,0.002044,97.774194,25,-1052,0,458.176471,220.852941,320.970588,3.21661006,24.94342,5.289042488,198.1536,1.288957,1621.861651,0.031141,1.470511,15.370229,2.0707,-7.836506,1.404435,3247.950953,0.272853,0,0.149456278,0.746842105,0.002567265,0,0.570388,1.299911,1,0.00636,0.048758,0,0
0.509545,73.768357,19.251529,2.881740953,17.845314,4.572349171,96.771175,6.462179,0.023946,5.422778,702,2,7,8,4,0,1,45,0,8.513397,0.05636,110.831373,89,-1250,9,252.453405,315.802867,431.523297,4.681962694,107.9818,1.80022206,6.050991,13.780288,5949.029423,0.024606,3.678047,23.170767,5.614556,-8.878658,0.974107,7929.037157,0.347892,0,0.516371416,0.109377818,0.040930041,0,2.891072,302.874547,1,0.008479,3.025741,0,23
0.121477062,-99.227151,31.651071,-1.552802413,0.211654,0.887622909,2.429348,1.489608,0.450667,11.477942,445,3,9,53,9,0,5,75,0,2.669233,0.01078,99.583333,10,-1365.639344,21.104918,262.714286,401.5,335.285714,3.676531278,39.50911,5.229335388,186.6687,1.098928,1896.937488,0.031442,0.791311,18.818223,2.213173,-8.08646,1.566926,3325.102071,0.296846,0,0.396311021,0.443225806,0.027882766,0,0.012026,0.799108,2,0.002378,0.065649,0,0
0.020647,112.173063,28.306216,0.596577908,1.815894,2.517187391,12.393689,2.594481,0.148559,6.825117,153,6,3,4,9,0,1,43,0,17.290395,0.079606,84.657827,133,-1520,19,307.226562,399.898437,292.953125,3.469874203,32.1327,2.873296242,17.69525,19.035765,5437.507654,0.027308,2.046731,16.469483,6.337477,-4.512457,0.771162,12296.33671,0.525115,0,0.270781176,0.212259414,0.458312941,0.016114,0.021593,389.389809,1,0.010075,2.499388,0,28
0.284118,73.751246,20.308777,2.866109063,17.568527,4.73331256,113.671483,7.650308,0.017086,6.470177,647,2,9,42,4,0,1,45,0,5.093035,0.053048,90.547217,59,-1250,9,220.662632,321.503782,457.801815,5.31717494,203.8073,2.451065441,11.6007,2.751373,4606.374502,0.02584,6.4069,23.457665,3.79223,-9.249547,1.13395,6666.724906,0.305878,0,0.78825874,0.12351166,0.011231286,0.000126,3.406937,241.558565,4,0.016258,1.595814,0,28
0.078689,-99.169612,39.653537,3.077018162,21.693619,4.126168257,61.940129,3.751467,0.071055,2.855223,528,1,9,53,9,0,5,74,0,2.832017,0.012117,109.711111,31,-1305.446668,18.041489,247.774272,474.502427,277.584951,8.140615495,3431.029,5.063597062,158.1584,1.420058,1310.1133,0.030957,2.494148,11.92196,2.079458,-7.466948,0.512687,3244.691894,0.240428,8.58E-05,0.510835668,0.199129505,0.000228984,0,0.379057,0.805871,3,0.006849,0.046398,0,0
0.72,-89.291512,43.929291,-0.44252855,0.64241,1.411776906,4.10324,1.444162,0.479477,6.387264,248,5,13,84,19,1,5,72,0,3.116746,0.020777,79.92891,11,-1495,0,528.444444,268.888889,203.111111,2.262374162,9.605868,2.704903255,14.95287,0.649936,1123.205654,0.028927,0.029494,7.760289,2.920896,-6.106062,0.67045,7795.584942,0.395,0,0.167097812,0.125288462,0.159111969,0.029317,4.252372,7.628315,1,0.000866,0.621987,0,0
1.624286,74.348669,34.219175,1.637413326,5.141852,4.790695921,120.385118,14.976423,0.004458,23.412793,1556,5,15,8,9,0,1,45,0,7.676304,0.022695,113.681643,245,-1233.360335,3.700853,247.658348,476.174699,276.166954,8.745627363,6283.154,7.108213861,1221.963,20.859433,1039.964169,0.02917,20.042947,6.916279,5.35844,-3.982419,0.534385,6803.371315,0.319573,0.004857218,0.355278933,0.344641089,0.029632588,0.075802,1.361485,439.265815,4,0.082333,0.967807,2982.833344,38
0.025,30.067988,-25.973617,1.958382897,7.087856,3.655939673,38.703873,4.101022,0.059459,5.46059,1530,5,5,56,16,0,3,12,0,3.981055,0.03507,102.331974,55,-1482.818182,16.044156,502.966038,178.981132,317.811321,6.626065881,754.508,4.667682907,106.4508,3,1695.318567,0.021484,9.396084,14.505141,2.560515,-6.937641,0.675845,4423.4,0.316,0,0,0,0,0,0.956404,17.998719,3,0.014967,0.191251,0,50
0.273118,-105.73541,33.45603,-1.837694513,0.159184,1.151141486,3.1618,2.235529,0.200097,19.862593,2250,3,1,53,10,0,5,75,0,17.034931,0.072159,106.735294,91,-1410,1,321.722222,427.944444,250.944444,4.457207504,86.24633,6.294903943,541.8038,20.47695,609.807174,0.026367,0.155444,9.233948,1.380405,-29.987146,1.096942,3256.81236,0.368104,0,0.006846914,0.468148148,0.00150677,1.533333,0.281953,1.01455,1,0.013319,0.046608,0,0
0.742997773,-92.533982,41.596054,-4.122435442,0.016205,-0.344784488,0.708373,1.569772,0.405814,43.714066,270,6,9,43,18,0,5,74,0,4.070416,0.015643,102,15,-1413,0,105,494,401,0.744827925,2.106079,4.86728288,129.9673,1.47561,2203.431193,0.03656,10.935707,9.626208,3.224497,-5.408346,0.470644,7556.521341,0.307,0,0.829268293,1,0,0,23.269295,36.278565,1,0.016757,0.759328,0,0
0.49931,73.533312,21.779916,3.084961227,21.866619,4.522498412,92.065328,5.553929,0.032419,4.210314,105,2,7,13,4,0,1,45,0,9.500937,0.093272,105.782164,109,-1250,9,321.075,313.658333,365.34,7.236754663,1389.577,4.151793323,63.54786,4.781107,3518.653535,0.026816,32.993485,25.976209,3.332611,-10.289327,1.053032,5415.986243,0.335681,0,0.382355333,0.105551138,0.038652249,0.038662,1.189738,194.966046,1,0.003089,1.269873,774.939262,29
0.84697,107.509093,41.337329,0.218053016,1.243653,2.321043386,10.186297,2.576688,0.150618,8.190626,1195,1,15,44,8,0,1,43,0,11.180991,0.083367,98.614943,153,-1472.9,11.292727,450.426667,403.306667,146.546667,6.62982563,757.3501,6.411772618,608.9722,5.28344,176.374222,0.039373,0.856683,5.697814,0.678354,-4.623565,1.413803,1057.861573,0.054963,0.083829707,0.000558663,0.376578947,0,0,0,2.099429,1,0.004566,0.031363,0,0
1.147,-122.366207,39.792299,2.629228542,13.863071,4.135792617,62.539141,4.738242,0.044542,4.511204,144,1,5,56,12,0,5,77,0,6.503265,0.127966,114.218774,64,-1132.390756,7.15022,364.782222,404.891111,230.362222,7.024540484,1123.878,4.395311992,81.06992,17.090841,1001.164476,0.02538,2.062353,13.986027,2.576644,-21.231927,0.295197,5909.549229,0.398212,0.003374682,0.033308529,0.083124406,0.055995427,0,0.027259,0.628919,3,0.008128,0.67076,331.438873,44
0.108294701,-89.66739,33.844238,5.066610895,158.635782,6.288779773,538.495841,12.06082,0.006875,3.394542,62,3,15,1,9,0,5,74,0,4.412641,0.027944,101.048387,56,-1413,0,153.136241,511.851927,334.983435,8.035649956,3089.146,2.969039161,19.4732,1.46013,4280.185343,0.026623,0.768651,17.241443,4.133974,-22.240429,0.227479,9569.617222,0.534224,0.000409994,0.245346393,0.249554976,0.129761691,0,1.987851,8.951599,5,0.005005,1.393458,12.226442,37
0.188203236,-97.421278,47.099164,-0.770890367,0.462601,1.971074985,7.178389,2.977274,0.112814,15.51745,345,1,9,17,19,1,5,71,0,3.598394,0.070075,116.710526,21,-1513.050314,0,523.6375,249.0625,227.3,3.196670297,24.45098,3.967560451,52.85543,1.014344,825.494489,0.026638,1.64299,5.245341,2.160414,-5.391887,0.612342,4419.859192,0.287264,0,0.964209897,0.085555556,0,0,0.316784,0.287891,1,0.001054,0.110663,0,0
0.115833,76.290722,11.957791,3.935456875,51.18553,4.891394732,133.139138,5.249612,0.036287,2.601109,693,8,15,56,4,0,1,45,0,4.368383,0.088915,96.722618,40,-1410,1,418.820896,274.991963,306.159587,7.6227026,2044.079,3.68724562,39.9347,6.507344,5794.130384,0.022866,0.240257,22.178887,7.073213,-19.4457,0.498065,15794.55575,0.611482,0,0.117793079,0.093647943,0.475571766,1.666985,2.561496,321.494864,2,0.000386,5.58626,141.99759,36
0.02963,-78.658305,39.774429,-0.053742607,0.947676,2.663729106,14.349701,4.158226,0.057834,15.141995,311,3,3,7,9,0,5,73,0,14.248912,0.310393,95.190476,73,-1549.312929,17.421611,272.911765,507.161765,220.132353,4.720028059,112.1714,4.773770536,118.3647,12.616352,1329.595546,0.027147,0.196958,9.919535,3.479088,-17.918617,1.021645,8546.658849,0.499189,0,0.068886146,0.105314685,0.775064363,0,3.267027,10.030979,1,0.013007,1.190158,0,38
0.815897,-98.032198,32.826056,0.491973025,1.63554,2.518729326,12.412814,2.738008,0.133392,7.58943,262,5,9,56,9,0,5,75,0,7.86916,0.084275,107.867925,44,-1267.909868,25.209013,492.481481,266.617284,240.82716,5.0970625,163.5408,4.605089483,99.99193,1.651816,2478.383224,0.032944,1.025332,18.532599,2.678207,-9.878935,1.267919,4224.679931,0.369826,0,0.029634232,0.123086957,0.016408867,1.2,3.73998,8.579777,1,0.053737,0.210628,0,0
2.051282,94.793717,36.122301,0.837249256,2.310004,3.307567386,27.318589,5.070455,0.038896,11.826209,3121,1,7,44,8,0,1,48,1,10.591928,0.154791,108.284444,101,-1193.09183,0.211243,582.367041,288.569288,129.202247,5.784144208,325.1037,4.946895032,140.7373,18.316276,74.067554,0.024532,10.127433,-0.750611,0.973597,-3.003087,0.312702,816.042291,0.016643,0.21957109,0,0.205654762,0,0.520362,0.132086,4.747401,2,0.012801,0.252636,109.744856,29
0.411522667,-38.767028,-4.436306,0.33941647,1.404128,2.667811647,14.408404,3.430106,0.084993,10.261459,80,8,13,44,4,0,6,63,0,3.37152,0.007189,99.5,21,-1184.739274,0.405941,727.48855,138.862595,133.648855,4.770097164,117.9307,4.430680718,83.98857,2.775915,3502.454552,0.025617,0.165974,26.079106,2.861518,-9.264802,2.480264,5602.034408,0.486939,0,0.139898374,0.25569697,0.234400407,0,2.069521,26.549875,2,0.003788,0.827311,0,64
0.634782609,15.812321,49.87923,-3.367491849,0.034476,0.232728667,1.262039,1.917384,0.272008,36.606246,309,8,2,60,10,0,2,23,0,12.509918,0.149311,94.833333,46,-1410,1,253.133333,548.6,198.266667,2.836339042,17.05322,6.203829214,494.6395,5.228896,583.091057,0.026358,0.977429,7.437694,2.686125,-4.350056,0.786838,6405.432468,0.468468,0,0.399655844,0,0.006642857,0,7.603543,72.03401,2,0.013609,0.3593,0,0
2.074341,79.419267,36.753144,2.44790011,11.564038,4.891039687,133.091876,11.040579,0.008204,11.509118,1932,6,1,44,8,0,1,48,1,28.28696,0.145639,94.20104,488,-1180,6,430.845081,380.469404,188.688613,9.900792424,19946.17,7.452891891,1724.844,33.418513,97.793607,0.026025,5.607252,-8.914151,1.288938,-2.200526,0.802507,721.759291,0.075561,0.379564905,0.003171501,0.494739336,0.000136643,0,0.002032,1.172993,1,0.00616,0.979725,0,50
2.492,27.626137,46.630547,0.513519193,1.671162,2.156381749,8.63982,1.885344,0.281332,5.169948,113,3,5,60,10,0,2,22,0,4.98967,0.02105,109.033333,32,-1413,0,268.938462,308.092308,422.969231,5.720011076,304.9083,5.206492058,182.4529,8.87805,651.506005,0.032545,2.239341,9.407987,2.122841,-5.066919,0.345208,5216.123805,0.391024,0,0.711435113,0.235921986,0.162713731,2.696429,2.572338,57.588747,1,0.002136,0.222731,0,0
0.299459,34.994226,40.582621,-0.718553198,0.487457,1.470377664,4.350878,1.757939,0.323588,8.925663,906,10,1,109,13,0,1,22,0,6.827135,-0.025169,87.934312,65,-1605.274102,14.408318,282.173913,411.347826,305.630435,3.064092545,21.41502,3.782645488,43.93211,10.585693,285.759394,0.030628,1.364114,9.951303,1.939141,-4.610518,0.411938,3853.683409,0.228874,0.008628763,0.221047184,0.365945946,0,0.273122,7.414617,119.841603,1,0.014173,0.212743,0,0
0.015211,113.329376,29.320682,0.441984741,1.555792,3.304893508,27.24564,6.161923,0.026337,17.512389,73,3,5,1,9,0,1,43,0,7.726543,0.062885,67.912341,56,-1520,19,312.825112,451.372197,235.941704,2.410383335,11.13823,1.968398662,7.159203,2.072581,4392.313518,0.027844,18.569813,17.157835,5.811619,-5.254773,0.860767,10823.19825,0.460729,0,0.617291667,0.244166667,0.262594086,0,1.498674,259.865808,1,0.016345,1.853254,0,0
1.482,-88.796879,32.503278,2.829391875,16.935159,4.120443714,61.586563,4.221691,0.056108,3.63661,106,1,5,1,9,0,5,73,0,6.384916,0.11114,103.844444,51,-1300,22,297.575758,421.19697,281.381818,5.683308642,293.9203,2.853916949,17.35563,1.61821,4305.099529,0.025598,1.243483,17.9822,3.85693,-24.50402,0.180431,9689.851207,0.548771,0,0.007014301,0.124824185,0.240607232,0,5.256498,16.607412,4,0.005046,1.151888,0,25
0.657949,76.652282,11.430096,0.659810125,1.934425,3.30939743,27.368629,5.551012,0.032453,14.148199,2151,8,5,3,16,0,1,45,0,11.056763,0.180356,72.274331,67,-1410,1,367.033473,327.841004,304.853556,3.516205608,33.65648,2.856395491,17.3987,7.153038,7304.900111,0.020824,0.262553,16.323118,6.334568,-19.082855,0.179308,8585.900475,0.582746,0,0.108837209,0.236043478,0.157396849,0,12.630711,225.196011,1,0.049074,1.959063,0,28
0.030222,10.609545,45.714828,-0.882793095,0.413626,1.667745499,5.300205,2.32479,0.185026,12.813995,482,11,3,8,10,0,2,21,0,20.175986,0.069388,84.5,133,-1180,6,363.685714,417.314286,219,4.573428713,96.8757,5.456221138,234.2107,34.183005,1433.76483,0.025738,1.22555,10.229235,4.207717,-5.6695,0.203904,6283.605974,0.537245,0,0.037229884,0.176029412,0.58056095,0,0.847711,8.591999,1,0.030014,3.47135,0,37
0.543667,-88.959384,37.676246,-0.13342397,0.875094,2.263725962,9.618862,2.900624,0.118855,10.991809,136,3,9,60,9,0,5,74,0,5.424905,0.07336,106.62963,29,-1413,0,45.300971,762.262136,192.339806,2.57928761,13.18774,2.712711985,15.07009,1.18299,2802.079751,0.028143,1.292439,14.052247,3.74789,-23.935871,0.459839,8807.776804,0.464496,0,0.009850515,0.406165414,0.407381443,0.019608,14.952273,26.376013,1,0.028778,0.988238,0,0
0.358889,-86.839845,38.398387,-0.488866826,0.613321,2.42642274,11.318321,4.076929,0.060164,18.454153,152,3,5,4,9,0,5,74,0,10.00578,0.146685,115.725201,46,-1413,0,130.896,571.528,296.936,2.305987299,10.03408,2.794854001,16.36024,2.586184,2957.332087,0.026234,1.646599,13.253152,3.952455,-13.978157,0.450455,9123.42723,0.466523,0,0.182535211,0.185333333,0.489590879,0.110865,6.45017,22.525194,1,0.001002,1.15471,0,0
0.209676069,-89.618935,39.277946,-1.562773816,0.209554,1.456585057,4.29128,2.644444,0.142998,20.478202,184,3,13,43,9,0,5,74,0,5.418746,0.061218,109.256117,25,-1413,0,64.595745,709.446809,225.957447,4.454477288,86.01118,6.017253144,410.4496,0.193012,2294.488531,0.037983,7.839884,12.411924,3.356987,-6.711614,0.543711,7605.91389,0.323863,0,0.945386102,0.205357143,0.028831259,0.399759,13.317508,17.052665,1,0.002816,0.789607,0,36
0.121729,117.032043,28.563509,0.123557443,1.131515,2.925172944,18.637449,4.942552,0.040935,16.471228,60,12,7,1,9,0,1,43,0,8.579736,0.075627,72.892084,58,-1300,9,272.037433,440.818182,287.68984,2.025274649,7.578192,1.901716405,6.69738,3.981095,6362.714286,0.025401,8.699483,18.140627,7.380018,-5.921001,0.625593,13094.1403,0.496682,0,0.699920398,0.144705882,0.200049751,0,0.001984,198.823057,1,0.005862,2.468081,0,0
1.345135,75.65104,11.987379,1.509575145,4.524808,4.351939136,77.62885,10.294805,0.009435,17.156274,31,9,11,5,2,0,1,45,0,7.11125,0.0828,108.448878,78,-1410,1,463.922961,245.903323,290.26284,6.868296521,961.3096,5.358721258,212.4531,13.850096,6725.250707,0.025925,0.351392,22.9723,9.396155,-20.360477,0.333773,21183.66229,0.691207,0,0.072309104,0.295308411,0.60999039,0.032686,1.240794,495.500194,1,0.000265,8.99037,57.190409,43
0.079918,109.499292,26.53752,0.066264219,1.068509,2.702295743,14.913931,4.070035,0.060368,13.957704,432,6,3,4,9,0,1,43,0,14.006986,0.015356,96.941176,79,-1371.73516,13.33105,208.124088,461.131387,330.547445,4.083246034,59.33777,4.01698176,55.53324,17.484982,4979.930662,0.024433,0.298733,15.908052,6.412692,-4.465897,0.540729,12393.27408,0.598026,0,0.085862248,0.025912409,0.613522786,4.85976,0,54.529495,1,0.003685,2.120994,0,21
1.832,-98.642767,29.269859,-1.672186037,0.187836,0.854976873,2.35132,1.530442,0.426939,12.517918,173,3,11,56,9,0,5,75,0,1.976016,0.012503,116.949045,10,-1351,6,362.071429,301.678571,335.285714,2.282715289,9.803263,3.954899145,52.19043,0.774637,2266.709853,0.030339,1.549088,20.857119,2.478364,-8.876603,1.585882,3823.779985,0.377988,0,0.379877769,0.933703704,0.013124523,0,21.944053,79.406784,1,0.003533,0.120002,0,0
0.060790274,-88.286904,35.695087,0.91298688,2.491754,3.669950807,39.249975,7.014261,0.020325,15.751949,137,1,9,1,9,0,5,74,0,6.998218,0.065491,116.143385,34,-1412.889243,0.021563,169.348,594.336,236.744,3.004940745,20.18502,2.091953811,8.100727,1.94266,3634.603526,0.026294,0.114631,15.615135,4.233618,-23.400847,0.351743,9701.743351,0.571,0,0.003433506,0.073342776,0.727537133,0.017391,3.294982,4.062876,1,0.002487,1.267271,0,0
1.5,-91.583031,41.785224,2.770150628,15.961038,4.826059951,124.718594,8.806345,0.012895,7.81394,208,6,5,43,18,0,5,74,0,8.857489,0.150637,103.805556,51,-1413,0,87.979228,591.321958,320.5727,6.167767822,477.1199,3.39761698,29.89278,1.646675,2289.193027,0.032279,8.480668,9.504402,3.208164,-5.359495,0.500007,7620.148371,0.329354,0,0.545247777,0.181978331,0.124287381,0,13.852531,33.590818,4,0.041513,0.648931,22.605668,44
0.577812,77.308355,8.799594,-0.469794051,0.625131,1.707764991,5.516618,1.96826,0.258128,8.82474,128,8,7,44,4,0,1,45,0,6.173621,0.066656,110.924791,41,-1410,1,408.813953,290.232558,300.418605,3.812240018,45.25169,4.282034185,72.38754,28.028689,7156.406464,0.018689,5.477615,23.557821,4.705065,-13.720154,0.700484,12591.2357,0.712689,0,0.02768423,0.153150685,0.594288393,0,0.912576,343.889075,1,0.129796,2.019561,0,22
0.027142,112.781956,26.210798,0.076881408,1.079914,2.534810162,12.614036,3.424165,0.085289,11.680597,308,5,1,4,9,0,1,43,0,13.55773,0.124872,96.864802,90,-1457.502199,16.610378,325.625,349.4875,325.375,1.574847917,4.830007,1.497966541,4.472585,7.866029,5056.018519,0.034372,2.252048,18.01758,5.650109,-5.226105,0.557413,12438.3445,0.449,0,0.78569378,0.100214286,0.012663477,0,0.002546,284.984831,1,0.011341,2.365989,0,0
0.680702,-97.463514,35.797266,-0.235928684,0.789837,2.12862877,8.403336,2.667338,0.140554,10.639329,302,3,9,53,9,0,5,74,0,4.976943,-0.000186,108.362769,24,-1250,27,361.101266,398.556962,239.987342,3.352432117,28.57214,3.588360532,36.17472,1.767861,2561.914662,0.032092,1.046034,16.231172,2.677918,-9.176805,1.186313,5167.058035,0.363043,0,0.026983663,0.161,0.154876859,0.029433,20.447775,156.774502,2,0.009951,0.389989,0,0
0.313321378,-99.615422,35.508762,-1.758117751,0.172369,1.050339341,2.858621,1.942327,0.265067,16.584338,605,1,5,53,9,0,5,74,0,4.050443,0.000245,103.850746,17,-1343.108504,5.841642,504.285714,202.285714,293.428571,3.07045702,21.55175,4.828576903,125.0329,2.302853,1605.378308,0.030659,1.464965,15.345984,2.081973,-7.834924,1.414945,3242.023995,0.269577,0,0.183942931,0.37,0.012503243,0.080645,0.195332,1.60766,2,0.016746,0.059991,0,0
0.311455,14.591039,37.661157,1.719165479,5.57987,2.681930362,14.613275,1.745141,0.328351,2.618927,354,5,1,8,12,0,2,21,0,6.021041,-0.016003,65.885426,33,-1252.665639,15.688752,268.705263,396.242105,335.052632,6.352199164,573.7531,4.633033377,102.8255,13.970362,888.968082,0.027493,6.200498,13.8448,2.267787,-4.940244,0.577862,3890.539553,0.395424,0.000919601,0.722352579,0.110414129,0.059156176,0,6.731565,55.743205,3,0.030403,0.410661,0,44
0.338,27.202846,-28.299265,3.300222679,27.118677,4.825798304,124.685966,6.75427,0.02192,4.597789,1369,2,9,105,6,0,3,12,0,3.38419,-0.001947,73.224138,72,-1471.53068,16.120189,613.488038,135.917065,250.524721,7.095836053,1206.931,3.795613226,44.50552,2.628307,1189.106726,0.021823,6.120845,15.689127,2.41524,-7.96408,0.862815,3246.321052,0.244721,0.000188443,0.384815962,0.182482644,0.031680501,0.130841,0.618407,19.646834,4,0.020755,0.065546,0,35
2.600125,105.944277,37.77613,2.850934741,17.303949,4.602145556,99.697994,6.760968,0.021877,5.761575,1155,5,15,34,8,0,1,43,0,5.645841,0.037748,79.653465,146,-1258.290971,15.899854,422.632461,385.165445,192.196859,10.06690191,23550.49,7.21596692,1360.989,8.851411,403.168376,0.034956,2.163429,7.961798,1.386167,-4.490085,0.646983,2240.462541,0.108493,0.013047431,0.154759643,0.83781348,6.72E-08,0,1.019834,80.559184,6,0.117774,0.111153,2220.182964,30
0.976596,-80.213852,35.864076,-1.335369335,0.263061,1.61987842,5.052476,2.778886,0.129497,19.206453,208,8,13,4,9,0,5,73,0,7.151199,0.057718,99.893617,33,-1410,1,390.333333,348.894737,260.77193,2.953541635,19.17374,4.288909473,72.88694,1.754081,2922.226436,0.024236,1.751049,14.905855,3.608353,-19.194405,0.351371,8151.843671,0.502613,0,0.060297425,0.397297297,0.250119695,2.266667,18.925566,74.590929,1,0.003303,0.822366,0,0
0.4,-5.10126,34.573771,4.625588036,102.062772,5.367462811,214.318411,5.984404,0.027923,2.099869,144,3,7,52,12,0,3,15,0,11.059684,0.034678,107.75,104,-1453.528805,7.361185,295.809852,346.748768,357.512315,8.518898137,5008.532,3.8933098,49.07304,17.235056,1112.795922,0.029723,18.382982,16.268787,2.639001,-14.305665,0.287564,4373.355829,0.288703,0.011868775,0.508219158,0.138471982,0.070266871,0,1.075185,127.701729,2,0.124629,0.919209,0,39
0.710833,-2.597954,10.191794,-0.582905398,0.558274,1.845302448,6.330014,2.38988,0.175085,11.338542,262,8,9,57,4,0,3,14,0,2.052993,0.013983,103.141176,11,-1410,1,490.592593,293.5,215.851852,4.970787825,144.1404,5.553693037,258.1893,1.563079,4346.232607,0.023236,7.306565,27.269644,3.070751,-10.265004,0.728413,4393.75894,0.32339,0,0.405844179,0.263913043,0.059518115,0,0.330329,34.700096,1,0.000937,0.361206,38.448565,27
0.4,9.478593,46.942288,-1.214861876,0.296751,1.442937184,4.233111,2.192093,0.208105,14.264873,859,1,1,24,10,0,2,23,0,26.08065,-0.009221,108.913363,195,-1305.028736,14.633621,380.58,387.7,231.9,4.229495601,68.68258,5.444358683,231.4488,48.449825,1464.130207,0.02782,0.70954,1.664648,5.804313,-4.509543,0.288743,21161.31267,0.351494,0.129716981,0.068332052,0.198235294,0.006260142,0,2.636212,20.777852,1,0.043315,4.176695,0,28
0.511656,119.924596,36.904048,0.376163993,1.456686,2.384794651,10.856833,2.537554,0.155299,7.453106,98,1,7,37,15,0,1,43,0,3.68808,-0.000278,95.063027,22,-1410,1,427.094118,368.282353,204.788235,3.146183834,23.24718,2.7700198,15.95895,8.598051,2140.888748,0.029716,14.655287,12.041357,2.557014,-5.839887,0.226341,4823.727702,0.268075,0,0.785806261,0.131226415,0,0.484324,2.962361,624.896098,2,0.006026,0.226873,0,0
0.088571,-76.745227,39.640477,1.708704618,5.521804,4.384159159,80.170784,9.624335,0.010796,14.518948,156,8,5,4,9,0,5,73,0,11.405686,0.144601,93.454545,81,-1381.68867,6.40489,323.914858,456.585977,219.647746,5.329596533,206.3547,3.620891792,37.37088,3.823772,2091.758441,0.025811,1.761279,11.745953,3.62919,-15.650466,0.718851,8882.028891,0.471095,0,0.437486628,0.139575972,0.344144967,0.35,14.522992,82.24036,1,0.002103,1.401296,0,35
0.256904882,-83.250094,34.492842,-2.382321181,0.092336,0.626437771,1.870934,1.736872,0.331485,20.26223,225,8,5,4,9,0,5,73,0,7.071254,0.062885,106.002188,39,-1410,1,420,305,274,2.215145588,9.162743,4.597466589,99.2326,3.269498,3866.145752,0.024416,0.121882,15.868511,4.184594,-20.312349,0.415434,9915.155212,0.521249,0,0.000772201,0.353636364,0.568563707,0,12.450697,54.969858,1,0.001733,1.853538,0,0
0.926875,69.915281,22.34028,1.245574623,3.474931,2.833039741,16.997049,2.572145,0.15115,4.891334,21,2,9,8,5,0,1,45,0,2.288689,0.006775,80.272727,16,-1250,9,395.259494,340.158228,264.462025,4.338365457,76.58226,3.092790924,22.0385,0.689906,3085.16992,0.024726,5.315805,26.349173,1.729789,-9.360084,1.974317,2340.726631,0.17928,0,0.682895529,0.267808219,0,0,14.645626,130.427408,2,0.010315,0.178526,0,0
0.503214,7.172458,44.280563,-4.319615375,0.013305,-0.323147605,0.723867,1.770275,0.319094,54.404207,1182,8,1,24,10,0,2,21,0,26.191165,0.038973,97.053226,114,-1410,1,350,443,207,3.624500654,37.50599,7.944089601,2818.865,41.036411,1028.506562,0.028634,1.195706,2.921796,4.17621,-3.098614,0.44552,11713.65262,0.27925,0.220989011,0,0.52,0.025579793,0.206515,0.676946,0.073094,1,0.027449,2.711452,0,31
0.541148,74.57778,18.813659,2.03484603,7.651074,3.284510707,26.695919,2.722568,0.134909,3.489173,602,2,9,42,5,0,1,45,0,3.476753,0.02769,87.808,25,-1250,9,264.12973,289.751351,446.081081,5.543664191,255.6129,3.508818141,33.40876,2.420054,2511.635525,0.027565,8.885324,25.062071,2.392186,-8.407949,1.624058,2130.482345,0.243203,0.000607774,0.947875417,0.129052632,0,0.001302,4.914822,164.014157,3,0.014131,0.164515,0,0
0.074188,113.529099,29.357785,0.900293049,2.460324,3.382963925,29.457953,5.297872,0.035628,11.973201,85,9,7,1,9,0,1,43,0,8.661724,0.035008,82.258856,104,-1471.885125,11.126657,239.350877,484.171053,276.421053,3.677936043,39.56465,2.777642804,16.08107,11.065822,4621.90254,0.027126,15.420913,16.386928,6.173795,-5.0943,0.673083,11232.32779,0.473182,0,0.380786836,0.124773414,0.33027804,3.724638,0.07053,320.556263,2,0.050488,2.410643,0,37
0.428571429,176.817849,-38.133387,0.634817611,1.886678,2.439451456,11.466749,2.354976,0.180313,6.077746,74,12,1,84,10,0,4,57,0,31.563657,0.634188,104.333333,135,-1300,14.369924,422.840909,305.05303,271.962121,5.983217635,396.7148,5.348400028,210.2716,9.591081,2183.892917,0.022298,0.525589,11.757487,4.806332,-16.27369,0.432806,14712.58457,0.726913,0.061475038,0.000153007,0.112454874,0.698490675,0,0.030485,0.389582,3,0.225056,2.58165,8.542224,40
0.032653,121.625603,46.101521,0.260119439,1.297085,2.05161482,7.780455,1.927152,0.269258,5.998418,375,5,7,44,27,0,1,42,0,6.339398,0.043782,113.993521,55,-1520,19,362.756098,383.902439,253.341463,5.917719509,371.5634,5.657599958,286.4603,9.679874,812.94878,0.032479,4.987587,3.13602,1.858087,-10.715952,1.54479,3347.398823,0.262104,0.0065918,0.383583363,0.746543779,0.010988038,0.912209,0.08048,22.859784,1,0.019433,0.126868,0,43
0.328333,78.077698,21.317898,4.123384638,61.767951,4.789683722,120.263326,4.316648,0.053667,1.947018,335,2,15,98,3,0,1,45,0,4.061457,0.072645,75.166667,64,-1250,9,182.9648,370.4912,446.6128,8.041137043,3106.143,3.917752361,50.28729,2.605122,3525.840253,0.027427,5.960956,25.917811,3.831316,-10.527094,0.94801,4144.220965,0.347485,0,0.802544836,0.140784364,0.009344835,0,2.859442,185.601695,4,0.029827,0.560273,172.34945,31
0.294472185,-87.063162,36.947024,-2.900676672,0.054986,0.462928031,1.588719,1.911249,0.273757,28.893317,154,6,9,4,9,0,5,74,0,3.895465,-0.007994,96.280612,18,-1413,0,97.4,688.2,214.4,3.083734451,21.83981,5.984417022,397.1909,2.189818,2859.373031,0.026167,3.920531,14.330979,4.019077,-23.348288,0.468773,9567.365808,0.509625,0,0.298337524,0.925714286,0.142196732,0,4.129214,15.759481,1,0.004146,1.276606,0,0
0.062284,115.207814,39.287037,2.559333928,12.927204,4.4253667,83.543437,6.554734,0.023275,6.462607,153,6,7,44,6,0,1,43,0,15.205152,0.100809,118.283376,296,-1258.206477,7.478546,453.945338,369.615756,176.604502,5.926620379,374.8854,3.367286864,28.99974,15.425555,1305.967082,0.028788,67.037762,10.40653,2.522852,-5.179789,0.474871,3317.745457,0.287395,0,0.303899062,0.178958226,0.095916222,0.887293,0.357007,87.157264,2,0.011166,0.173064,0,39
0.146774,39.057765,38.848387,6.560455138,706.593219,7.479985047,1772.214275,18.807305,0.002827,2.508111,820,4,7,60,12,0,1,29,0,12.849881,-0.003321,80.079039,478,-1342.509456,12.051406,269.81789,418.170207,312.016847,8.94951702,7704.17,2.389061827,10.90326,13.460291,307.881677,0.031541,4.70763,11.139598,2.252723,-4.68011,0.506344,4193.972222,0.164389,0.082404543,0.55682417,0.082452843,0.005307871,0,2.374245,53.660069,4,0.26697,0.735517,6623.121877,41
0.429447853,-97.482714,39.663665,-3.400817454,0.033346,0.187518861,1.206253,1.863418,0.287991,36.173652,426,3,11,42,9,0,5,74,0,2.336028,-0.015966,74.6,14,-1413,0,158,561,280,0.770611336,2.161087,4.171423961,64.80767,1.587156,2131.161491,0.033168,11.497689,12.297644,2.765418,-8.436119,0.510326,4843.30581,0.30656,0,0,1,0,0,0,0.265807,1,0.003398,0.208158,0,0
0.170732,-0.964144,52.021528,-1.783577037,0.168036,0.993178807,2.699803,1.857918,0.289699,16.066852,104,5,5,10,10,0,2,23,0,2.532813,0.020726,83.709724,13,-1135,0,290.151515,379.787879,330.454545,0.945056987,2.57296,2.728636182,15.31199,1.517454,411.627451,0.02409,2.025517,9.533395,2.272064,-4.129552,1.256712,8124.765914,0.543,0,0.649650924,0.159333333,0.070061602,0.49238,16.032559,107.990437,1,0.019275,0.497404,0,0
0.415484,73.807287,21.347038,6.113213577,451.788241,6.924813389,1017.20443,13.500065,0.005487,2.251507,96,2,16,98,4,0,1,45,0,5.921904,0.083714,80.237054,118,-1195.709634,8.827481,296.352877,335.106154,368.576839,8.213699031,3691.171,2.100485433,8.170135,3.231356,3676.561365,0.027124,11.285757,26.2111,2.626272,-9.452902,1.427908,4188.672986,0.312192,0,0.679113552,0.203145939,0.019604082,0,3.728149,287.805344,6,0.078503,0.839055,7215.75311,34
0.57,-93.243508,42.77019,-0.997525191,0.368791,1.492684072,4.449021,2.06666,0.234133,12.063786,344,6,13,43,18,0,5,74,0,4.39592,0.072788,108.372549,18,-1413,0,230.28,470.96,298.56,4.427806917,83.74755,5.425331002,227.0865,0.634906,1959.447022,0.033011,4.753905,8.138868,3.097737,-5.197275,0.553702,7602.338978,0.291073,0,0.985710093,0.1325,0.000307067,5.466667,8.199792,8.851881,1,0.001585,0.690837,0,0
1.387692,112.480685,-8.182951,2.354992327,10.538048,3.75414482,42.69769,3.710388,0.072638,4.051765,275,6,9,48,2,0,1,51,0,5.520962,0.112148,112.594646,41,-1236.117103,8.405019,351,344.06129,304.893548,5.904907521,366.8333,3.549915044,34.81036,7.178563,8386.293657,0.025234,16.168606,23.234133,8.426302,-5.683993,0.706719,15958.83293,0.572522,0.006874678,0.260622943,0.083338723,0.449151101,0.038537,12.682082,1087.536148,1,0.277082,4.244653,62.799171,39
0.529278167,-92.488673,40.701942,-3.489995809,0.030501,0.254117274,1.289323,2.082561,0.230571,42.27108,267,6,13,43,18,0,5,74,0,2.999672,0.035375,113.930958,13,-1413,0,59.866667,534.133333,406.533333,0.887101233,2.428081,4.377086955,79.6058,0.622407,2314.591489,0.035581,15.957208,10.73136,3.117822,-6.03578,0.591884,7321.622407,0.348,0,1,0,0,0.861985,1.402486,2.69579,1,0.003114,0.704597,0,0
0.051552,112.561268,33.345627,4.301713804,73.826209,6.278892097,533.197605,17.505639,0.003263,7.222335,168,1,11,34,15,0,1,43,0,5.523123,0.045065,112.509648,69,-1308.687996,10.462123,333.509162,420.686191,245.757199,7.763198589,2352.417,3.461484692,31.86425,13.526688,2425.400404,0.029564,4.2088,13.731274,3.341028,-4.882097,0.296308,6287.472996,0.417704,0,0.406739312,0.169392233,0.355672281,6.468572,1.605067,184.74651,4,0.019529,0.471743,0,47
0.475936,-88.927655,40.644587,0.782708138,2.187388,3.268321964,26.267225,5.0101,0.039839,12.00849,219,6,13,43,18,1,5,74,0,4.380729,0.052207,116.846998,29,-1413,0,86.282486,570.734463,342.841808,5.146619094,171.8495,4.363911034,78.5638,0.372855,2121.555068,0.035414,6.892473,10.755567,3.278296,-6.149058,0.85476,7749.996431,0.28788,0,0.939370159,0.155946746,0.010541762,0,11.361773,27.348463,1,0.001226,0.774773,0,30
0.429231,0.348205,41.307565,2.622070801,13.764197,4.465654753,86.97796,6.613462,0.022863,6.319145,70,6,1,48,6,0,2,21,0,12.455259,0.103678,91.143012,132,-1189.464584,9.096785,289.313054,458.082383,252.598226,8.661801804,5777.936,6.039730765,419.78,5.129835,583.339376,0.032148,1.724545,13.80778,1.899755,-6.767869,0.875621,3090.483563,0.31083,0.017068643,0.798177178,0.2,0.00450137,0.114689,4.463176,24.483222,7,0.055695,0.165713,426.965844,37
0.088701,115.384993,24.492751,3.889071033,48.865471,5.983841692,396.96245,16.019297,0.003897,8.123578,150,9,7,44,9,0,1,43,0,18.26788,0.020281,87.514656,196,-1381.109184,11.986423,414.025829,318.390902,267.529684,6.773816375,874.6435,2.884745404,17.89901,9.637568,5516.763509,0.024056,7.931102,19.390381,5.385885,-8.978575,0.350383,12503.62155,0.548665,0,0.384455597,0.165344745,0.263978926,0,0.196828,149.174612,4,0.08002,2.670752,402.290867,41
0.412729,112.274958,42.181111,0.639504286,1.895541,2.465579579,11.770302,2.41166,0.171936,6.209469,1292,3,11,53,6,0,1,47,1,3.085154,0.009597,84.08352,18,-1135,0,462.5,355.833333,181.857143,2.946285694,19.03512,2.306781277,10.04205,3.095286,241.860527,0.031594,0.479634,4.292168,1.254703,-5.074338,2.936634,1647.815446,0.078563,0.086142322,0.157800067,0.251533333,0,0.21,0,1.912667,1,0.003123,0.030304,0,0
0.012302,114.063592,28.640719,1.475575722,4.373553,3.896395469,49.224697,6.639891,0.022682,11.255082,224,12,1,4,9,0,1,43,0,21.826032,0.121124,82.541726,166,-1508.1458,18.461173,357.198251,388.708455,254.093294,4.77655802,118.6951,3.300982125,27.13928,15.042992,5240.405635,0.02444,0.782735,16.063208,7.031458,-5.146378,0.377906,12909.92348,0.606509,0,0.037393154,0.260137221,0.296134502,0.115123,0.003676,20.680226,1,0.005325,2.60687,0,37
0.085034,104.497539,31.486639,0.111586096,1.11805,2.504912198,12.242484,3.266134,0.093742,10.949852,551,1,5,6,15,0,1,43,0,9.531014,0.151599,85.367525,62,-1519.634945,18.985179,317.506024,421.746988,260.566265,3.242456795,25.59653,3.1308705,22.8939,3.231913,3684.081392,0.032634,73.754861,15.554056,4.464794,-3.750307,0.466239,9568.798971,0.462411,0,0.951252502,0.102064516,0.000583357,0.600415,2.416217,178.689004,2,0.023569,0.944107,0,0
1.451765,-90.210568,39.968242,-3.113030427,0.044466,0.692600531,1.998907,2.674084,0.139846,44.953898,179,5,13,41,9,0,5,74,0,5.073956,0.073337,100.897959,20,-1413,0,31,722.5,246.875,0.75715947,2.132211,3.870196548,47.95181,0.330247,2165.72956,0.034389,9.006526,11.764474,3.186126,-6.934962,0.61329,7515.274691,0.341,0,0.914444444,0,0.074197531,0.646259,15.722141,23.075278,1,0.027668,0.745166,1.816885,0
0.925926,105.796355,35.547493,1.530228674,4.619233,3.100625885,22.211849,2.915378,0.117655,4.808558,1719,1,3,12,6,0,1,43,0,11.962615,0.106884,77.720497,87,-1354.291034,5.375172,238.729592,501.168367,260.091837,5.396125787,220.5503,3.865897179,47.74609,10.633709,598.17394,0.027811,1.497226,6.075444,2.34605,-4.019807,0.790626,4959.420668,0.21453,0,0.786581898,0.022515152,0,0.042022,1.584609,145.255331,3,0.072018,0.239391,0,34
0.689655,-123.268088,43.376872,-0.835026463,0.433863,2.224082216,9.244994,3.959363,0.06379,21.308548,208,2,3,4,13,0,5,78,0,17.999934,0.286083,82.589875,97,-1520,19,256.574074,390.407407,352.694444,2.454627838,11.6421,3.289653716,26.83357,15.359249,1581.069196,0.027306,42.076056,10.971872,4.139281,-12.132491,0.244517,10075.21716,0.565542,0,0.01741555,0.125074627,0.024589812,0,2.926264,5.002344,1,0.018442,1.37984,0,0
0.381058,-96.828821,31.826946,-3.591534981,0.027556,-0.086772133,0.916886,1.558135,0.411898,33.273977,175,1,9,99,9,0,5,75,0,2.542037,-0.012749,114.821053,13,-1300,22,297,362.666667,340,-0.513795028,0.598221,3.077751795,21.70954,1.890244,2852.475,0.029131,1.12274,19.278892,3.098892,-6.99463,1.284614,5090.646341,0.395,0,0,0.92,0.013414634,0.333333,5.220875,12.707328,3,0.016829,0.293956,0,0
1.013976,101.342616,4.350289,-1.675647162,0.187187,1.326081405,3.766256,2.455654,0.165831,20.120291,488,8,1,4,1,0,1,44,0,17.98647,0.278467,110.464778,105,-1410,1,375.717949,244.128205,379.974359,4.846071137,127.2395,6.521718316,679.7454,22.136859,11722.83907,0.018882,0.65019,21.094976,10.567508,-8.890252,0.081599,25260.53169,0.781864,0,0.008177231,0.163333333,0.910242901,0.137857,8.339626,65.741332,1,0.005981,6.038508,86.630796,34
0.415806,-89.858761,39.143546,-1.44247537,0.236342,1.893150668,6.640257,3.853093,0.067357,28.09596,189,3,14,102,9,0,5,74,0,5.851231,0.125105,97.467144,23,-1413,0,79.461538,691.169231,229.369231,2.567443936,13.03247,4.00991893,55.1424,0.389371,2291.756897,0.035514,7.844339,12.637241,3.366338,-7.090417,0.493733,7543.920797,0.349035,0,0.813168114,0.198648649,0.10702095,0.058418,17.187892,12.795566,1,0.002375,0.740885,0,0
1.523,-97.236114,31.566793,3.523276657,33.89531,4.894753265,133.587042,6.472761,0.023868,3.941166,139,5,9,99,9,0,5,75,0,4.162408,0.00925,96.127273,60,-1303.673552,15.958951,297.189349,342.336095,360.499408,8.096986762,3284.556,4.573710065,96.90296,1.832056,2535.850602,0.031041,1.362916,19.042469,2.784763,-8.375605,1.40746,4389.583752,0.372681,0.001223402,0.162130358,0.105043141,0.001753123,0,4.242906,23.502074,4,0.011088,0.276326,21.719916,46
0.081448,102.459455,26.660171,0.137248351,1.147113,2.670496471,14.44714,3.805167,0.069064,12.594343,1946,5,1,1,16,0,1,43,0,19.523256,0.076822,69.456546,137,-1520,19,222.530201,408.677852,368.919463,3.966154498,52.78117,3.828906144,46.01218,16.893589,3447.232997,0.024422,4.468607,15.371201,5.953722,-4.348834,0.532824,7425.286233,0.489814,0,0.342346271,0.642317881,0.028262829,0,0.103276,100.251697,1,0.037038,1.462641,0,33
0.034118,12.719154,47.187268,-0.190187613,0.826804,1.591262536,4.909944,1.523247,0.430982,5.938463,1612,8,1,44,31,0,2,22,0,19.354679,0.065123,80.090909,147,-1410,1,347.875,416.55,235.975,2.98610609,19.8084,3.176293949,23.9578,48.639953,1226.367353,0.031122,4.342794,-1.452658,5.318345,-3.564642,0.275115,24015.76989,0.378692,0.346151316,0.008959929,0.040510949,0.008847967,0,1.068412,29.105301,1,0.143425,3.2191,0,20
0.620244,85.746291,23.944927,2.87643143,17.750815,3.743634507,42.251274,2.828953,0.124954,2.380244,422,8,9,66,15,0,1,45,0,4.944626,0.101514,98.167957,36,-1463.270288,9.716956,318.855,352.875,328.29,6.885256264,977.7522,4.008824436,55.08208,2.001572,4452.593292,0.024954,5.535976,23.104934,4.088066,-8.578953,0.690522,6611.470628,0.387321,0,0.73795987,0.09083149,0.045486185,0,3.345274,517.242927,3,0.138794,0.722797,0,29
1.947368,4.57042,35.838638,0.807531112,2.242365,2.803859832,16.508243,3.109874,0.103399,7.361978,599,3,3,44,6,0,3,15,1,9.771727,0.087973,111.51312,109,-1180,6,439.015038,337.353383,223.691729,7.274657644,1443.257,6.467126513,643.6316,7.1748,323.053044,0.027327,2.223164,14.168227,1.319636,-13.022339,0.165615,2256.882057,0.148489,0.174446229,0.694987601,0.101034483,0.006271133,0.053973,8.292223,274.899729,2,0.006464,0.131413,0,0
0.051612903,21.806441,-30.408521,1.461509898,4.312466,2.604836269,13.52901,1.8378,0.296076,3.137187,961,1,15,109,7,0,3,12,0,1.370681,0.02606,100.007042,10,-1365.727273,19.011515,659.327869,164.942623,175.860656,7.276799112,1446.351,5.815289263,335.3884,1.644626,417.097788,0.016408,1.322704,18.500547,0.748642,-8.656748,0.24612,806.724034,0.088608,0.488134515,0.001126457,0.142940171,2.45E-06,0,0.00015,0.085583,1,0.000795,0.051032,0,0
0.266667,22.148583,45.758117,1.254141161,3.504827,2.614862042,13.665331,2.059121,0.23585,3.899003,189,8,5,8,10,0,2,22,0,7.647162,0.131309,102.394495,61,-1468.990326,10.652963,311.5625,324.335938,364.101562,4.84004466,126.475,3.585903593,36.08595,10.379549,1012.771615,0.028684,0.574821,9.799127,2.956579,-5.195447,0.372926,7229.806861,0.536206,0,0.158542456,0.100651801,0.584025777,0,0.654431,13.959895,1,0.00267,0.338593,0,0
0.034783,109.567709,19.336095,4.835544826,125.907162,6.625328891,753.95214,18.954557,0.002783,5.988159,177,9,7,44,4,0,1,43,0,12.497289,-0.029217,106.936782,132,-1450.730825,16.734838,480.170544,282.326602,237.516242,6.761869947,864.2568,1.926324744,6.864236,10.916972,7326.563724,0.02452,5.20421,22.45853,5.536637,-5.654961,0.825351,10302.18073,0.635401,0,0.091709234,0.146243567,0.564644187,0.503356,0.981245,85.485327,3,0.014469,1.861398,401.699316,29
0.181613,115.745555,41.506308,0.732276543,2.07981,2.287228888,9.847611,1.926256,0.269508,4.73486,1454,1,7,44,27,0,1,43,0,2.205793,0.013359,80.844585,18,-1142.923507,0,492.16092,292.390805,215.505747,5.745322291,312.7244,5.01304572,150.362,7.775624,539.70767,0.032652,2.118766,1.637864,2.01646,-7.786575,1.387366,3630.973161,0.236451,0,0.092306995,0.388159509,0,0.032348,0.100425,31.590638,1,0.002107,0.138978,0,0
0.650781,-97.819251,34.519428,0.481338521,1.618239,2.353295698,10.520184,2.332905,0.183741,6.501008,330,3,9,8,9,0,5,74,0,4.987405,0.002369,108.140011,26,-1525.294828,14.531034,333.858824,388,278.141176,2.165885602,8.722323,1.684547055,5.390009,1.737226,2675.759647,0.031556,0.921988,17.160625,2.781759,-9.077114,1.051991,4701.60665,0.359209,0,0.00162206,0.199391304,0.11405515,0.154303,3.106645,7.39525,2,0.005582,0.320835,0,0
0.272456,114.483076,39.805858,2.191294809,8.94679,3.25074175,25.809477,2.434113,0.168779,2.884775,914,1,12,37,6,0,1,43,0,3.039703,0.011834,84.388363,24,-1211.147038,12.083512,459.694444,353.618056,186.756944,6.466758999,643.3951,4.275464147,71.91351,11.274439,655.105714,0.027696,7.771922,5.022216,1.858228,-4.353004,0.64759,3396.259468,0.203581,0,0.328819582,0.317625,0.014133721,0,3.745673,132.631768,2,0.003589,0.132534,0,40
0.657353,28.38141,38.67543,3.579852447,35.868248,4.516439197,91.509171,4.310271,0.053826,2.551258,232,8,7,8,12,0,1,21,0,8.610682,0.131892,80.023833,71,-1394.791562,16.906707,307.07554,391.453237,301.241007,8.020209984,3041.816,4.440357451,84.80525,10.714389,482.373125,0.028817,4.837686,13.352358,1.7305,-6.517164,0.539206,4342.370677,0.27832,0.017743977,0.687798281,0.073634831,5.60E-05,0.144121,1.217162,37.366726,3,0.005513,0.563727,51.029967,39
0.414167,77.739588,9.331873,0.802267469,2.230593,2.525620078,12.498643,2.360738,0.179434,5.603282,86,8,15,98,3,0,1,45,0,2.189907,0.013698,110.261164,13,-1410,1,396.753968,262.349206,341.02381,7.201343874,1341.232,6.399076349,601.2894,5.488541,4207.83006,0.027182,8.513595,26.580045,3.133946,-10.119085,0.632924,4664.91053,0.386396,0,0.839073456,0.015252918,0.04719131,0.025968,6.395461,474.341978,4,0.028401,0.798068,0,35
0.244071146,-118.753078,34.480735,1.456606029,4.29137,3.390949383,29.69413,4.043595,0.06116,6.919498,321,3,3,82,13,0,5,77,0,17.146128,0.247745,85.118014,125,-1427.272727,20.264463,246.076923,446.942308,307.275641,5.803870616,331.5805,4.347264627,77.26682,17.769231,684.32669,0.021854,2.022903,15.538631,1.273667,-16.063763,0.341299,2109,0.301,0,0,0,0,0.001716,3.105592,0.95761,3,0.012912,0.040493,0,47
0.241935484,31.064762,-24.529036,0.042233478,1.043138,2.354730479,10.535289,2.909851,0.118102,10.099616,546,9,5,56,5,0,3,12,0,3.340347,0.041591,99.780864,28,-1410,1,579.244898,137.632653,283.632653,5.099243063,163.8978,5.057009845,157.12,10.827506,3094.634475,0.020164,0.296397,18.370522,2.475763,-19.237201,0.474082,5296.053878,0.432545,0.000454786,0.109052496,0.088307692,0.29420827,0,5.794503,140.325169,1,0.053555,0.285308,0,0
0.639398,1.596394,36.024325,1.761122067,5.818963,3.608059697,36.894397,4.314522,0.05372,6.340374,348,1,1,12,12,0,3,15,0,14.438177,0.106665,108.976174,86,-1520,19,312.3861,364.173745,323.637066,5.884582319,359.4526,4.123460224,61.77262,18.392217,779.075225,0.026563,4.345971,15.108117,1.966864,-24.627479,0.423704,2862.560531,0.267205,0.035728741,0.032664552,0.194600715,0.044978627,0,1.549865,88.089341,1,0.01701,0.671548,0,38
0.165185,-1.106353,42.605708,2.744873491,15.562645,3.600098649,36.601845,2.617317,0.145978,2.351904,485,3,3,12,10,0,2,21,0,7.583718,0.099749,78.641097,93,-1206.674126,12.892707,294.386503,420.883436,285.042945,7.610442805,2019.172,4.865569444,129.7448,19.622611,1190.856357,0.025291,2.48439,9.321424,3.685269,-11.044977,0.679901,7236.495393,0.472769,0.031510909,0.161621555,0.084820993,0.034627531,0,1.706381,6.537522,3,0.076579,2.076176,0,30
0.546818,69.819706,22.025811,1.320808992,3.746451,3.354712543,28.637371,4.173671,0.057407,7.643867,75,2,11,98,5,0,1,45,0,2.222035,0.004411,107.916667,30,-1250,9,464.626415,320.188679,215.116981,4.851418358,127.9217,3.530609426,34.14477,1.487184,3102.750641,0.027002,4.010734,26.184612,1.897251,-9.625825,1.634456,2803.360769,0.225123,0,0.828235038,0.206724512,0.000179171,0,3.363279,110.59272,1,0.002758,0.297363,0,33
0.157209,-94.84397,38.590221,-0.262037718,0.769482,2.025641292,7.580971,2.437927,0.168251,9.852044,274,5,9,43,9,0,5,74,0,4.468785,0.053418,104.979855,31,-1396.803333,3.153333,54.384615,576.75,368.615385,2.645488747,14.09033,2.907526547,18.31145,1.597143,2675.163496,0.035645,1.75978,13.15632,3.256644,-7.593617,0.611404,6881.177619,0.41679,0,0.065138095,0.185789474,0.0061,3.376098,9.596193,29.134386,1,0.006137,0.613333,0,0
0.025025,111.269858,27.520018,0.628037296,1.873929,3.14728925,23.272892,4.795886,0.043477,12.419302,590,6,5,4,9,0,1,43,0,13.885588,0.104669,84.344457,104,-1483.67024,13.05513,294.769231,386.946154,318.223077,3.326315058,27.83558,2.698277941,14.85413,13.760394,5308.514016,0.025275,52.721828,15.631235,5.092257,-4.472372,0.590164,14043.71116,0.485088,0,0.663892232,0.158211382,0.077891138,0.084679,4.70E-05,219.985684,1,0.015723,2.549064,335.08627,29
0.03697,104.43658,22.977503,0.427473145,1.533378,2.452357803,11.615702,2.646159,0.142813,7.575238,1462,5,5,4,15,0,1,43,0,9.81244,0.09054,93.138472,109,-1180,6,311.192308,387.24359,301.423077,2.476997118,11.90546,2.04952394,7.764204,6.185923,5330.57732,0.024254,25.952226,16.644367,6.400888,-4.861492,0.70452,14290.52191,0.539131,0,0.50687251,0.200157068,0.046733068,0.433135,2.976826,398.526127,1,0.008335,2.695161,0,0
1,-8.111478,30.705874,1.575591945,4.833602,3.328653893,27.900759,3.579939,0.078028,5.77225,751,8,9,46,6,0,3,15,0,13.673526,0.116928,105.925297,153,-1410,1,455.977186,293.73384,250.190114,8.061903815,3171.322,6.486311845,656.0991,11.676896,199.1765,0.027904,3.923023,15.207851,0.84505,-8.798545,0.684899,1739.050481,0.11934,0.78254818,0.042826116,0.176063348,0.002493494,0.164076,0.13973,22.578236,1,0.008678,0.139919,0,30
1.907029,103.345223,36.104529,1.784434876,5.956213,4.067774363,58.426781,6.753392,0.021926,9.809385,1579,3,1,107,6,0,1,43,0,7.198976,0.028439,85.740226,157,-1138.706464,3.520134,326.648649,504.425676,168.932432,9.642195513,15401.12,7.857760825,2585.724,16.225435,382.516822,0.02796,1.839596,3.101933,2.152722,-3.807864,0.386013,4078.105455,0.19369,8.61E-05,0.340300156,0.239906651,0.000487496,0.433811,2.574138,214.042544,6,0.040098,0.274975,980.14207,33
0.12234,79.447061,12.947834,2.00662875,7.438199,3.058547858,21.296609,2.202782,0.20609,2.86314,132,9,15,56,4,0,1,45,0,1.629277,-0.006599,94.06837,14,-1410,1,380,305.604061,314.385787,4.43580896,84.42039,2.429179858,11.34957,1.921499,4380.830217,0.026595,8.622851,27.492085,2.825447,-10.100549,0.381491,4688.022103,0.383013,0,0.969111904,0,0.002743582,0,8.619847,782.230499,2,0.000852,0.341139,0,0
0.568554396,-86.663237,38.062533,-1.824278529,0.161334,1.117586795,3.057467,2.147306,0.216876,18.951171,148,3,5,4,9,0,5,74,0,11.277204,0.097664,99.890411,49,-1413,0,155.805556,550.666667,293.666667,2.218602434,9.194472,4.042881604,56.99033,2.9875,3010.386109,0.026678,0.245546,13.668878,3.959616,-22.320003,0.464421,9201.052206,0.533191,0,0.034389706,0.263809524,0.842522059,0.231884,2.968049,13.074091,1,0.003057,1.086466,0,0
0.220233,12.449881,46.545101,-1.100535136,0.332693,1.84008921,6.2971,3.079736,0.105432,18.927631,818,8,1,24,20,0,2,21,0,13.313434,0.055343,92.397164,66,-1180,6,411.742857,414.057143,174.171429,5.396405049,220.6119,6.496938627,663.1085,42.006236,1236.525626,0.026188,8.111037,2.425649,6.009954,-5.745395,0.282656,14504.66642,0.352686,0.198271862,0.036148699,0.155614035,0.004708543,0.722171,2.924623,15.898581,1,0.019909,1.914335,0,26
1.205267,113.029936,40.486765,0.697070474,2.007862,2.523814173,12.476092,2.483744,0.162101,6.213621,1239,1,7,44,6,0,1,43,0,4.202354,0.028771,103.412513,34,-1467.480844,10.049257,467.6,378.93,153.28,5.209170256,182.9422,4.512099836,91.11294,7.210733,554.360898,0.027946,0.740249,4.346915,1.915457,-4.505526,1.258463,2656.210769,0.170977,0,0.475527367,0.427142857,0,0.238532,0.480364,49.287078,1,0.002541,0.118118,0,0
0.303696,79.841778,28.95954,3.116289635,22.562509,3.566139142,35.379733,2.101145,0.22651,1.568076,210,1,16,83,15,0,1,45,0,2.36164,0.022188,95.187879,23,-1052,0,360.888889,408.566667,230.47037,6.588005008,726.3304,3.471715179,32.19191,15.115837,6720.576582,0.024033,3.381794,21.554868,6.608246,-19.349469,0.4142,10407.05188,0.525015,0,0.189621038,0.114993347,0.473941043,0,0.733647,310.166138,1,0.000209,2.718158,11075.77319,31
0.041507,18.126694,50.722633,2.846902106,17.234309,3.769054284,43.339059,2.944948,0.115304,2.514697,171,1,5,75,10,0,2,24,0,4.266744,0.073823,63.014881,26,-1221.15426,13.486099,538.251256,313.155779,148.743719,6.407156515,606.1676,3.560254292,35.17214,0.915074,582.531493,0.023145,0.070298,8.635407,2.537048,-4.026676,0.8222,7703.321031,0.455655,0,0.296175452,0.083166403,0.000726233,0.036561,9.073314,94.892749,4,0.002603,0.514361,0,49
0.02,20.956401,-33.988665,-0.78791071,0.454794,2.465905686,11.774141,4.925121,0.041226,25.888946,189,3,3,56,6,0,3,12,0,18.085591,0.217186,103.736434,90,-1308.144088,25.277212,654.610169,149.101695,196.720339,5.000424676,148.4762,5.788334998,326.469,16.023164,638.46844,0.018049,0.251344,15.633905,1.411295,-6.757588,0.427499,2434.012517,0.48932,0,0.180134766,0.348412698,0.152670376,1.589958,0.000229,1.027715,2,0.012574,0.036017,0,0
0.431085,-88.748432,37.953346,-3.847218895,0.021339,-0.20288637,0.816371,1.576489,0.402363,38.256403,140,3,11,102,9,0,5,74,0,3.338981,0.036178,84.878094,17,-1413,0,88.384615,703.923077,207.692308,1.610291348,5.004269,5.457487997,234.5076,1.043302,2696.5346,0.032474,0.686213,14.077877,3.546764,-7.963093,0.554248,8632.012179,0.417464,0,0.349309878,0.9925,0.234695535,0.030685,5.387731,6.777026,1,0.000978,0.995402,0,29
0.14,-119.501948,34.489993,-0.847275527,0.428581,1.756963207,5.794813,2.496998,0.160385,13.520934,681,1,1,82,13,0,5,77,0,12.544586,0.170991,83.467087,94,-1422.671119,20.327212,247.833333,481.333333,270.833333,3.588255758,36.17093,4.435531737,84.39699,21.797926,893.27972,0.020842,5.117672,15.094544,1.257902,-31.116474,0.537876,2958.364828,0.421921,0,0.005633803,0.295333333,0.079174491,0,0.008058,0.042165,1,0.068388,0.431748,0,0
0.550988,-87.644055,40.177379,1.259277701,3.522876,3.283244132,26.662128,4.007201,0.062276,7.568284,175,3,9,43,9,1,5,74,0,7.778601,0.072652,107.326087,38,-1413,0,185.493243,539.141892,275.027027,6.646342592,769.9631,5.387064694,218.5609,0.913649,2221.66223,0.035344,6.872666,10.966215,3.355451,-5.941718,0.85901,8814.470752,0.413,0,0,0,0,0,5.81532,18.171324,1,0.001125,0.051221,0,26
0.537838,67.92937,40.060895,2.553205825,12.848227,3.592235092,36.315153,2.857994,0.122427,2.826472,367,5,11,109,6,0,1,46,1,2.28157,0.014427,115.31733,29,-1520,19,260.09434,435.327044,304.58805,5.252409544,191.026,2.699203181,14.86788,5.715938,194.663749,0.040077,0.767262,12.511361,1.780128,-6.229704,0.186538,2205.731665,0.175354,0.216093272,0.571503596,0.062047204,0.000468046,0,4.582338,59.313749,1,0.001701,0.129546,0,0
0.623261564,-99.55382,35.560685,-2.861026571,0.05721,0.399984115,1.491801,1.759419,0.323044,26.075795,575,1,5,53,9,0,5,74,0,3.443776,0.026044,114.315068,13,-1650,12,439,336,225,1.540372895,4.66633,4.401396325,81.56468,2.055389,1582.177005,0.030224,2.295278,15.401253,2.107992,-7.838127,1.425,3262.217066,0.277,0,0.244266467,0.51,0,0,0.121169,0.081227,1,0.010877,0.051385,0,0
0.051104,115.814257,41.644047,1.734488696,5.66603,2.695905822,14.818936,1.756195,0.324231,2.6154,1409,1,7,51,27,0,1,43,0,2.217028,-0.021206,81.297664,19,-1141.018237,0.802432,518.5,271.561538,209.715385,6.655554372,777.0886,4.921065739,137.1487,7.187395,547.379041,0.031698,3.148575,1.319618,2.031125,-4.904522,1.666749,3617.667031,0.216052,0.00031606,0.08159352,0.293378531,0.00063405,0.011407,0.248056,41.152029,3,0.015559,0.11882,0,41
1.366867,101.674529,25.71265,0.913357233,2.492677,3.15093196,23.357823,4.173442,0.057413,9.370577,1499,9,5,1,5,0,1,43,0,5.285816,0.00528,108.474638,48,-1173.679907,1.908879,324.920245,374.846626,300.754601,3.966538842,52.80146,3.053181506,21.18263,9.908998,2376.228286,0.025106,4.722069,17.134708,3.717973,-5.789569,1.717222,4840.718347,0.418377,0,0.678650352,0.028385093,0.006459555,0.725396,0.033955,47.363007,2,0.020931,0.80645,0,0
0.068281,15.77142,49.85724,-1.704122288,0.181932,1.719551435,5.582024,3.691751,0.073373,30.681944,410,8,1,7,10,0,2,23,0,13.306783,0.189757,95.083333,61,-1410,1,380.631579,418.385965,201.035088,3.589221537,36.20588,5.293344522,199.0079,6.027527,592.88988,0.027247,0.982158,7.581269,2.673308,-4.098023,0.800335,6515.656828,0.456189,0,0.312524851,0.197575758,0.01453892,0.043478,6.111607,29.627811,2,0.013609,0.359761,0,0
0.048,114.32103,25.839833,3.906760422,49.737562,6.131674357,460.206065,18.407939,0.002951,9.252686,195,3,3,34,9,0,1,43,0,18.442584,0.080139,78.885768,167,-1380.900256,20.865275,358.035063,370.029338,271.903757,7.184967231,1319.446,3.27820681,26.52816,16.568518,5025.289515,0.024229,5.597968,17.390647,5.633163,-8.400471,0.23675,13006.56641,0.582281,0,0.146709574,0.170235659,0.238376231,0.151748,0.651215,116.62276,3,0.0398,2.519162,150.05432,35
0.230923416,-104.663764,35.046573,2.643172778,14.057735,4.030968601,56.315432,4.237062,0.055702,4.00601,1435,3,5,115,6,0,5,75,0,3.346508,0.027883,113,31,-1520,19,511.160079,278.703557,210.029644,8.813602669,6725.104,6.170430271,478.3919,6.956656,547.50155,0.026502,0.809175,10.220001,1.771822,-12.058599,1.903966,2464.594719,0.247048,0.000600733,0.007368814,0.763542914,0.036940341,0,0.708464,4.317651,3,0.00337,0.07512,0,39
0.203211,-96.075213,35.612389,0.879146134,2.408842,3.29498821,26.977096,4.903273,0.041594,11.199195,211,5,7,43,9,0,5,74,0,5.562532,0.066963,114.603372,39,-1495.555556,19.333333,389.377778,416.662222,193.431111,3.556678034,35.04658,2.677531885,14.54914,2.853386,2770.777175,0.036456,1.104613,16.501302,3.243152,-9.289455,0.846199,6397.781673,0.438375,0,0,0.169970238,0.30360757,2.920471,2.268152,4.501008,2,0.01508,0.708201,0,27
0.232917,69.70426,23.357692,1.760796011,5.817066,3.999336662,54.561945,6.381649,0.024555,9.379633,36,3,9,108,7,0,1,45,0,4.287617,0.035019,108.568106,43,-1520,19,514.002024,289.236842,196.856275,5.674985802,291.4842,3.914189856,50.10846,1.831214,2483.730128,0.025803,1.109507,26.514721,1.229163,-9.064254,2.76932,1441.150279,0.200393,0.008158845,0.297567238,0.512347354,0.000223497,0,9.975081,17.050967,3,0.004699,0.090697,0,42
6.599358974,-105.934639,36.01537,-3.388508231,0.033759,-0.026027804,0.974308,1.495887,0.446892,28.86101,1906,8,1,115,6,0,5,75,0,3.172525,-0.013962,106.788443,13,-1052,0,553,309,138,0.798445044,2.222083,4.186964764,65.8227,9.68125,378.59306,0.029972,3.618076,9.3755,1.48078,-5.609674,0.737481,1891.19375,0.148187,0,0,0.84,0.16,0,5.336123,6.750921,1,0.066558,0.017522,0,0
0.571429,101.508436,27.572445,0.434238489,1.543787,3.078209692,21.719483,4.931181,0.041124,14.068967,2384,5,1,44,16,0,1,43,0,7.07407,0.067512,96,88,-1171.315483,4.844005,356.033333,396.588889,247.45,5.605456786,271.9061,5.171218384,176.1293,24.433398,2216.801096,0.025733,1.637917,8.141686,6.455047,-6.561543,0.571841,8159.529466,0.489881,0,0.191616788,0.302303922,0.012184872,0,0,19.403572,1,0.011572,1.521705,0,32
0.121113,103.946142,29.84976,0.114297858,1.121086,3.414917726,30.414447,8.103182,0.01523,27.129456,436,1,7,6,15,0,1,43,0,12.149165,0.124334,78.99226,81,-1520,19,340.40493,406.411972,252.982394,3.710502482,40.87434,3.596204524,36.45959,7.617599,5416.310571,0.028681,5.075602,16.977879,4.160725,-4.149636,0.843886,13987.71652,0.540848,0,0.285436327,0.412176871,0.013541629,0.10854,0.003085,175.611101,2,0.045949,1.243944,0,34
0.919286,71.496009,22.237852,1.425735723,4.160918,3.026936614,20.633926,2.85353,0.12281,4.958984,124,2,9,98,5,0,1,45,0,1.892545,0.00026,101.484472,19,-1250,9,426.306122,291.75,282.02551,4.928062778,138.1117,3.50232696,33.1926,0.75295,3060.063547,0.028237,4.285876,27.267765,1.785391,-11.309056,1.863151,2363.924308,0.24981,0,0.98139239,0.020151515,0,0,5.427607,247.079565,3,0.002358,0.237471,0,31
0.081578947,-100.586295,30.636804,-2.872152737,0.056577,0.433480973,1.542618,1.829511,0.298765,27.265998,679,6,5,51,9,0,5,75,0,2.923695,0.01284,102.436585,13,-1052,0,134,416,450,2.971618868,19.5235,5.843778593,345.0808,1.123723,1376.870637,0.031211,0.587635,18.586621,1.827523,-8.30995,2.357685,2648.604616,0.255375,0,0,0.84,0.000397276,0,0,0.008003,1,0.00783,0.011986,0,0
0.044029851,48.256321,52.578235,6.982581492,1077.696845,6.700606522,812.898717,6.98527,0.020494,0.754293,23,3,16,48,18,0,2,28,1,3.251149,0.027583,113.35443,68,-1132.622743,1.718981,307.466647,430.97248,261.584505,11.23552067,75774.77,4.252939068,70.31176,2.397867,297.45826,0.029566,0.316672,4.814175,1.82088,-4.436207,0.61772,4756.398704,0.313699,3.51E-05,0.820395858,0.014361507,0.067118061,2.583333,5.078737,42.629815,7,0.000981,0.342649,897.628757,24
0.168067,-78.071361,38.478024,-1.001083662,0.367481,1.675984354,5.344053,2.486843,0.161697,14.542398,132,3,9,4,9,0,5,73,0,5.202766,0.057414,75.421053,32,-1650,12,303.196429,476.178571,220.482143,2.588047454,13.30377,3.589131768,36.20263,2.052046,2327.594595,0.02496,1.664173,13.266997,3.405147,-22.520713,0.594075,8438.6286,0.519357,0,0,0.408545455,0.294790298,0.125,10.186701,74.029178,2,0.003557,0.893165,0,41
0.019212,113.713489,28.479078,0.22308755,1.24993,2.308578994,10.060119,2.538372,0.155199,8.048545,294,3,9,4,9,0,1,43,0,15.697569,0.05604,84.073443,88,-1410,1,332.828571,383.371429,283.914286,2.898011942,18.13805,2.674924211,14.51125,24.673325,5294.284939,0.026495,1.47006,16.406268,6.720361,-4.918852,0.46297,14384.25843,0.547172,0,0.116604245,0.163550296,0.040961298,0.137119,0.000568,130.814363,1,0.013538,2.742912,0,0
1.191168,111.056883,34.745393,4.598662195,99.351314,5.922253905,373.252041,10.563564,0.008961,3.756891,316,1,5,37,6,0,1,43,0,6.588374,0.019093,105.532067,272,-1124.56839,0.67566,336.963554,460.780996,202.267816,9.392539421,11998.53,4.793877146,120.7687,6.209743,1503.577915,0.031985,6.311701,13.206914,2.717531,-5.257304,0.581075,4515.061714,0.299199,0,0.76626014,0.100450387,0.053008125,0,9.22571,816.915362,7,0.02608,0.112901,8107.549668,52
1.661515,7.071579,46.463811,-1.116554288,0.327406,1.220570891,3.389122,1.670857,0.358197,10.351449,860,6,1,33,10,0,2,23,0,16.498291,0.128397,109.692627,136,-1477.820268,13.204589,293,397.695652,309.304348,5.951724259,384.4156,7.068280172,1174.127,33.888215,1285.550561,0.027522,1.497059,1.881886,5.940414,-6.219022,0.302627,15739.28196,0.335573,0.049752179,0.01028812,0.17,0.024565281,0.123282,5.274458,32.421429,2,0.013472,3.93754,0,32
0.030960457,-78.362518,38.64167,-4.079672722,0.016913,-0.248067847,0.780307,1.692582,0.34906,46.13642,421,2,3,4,9,0,5,73,0,12.805409,0.035419,102.755102,46,-1052,0,277.636364,461.181818,261.181818,0.898073399,2.454869,4.977743577,145.1465,23.737705,2536.693151,0.027703,0.5757,10.892282,3.493082,-19.400658,0.639602,9949.095628,0.574,0,0,0.04,0.997868852,0,0.480973,5.785808,1,0.02779,1.195192,0,0
0.118972415,-83.364253,34.571968,-3.598782841,0.027357,-0.154720009,0.856655,1.46106,0.468451,31.314091,280,8,1,4,9,0,5,73,0,10.946147,0.045676,102.984362,57,-1410,1,483,278,239,2.18931471,8.929092,5.788102177,326.393,6.761679,3960.318507,0.024257,0.039465,15.450598,4.315009,-22.81499,0.452809,11020.58195,0.574553,0,0.023752969,0.303333333,0.877189232,0.307756,10.117627,16.076824,1,0.008284,1.895033,0,0
2.4,26.679164,46.713223,0.411859288,1.509622,3.632873018,37.821322,8.683556,0.013262,25.053497,205,3,7,58,19,0,2,22,0,1.135978,3.30E-05,109.556232,24,-1520,19,146.261029,453.988971,399.790441,7.203142094,1343.646,6.791282809,890.0546,8.658408,690.636392,0.029474,2.586471,7.212777,2.65651,-4.439013,0.664107,5822.661587,0.438974,0,0.510562427,0.297624521,0.27688154,0.084844,5.994947,122.488762,2,0.003514,0.311324,0,41
0.299,-84.647408,34.155289,3.704192878,40.617251,5.968799272,391.035861,17.308379,0.003338,9.627335,256,6,5,4,9,0,5,73,0,9.779602,0.116346,86.389858,125,-1375.500348,7.824089,368.574276,400.494067,230.914096,7.591150059,1980.59,3.886957268,48.76229,4.218883,3618.136952,0.024487,1.596064,15.363038,4.355737,-20.397346,0.192147,10407.72189,0.545093,0.001139477,0.009236491,0.095363255,0.467521862,0,19.979521,171.025626,5,0.02778,1.936949,33.792835,36
3.217391,24.648549,45.242169,-1.639134524,0.194148,1.432376338,4.188641,2.681645,0.139058,21.574433,498,3,1,58,10,0,2,22,0,12.115696,0.064227,111.453946,97,-1520,19,320.236842,347.342105,332.078947,4.94386994,140.3122,6.583002362,722.7059,16.007314,973.033134,0.027843,0.086673,7.401552,3.125344,-7.735576,0.439351,8042.648884,0.535706,0,0.215985458,0.157878788,0.556401497,0.479952,2.05478,42.908598,1,0.013365,0.760032,0,48
6.401179941,-123.05573,38.734083,2.306581397,10.040043,4.614108926,100.897881,8.98275,0.012393,10.049547,98,3,1,3,13,0,5,77,0,18.888253,0.114222,100.7,131,-1467.416046,10.395353,390.251114,389.829123,219.869242,5.821375566,337.4359,3.514794483,33.60902,16.600274,1770.012792,0.025295,1.025005,13.190986,3.09384,-27.621152,1.325667,6920.412837,0.550242,0,0.221221413,0.147298199,0.037020846,0,0.251516,0.947418,2,0.011339,1.895709,0,35
0.123077,-99.958574,39.794426,1.98500558,7.279088,3.470681217,32.158642,3.362438,0.088449,4.417949,703,1,5,53,9,0,5,74,0,3.354542,0.041453,113.666954,21,-1297.453632,6.190066,285.266968,454.972851,259.570136,7.480223547,1772.637,5.495217964,243.5246,1.242338,1170.907405,0.031085,2.484945,11.656236,1.952505,-7.417353,0.54204,3117.367365,0.227902,0,0.695745858,0.230915684,9.93E-05,2.712683,1.282965,3.944041,3,0.018828,0.039356,0,0
0.010909,11.708586,47.027811,0.123027924,1.130916,1.876133399,6.528214,1.731707,0.333466,5.772503,1731,8,1,44,31,0,2,22,0,15.027456,-0.092181,83.621359,119,-1144.574427,0.258588,406.493506,402.519481,190.987013,4.040502232,56.85489,3.91747432,50.27331,42.381423,805.393455,0.029269,3.311771,-0.773581,4.429533,-6.084766,0.096268,20740.80218,0.29912,0.385981735,0.025846978,0.103469388,0,0.196078,0.05807,8.485944,1,0.096726,2.92909,0,35
1.703112,112.509714,39.319953,0.569975087,1.768223,2.672998195,14.483328,3.072521,0.105928,8.190894,1066,1,13,53,6,0,1,43,0,1.823409,0.015642,101.265169,17,-1052,0,505.037975,346.126582,148.278481,4.932774648,138.764,4.362799472,78.47652,1.823065,688.840547,0.027563,0.560815,6.668467,2.061097,-4.196053,1.216926,2827.998707,0.170642,0,0.550682177,0.086896552,0,0.569794,22.402926,1425.596023,2,0.06819,0.114357,0,39
0.216339,116.274872,31.299817,3.066350184,21.463422,5.109750287,165.62899,10.08514,0.009832,7.716802,117,8,1,34,9,0,1,43,0,19.875066,0.124404,100.457921,179,-1367.385473,3.130726,328.017379,424.561188,247.393917,6.103815076,447.562,3.037465213,20.85232,16.554562,4717.552531,0.027757,14.413453,14.181401,5.44845,-4.360359,0.131709,11547.05205,0.527188,0,0.098214543,0.32266462,0.385126115,0.231211,0.204522,97.551066,4,0.135514,1.849887,433.430495,37
0.131898,115.175813,28.227994,0.578644446,1.783619,3.161043725,23.59521,4.983883,0.040259,13.228839,56,5,11,99,9,0,1,43,0,5.839082,-0.015562,81.908105,60,-1475.24666,16.431141,309.006452,402.922581,288.070968,1.606516249,4.985413,1.02787182,2.795111,3.456753,5528.062053,0.030651,1.607751,18.203054,5.994248,-5.504519,0.939841,11997.25948,0.417372,0,0.675402124,0.153819742,0.010106222,0.328999,1.569618,231.508875,1,0.00625,1.073934,0,0
0.132325,101.022963,42.02616,1.428689837,4.173228,3.243315215,25.618512,3.537634,0.079905,6.138775,928,1,16,37,8,0,1,47,1,1.614023,0.003838,99.203111,10,-1107.071252,0,401.337963,350.902778,247.949074,3.465543384,31.99384,2.036853536,7.666449,0.072412,61.87977,0.040812,0.415085,10.347034,0.147552,-6.935203,0.93454,176.061041,0.038,0.922410714,0.000781967,0.151104387,0,0,0.78829,2.85513,1,0.000304,0.012419,1375.778231,0
0.122449,-97.122938,38.401136,3.262968727,26.126986,4.437656131,84.576473,4.667668,0.045899,3.237131,412,5,15,53,9,0,5,74,0,3.326834,-0.001135,103.95614,28,-1394.964479,3.51134,137.299424,547.68906,315.005758,6.285007287,536.4682,3.022038218,20.5331,0.874998,2363.347412,0.03217,1.298618,13.254975,2.80442,-8.688053,0.925388,5078.719342,0.328953,0,0.530171323,0.08246261,0.004337206,0,1.55283,3.551093,1,0.00062,0.239166,0,46
1.221688401,-114.166341,38.10544,-2.16249277,0.115038,1.128621151,3.091391,2.571152,0.151267,26.872713,1809,7,11,115,19,0,5,77,0,1.922596,-0.007373,102.43898,15,-1078,3.545455,376.037037,381.074074,242.703704,6.225544478,505.4982,8.388034624,4394.173,8.64883,104.454948,0.029399,1.773222,8.419694,1.168604,-5.868014,0.862411,1897.954082,0.167815,0,0.001414503,0.901538462,0.040778777,0.057018,0,0.05326,1,0.003533,0.022194,0,0
0.095,61.538302,41.19273,3.869083729,47.898478,4.108387119,60.848497,2.480185,0.162567,1.270364,126,6,16,114,8,0,1,46,1,0.665292,-0.003951,126.666667,14,-1520,19,235.77572,449.213992,314.981481,5.013677994,150.4571,1.144594069,3.141166,1.022204,121.120023,0.034598,0.294353,14.575498,0.340392,-5.448085,2.016935,596.555661,0.10363,0.578870891,0,0.208548446,0.011475691,0,0.01828,15.809412,1,0,0.072752,0,0
0.851711,2.802246,35.728565,2.751058476,15.659198,3.592883041,36.338691,2.590476,0.149019,2.320597,629,5,16,109,12,0,3,15,0,1.722937,0.006267,113.250308,32,-1092.083333,1.627315,372.446154,356.403077,270.981538,9.960528821,21173.99,7.209470426,1352.176,2.238846,229.781646,0.032986,1.095315,15.255088,1.037802,-11.883554,0.963663,1664.319609,0.126243,0.570592237,0.338010968,0.029422992,0.0002452,0,0.909886,36.731922,2,0.003206,0.054783,0,36
0.219178082,-98.342913,32.166149,-1.860575928,0.155583,1.015984381,2.762081,1.975377,0.256271,17.753068,432,6,9,56,9,0,5,75,0,2.761927,-0.011589,110.50084,15,-1090,28,449.25,331.857143,218.892857,2.370013808,10.69754,4.230587858,68.75764,1.486413,2360.229181,0.032985,0.948644,18.520774,2.431184,-9.952589,1.51999,4185.250679,0.382005,0,0.055142663,1,0.008315217,0.002182,2.938032,3.979306,1,0.004133,0.166868,0,0
0.542041,78.352314,17.3113,2.848970313,17.26999,4.317603414,75.008648,5.091671,0.038573,4.343294,533,9,9,56,4,0,1,45,0,2.863487,-0.036247,109.171582,48,-1410,1,423.37046,257.414044,319.11138,6.766210839,868.0166,3.91724057,50.26156,1.444068,2976.032792,0.025439,5.983397,25.344302,2.624133,-10.226719,0.772741,3599.586355,0.324312,0,0.959712496,0.11999049,0.000755466,0.13881,8.342887,316.223499,4,0.004163,0.283883,0,36
